Name,Duration,AvgCpuPercent,MaxCpuUsage,DataPoints
discern-file-so,207.0,27.629760677797766,28.586527452140825,46
discern-proc-so,212.0,1.9853897317056468,2.153663919283105,45
kswapd0,230.0,0.5859519908502482,0.6139138993636406,46
jbd2/vda2-8,235.0,0.4747063074229398,0.558948794812321,46
systemd,244.0,0.4495816601569123,1.758326301661905,47
