Name,Duration,AvgCpuPercent,MaxCpuUsage,DataPoints
discern-file-so,161.0,41.21646561353628,79.87151292428939,32
discern-proc-so,161.0,2.882495755173743,5.3514530608512745,32
kswapd0,161.0,0.7173410609949027,0.7209172440742965,32
discern-network,161.0,0.5939358163751225,0.6005662306692144,32
systemd,169.0,0.3708612471187402,4.012393797603684,32
