Name,Duration,AvgCpuPercent,MaxCpuUsage,DataPoints
server.py,32.0,74.59844657295463,86.20560232705014,7
discern-file-so,63.0,30.621344365847516,31.207578281777874,14
discern-proc-so,63.0,2.8704400696419006,6.409094885060318,14
kswapd0,67.0,0.743587864818643,0.7559426247137389,14
python3,27.0,1.0106605261719426,1.8276685175977068,6
discern-network,36.0,0.6052141630828404,0.6085846720724682,8
jbd2/vda2-8,31.0,0.5363710227892919,0.5512954179089722,7
