Name,Duration,AvgCpuPercent,MaxCpuUsage,DataPoints
discern-file-so,195.0,29.01119638050796,29.407363388153048,42
discern-proc-so,194.0,2.174474230005619,2.6625330651494536,41
kswapd0,199.0,0.6575177313969486,0.6689464290505361,42
systemd,224.0,0.3511801804338798,1.9111787803455986,46
jbd2/vda2-8,205.0,0.26190038276832867,0.28201387462447985,39
