Name,Duration,AvgCpuPercent,MaxCpuUsage,DataPoints
discern-file-so,84.0,67.0268624910125,81.16743159900695,17
discern-proc-so,84.0,2.6127153649278982,6.59827693387942,17
jbd2/vda2-8,84.0,1.2997202542938093,1.4566418887289339,17
python3,32.0,2.9907038013640688,6.342058192835015,6
systemd,96.0,0.8201895741495301,1.5710713487813908,19
kswapd0,36.0,0.4404394164542624,0.4585118006218924,8
discern-network,4.0,0.3998569880387518,0.3998569880387518,1
