Name,Duration,AvgCpuPercent,MaxCpuUsage,DataPoints
discern-file-so,60.0,45.99201599276556,68.8560914370491,16
discern-proc-so,67.0,2.3645620392473883,2.6485681835463777,15
python3,33.0,4.2651934150096125,9.294000040174865,6
jbd2/vda2-8,77.0,1.2200578917279745,1.355364695235133,16
systemd,83.0,0.848297342833725,2.1644233285837684,17
kswapd0,44.0,0.5028860872014345,0.5703700116693291,10
