Name,Duration,AvgCpuPercent,MaxCpuUsage,DataPoints
discern-file-so,49.0,46.711117427409384,72.21455964158265,10
discern-proc-so,44.0,1.7387546310453308,2.529770450125083,9
kswapd0,45.0,0.7178237722828421,0.7304125808277045,10
systemd,57.0,0.45028907593005124,1.1286386184653097,13
jbd2/vda2-8,36.0,0.3539763482617362,0.36277260607092987,8
