Name,Duration,AvgCpuPercent,MaxCpuUsage,DataPoints
discern-file-so,104.0,56.6369524950781,68.58273092092472,22
server.py,70.0,41.05821212557891,44.59972508480874,13
discern-proc-so,103.0,2.1808505077061775,2.473352260737028,21
jbd2/vda2-8,108.0,1.4252100680188309,1.6510738701223302,22
discern-network,98.0,0.976070926910079,1.0806362058071666,20
systemd,38.0,0.9101107593201347,1.9887847284837636,9
python3,10.0,1.4715589294795546,1.754075561410036,2
kworker/u2,5.0,0.5528225626599262,0.5528225626599262,1
