Name,Duration,AvgCpuPercent,MaxCpuUsage,DataPoints
server.py,1659.0,66.26857853087982,72.23677822519976,317
discern-file-so,1696.0,31.664635705377737,78.28481262047404,325
discern-proc-so,1703.0,2.2577545292915793,2.3047922447467806,324
kswapd0,1712.0,0.7488693021238668,0.7508235979265221,325
discern-network,1617.0,0.4799590449359843,0.48215389120239505,306
sshd,63.0,0.5545550492912379,0.6804640219169513,12
python3,36.0,0.8157445179529372,1.2525444307051492,7
discern-logs-so,32.0,0.22369114518221875,0.23355349127717825,7
systemd,10.0,0.45806403141072033,0.601222177428676,2
