Name,Duration,AvgCpuPercent,MaxCpuUsage,DataPoints
server.py,38.0,81.25616026108736,89.2037675149001,7
discern-file-so,68.0,33.20475059450542,33.44872952922468,14
discern-proc-so,68.0,2.8539169829605,6.064945988926743,14
kswapd0,68.0,0.7990596062868492,0.8030859281982592,14
python3,33.0,1.139940745702358,1.8464805787470078,6
discern-network,35.0,0.5557542501728527,0.5576452422056531,8
jbd2/vda2-8,21.0,0.2589422648122786,0.26160104301802,5
systemd,9.0,0.4212507405650909,0.5838422490144303,2
