Name,Duration,AvgCpuPercent,MaxCpuUsage,DataPoints
discern-file-so,79.0,79.75339775584638,87.9267865139175,16
discern-proc-so,79.0,2.4013676669462463,4.585853517795623,16
python3,22.0,4.171235947784063,7.655193946278357,4
kswapd0,79.0,0.6040720033908631,0.6130819191888853,16
systemd,62.0,0.4472250920525398,1.8338181587894269,12
jbd2/vda2-8,74.0,0.3549777500132615,0.36363669324904646,15
sshd,0.0,,0.7890855747547783,1
