Name,Duration,AvgCpuPercent,MaxCpuUsage,DataPoints
server.py,33.0,68.82981473619785,81.72686609048506,7
discern-file-so,63.0,33.041660261946,33.29667277237437,14
discern-proc-so,67.0,2.7090252311899707,3.944619063087965,14
kswapd0,67.0,0.7954189741213731,0.8002410337379471,14
python3,32.0,1.0442268250333446,1.7105106993778152,6
discern-network,35.0,0.5597784259034503,0.5611845983121823,8
jbd2/vda2-8,27.0,0.2890453733649706,0.2923686822191044,6
systemd,3.0,0.3225770192395084,0.3225770192395084,1
