Name,Duration,AvgCpuPercent,MaxCpuUsage,DataPoints
discern-file-so,65.0,76.50462933868764,83.98808361258948,14
discern-proc-so,65.0,3.1511144087830893,11.762423349506607,14
systemd,65.0,0.5753874532045665,3.923521664217271,14
kswapd0,65.0,0.5751986677928967,0.5814138330462385,14
jbd2/vda2-8,65.0,0.31679585211130734,0.32203070041033055,14
