Name,TimeWeightedAvgVmSizeMiB,MaxVmPeakMiB,MaxVmHwmMiB,DataPoints,PeakDuration
dbus-daemon,18.23434627757353,19.16796875,13.99609375,32,136.0
discern-file-so,1525.1438914331898,1591.1171875,277.5,32,116.0
discern-logs-so,1205.4296875,1205.4296875,14.64453125,2,11.0
discern-network,1841.5859375,1841.5859375,36.75390625,32,120.0
discern-proc-so,1205.917335304054,1205.92578125,15.91796875,32,148.0
systemd-journal,49.2734375,49.2734375,13.765625,30,149.0
