Name,TimeWeightedAvgVmSizeMiB,MaxVmPeakMiB,MaxVmHwmMiB,DataPoints,PeakDuration
dbus-daemon,18.538556985294118,19.3984375,13.921875,32,170.0
discern-file-so,1513.6306182484568,1526.98828125,274.3984375,32,162.0
discern-logs-so,1205.4296875,1205.4296875,31.89453125,32,162.0
discern-network,1833.58203125,1833.58203125,39.0625,32,158.0
discern-proc-so,1205.92578125,1205.92578125,16.1484375,32,170.0
