Name,Duration,AvgCpuPercent,MaxCpuUsage,DataPoints
discern-file-so,118.0,57.41231949753076,88.7095653644321,31
discern-proc-so,134.0,2.4305124438576544,9.749037450722637,31
kswapd0,150.0,0.625834073372078,0.6384016572890309,31
discern-network,142.0,0.6534260064551998,0.6662504546214271,31
systemd-journal,153.0,0.4285094558540574,0.4392367931414312,30
systemd,5.0,0.8786057820951629,0.8786057820951629,1
