Name,Duration,AvgCpuPercent,MaxCpuUsage,DataPoints
discern-file-so,166.0,35.093124052754504,65.08550153629466,32
discern-proc-so,161.0,2.325829790427806,2.486946570433158,31
kswapd0,170.0,0.6818135347653689,0.6938846426004779,32
discern-network,170.0,0.6345181294236772,0.6455769627546596,32
jbd2/vda2-8,160.0,0.4641451446065128,0.4949980870367553,30
systemd,15.0,0.7601213740404276,0.9806088199780663,3
