Name,Duration,AvgCpuPercent,MaxCpuUsage,DataPoints
discern-file-so,71.0,33.241308360864544,33.463872418829986,15
server.py,37.0,38.98227376893113,41.82014157100502,7
discern-proc-so,71.0,2.6462486238093548,3.0738756819707502,15
kswapd0,71.0,0.7998739998648438,0.8031598654395817,15
python3,31.0,1.1863976489274246,1.5292178395269693,6
discern-network,40.0,0.5542973784497137,0.5581598154663477,9
systemd,12.0,1.2152710312287895,2.381445221040875,3
jbd2/vda2-8,22.0,0.2681867232550433,0.2706957062827669,5
