Name,Duration,AvgCpuPercent,MaxCpuUsage,DataPoints
discern-file-so,69.0,46.07343683611718,69.53772159955098,15
discern-proc-so,64.0,2.392680750849756,2.6513158777043464,14
kswapd0,69.0,0.7443855770504264,0.7505642362705293,15
systemd,98.0,0.4422926874631684,1.1725817807679741,21
systemd-journal,40.0,0.24037687213848855,0.24229259490807764,9
named,5.0,0.5525033378846873,0.5525033378846873,1
