Name,Duration,AvgCpuPercent,MaxCpuUsage,DataPoints
discern-file-so,49.0,68.87777397278435,84.66908094590455,13
discern-proc-so,51.0,1.8155848508779533,2.279595419508687,12
jbd2/vda2-8,57.0,1.4644035943636562,1.6203666889705048,13
systemd,63.0,0.9610361038519767,2.218016825354403,14
discern-network,61.0,0.577515297430964,0.670654202638152,13
