Name,TimeWeightedAvgVmSizeMiB,MaxVmPeakMiB,MaxVmHwmMiB,DataPoints,PeakDuration
discern-file-so,1459.0096209490741,1527.11328125,288.55078125,13,54.0
discern-logs-so,1205.4296875,1205.4296875,18.140625,13,62.0
discern-network,1897.9246875,1897.9609375,95.84765625,13,50.0
discern-proc-so,1205.92578125,1205.92578125,15.8671875,13,62.0
systemd-journal,58.08875868055556,65.3515625,21.8984375,13,54.0
