Name,TimeWeightedAvgVmSizeMiB,MaxVmPeakMiB,MaxVmHwmMiB,DataPoints,PeakDuration
discern-file-so,1524.1038773148148,1590.7421875,272.71875,13,54.0
discern-logs-so,1205.4296875,1205.4296875,14.7421875,13,62.0
discern-network,1889.850625,1889.890625,92.7265625,13,50.0
discern-proc-so,1205.92578125,1205.92578125,16.41015625,13,58.0
systemd-journal,52.68641493055556,57.28125,19.57421875,13,54.0
