Name,Duration,AvgCpuPercent,MaxCpuUsage,DataPoints
discern-file-so,55.0,71.0851491439873,85.60848822812126,13
discern-proc-so,50.0,1.866234563971529,2.2810932342728587,12
jbd2/vda2-8,55.0,1.5580631869052661,1.7159241779594951,13
systemd,70.0,0.9852290471621885,2.2799359742907854,15
kswapd0,43.0,0.4621667127728571,0.47095165893210006,9
discern-network,14.0,0.45327804932576476,0.4588667989830363,3
