Name,Duration,AvgCpuPercent,MaxCpuUsage,DataPoints
discern-file-so,49.0,49.311119179638666,76.51490696593002,10
discern-proc-so,44.0,1.6945725911805207,2.506348481624867,9
systemd,54.0,0.6657912290974619,1.3415189660619982,12
jbd2/vda2-8,45.0,0.6738785837886387,0.7120851801260076,10
kswapd0,39.0,0.6277391991492176,0.6566743350074062,9
