Name,TimeWeightedAvgVmSizeMiB,MaxVmPeakMiB,MaxVmHwmMiB,DataPoints,PeakDuration
discern-file-so,1512.7713727678572,1527.11328125,274.70703125,10,70.0
discern-logs-so,1205.4296875,1205.4296875,14.58984375,10,70.0
discern-network,1833.33203125,1863.44140625,35.19921875,10,70.0
discern-proc-so,1205.92578125,1205.92578125,15.98828125,10,70.0
named,406.5234375,406.5234375,19.7734375,10,70.0
