Name,Duration,AvgCpuPercent,MaxCpuUsage,DataPoints
discern-file-so,93.0,66.9423169154187,86.53922447739697,23
discern-proc-so,93.0,1.8197599806198186,2.1718310321185217,22
jbd2/vda2-8,111.0,1.2510152347236698,1.4920281257269485,23
systemd,122.0,0.797828434721656,1.4269064631492807,25
discern-network,110.0,0.525422217566239,0.6002127029096432,22
