Name,Duration,AvgCpuPercent,MaxCpuUsage,DataPoints
discern-file-so,145.0,40.24963255848762,80.51464493676248,33
discern-proc-so,140.0,2.7441303372295907,2.819110876817564,32
kswapd0,161.0,0.7161992636073637,0.720756597780769,33
discern-network,161.0,0.5938247692677031,0.5982419465086494,33
systemd,174.0,0.32362618012043776,2.5834250800151977,34
