Name,Duration,AvgCpuPercent,MaxCpuUsage,DataPoints
discern-file-so,1685.0,33.57578044870444,70.52212028837526,332
discern-proc-so,1697.0,2.8105444060285745,5.4535007819356665,332
kswapd0,1705.0,0.7367150409049713,0.7383525216331075,332
discern-logs-so,1717.0,0.26062059950636013,0.26930670579011134,332
discern-network,1701.0,0.156486035071715,0.15837279050353387,327
systemd,24.0,0.8782103856298984,2.7265067127331424,5
