Name,Duration,AvgCpuPercent,MaxCpuUsage,DataPoints
discern-file-so,77.0,30.994013978177126,32.21858809415265,16
discern-proc-so,71.0,2.5106336762912775,2.63324578038031,15
python3,28.0,5.331577377241904,13.946667199065192,6
jbd2/vda2-8,81.0,0.9390284185897686,1.0101691613140211,16
systemd,87.0,0.636476145364661,1.0299901942736192,17
kswapd0,43.0,0.5481834122033437,0.5706551015982978,9
discern-network,6.0,0.36988707866168274,0.36988707866168274,1
