Name,Duration,AvgCpuPercent,MaxCpuUsage,DataPoints
discern-file-so,1063.0,40.118247903672085,88.60424288856963,207
discern-proc-so,1067.0,2.558807529893303,4.186730153544927,207
kswapd0,1071.0,0.6966346070915417,0.7159255678456293,207
jbd2/vda2-8,1065.0,0.40799923592289844,0.5249303850898992,206
python3,430.0,0.7536912152592331,10.870474527234988,82
discern-logs-so,551.0,0.2570336089909904,0.26486524115914184,107
systemd,96.0,0.4109681017601823,2.093151923079614,19
