Name,TimeWeightedAvgVmSizeMiB,MaxVmPeakMiB,MaxVmHwmMiB,DataPoints,PeakDuration
discern-file-so,1527.36328125,1527.36328125,296.75390625,16,70.0
discern-logs-so,1205.4296875,1205.4296875,14.953125,12,53.0
discern-network,1897.8984375,1897.8984375,85.40625,16,70.0
discern-proc-so,1205.92578125,1205.92578125,16.390625,16,70.0
python3,687.6397879464286,992.57421875,52.875,6,28.0
systemd-journal,57.2421875,57.2421875,18.0859375,14,63.0
