Name,Duration,AvgCpuPercent,MaxCpuUsage,DataPoints
discern-file-so,196.0,26.707839024901382,27.52183249860947,40
discern-proc-so,195.0,2.022545300415035,2.130924654061147,39
kswapd0,210.0,0.5902178544495638,0.6202370341434778,40
jbd2/vda2-8,214.0,0.49461313552883784,0.5707102793621267,40
systemd,219.0,0.46540617345723045,1.7935582054123878,41
