Name,Duration,AvgCpuPercent,MaxCpuUsage,DataPoints
discern-file-so,109.0,73.5904514891127,91.75530320558045,24
discern-proc-so,112.0,1.8544430822458062,2.3142218662975336,23
jbd2/vda2-8,117.0,1.3419965675951435,1.603159711534949,24
systemd,127.0,0.8127566265586585,1.9379547620390483,26
discern-network,112.0,0.5037556844871666,0.5768869733586616,22
kswapd0,0.0,,0.4526173747376685,1
