Name,Duration,AvgCpuPercent,MaxCpuUsage,DataPoints
discern-file-so,70.0,29.149571370694684,29.931560120659068,14
server.py,38.0,48.86218333871001,66.59025330388528,7
discern-proc-so,64.0,2.279403921701752,2.3879986804818887,13
jbd2/vda2-8,70.0,0.7725773987159438,0.8086132470818033,14
python3,32.0,1.4652532717281714,2.271703385312818,6
kswapd0,38.0,0.7028332417837018,0.7198759667949668,8
discern-network,27.0,0.6574537828890468,0.6604122187460227,6
systemd,11.0,0.6477087941163135,0.838215749847789,2
