Name,Duration,AvgCpuPercent,MaxCpuUsage,DataPoints
discern-file-so,106.0,73.24665164623121,88.563338636563,24
discern-proc-so,114.0,2.085424904154602,4.005351277477951,24
jbd2/vda2-8,118.0,1.3295859077548915,1.5816162097572157,24
systemd,129.0,0.765888169145473,1.0011256987728483,26
kswapd0,77.0,0.42916409379995596,0.4687021749466748,16
discern-network,30.0,0.5007788847628266,0.5489086428293073,6
