Name,Duration,AvgCpuPercent,MaxCpuUsage,DataPoints
discern-file-so,59.0,80.684708117961,90.34580752232837,13
discern-proc-so,54.0,1.914376125647596,2.0344475734841945,12
python3,11.0,7.874182781230806,10.604799661316974,2
jbd2/vda2-8,59.0,0.745562639335536,0.777719398339829,13
systemd,58.0,0.5479524167671971,0.8481620886266237,13
kswapd0,49.0,0.5057039559370703,0.5146648754212941,11
discern-network,5.0,0.36425691914052966,0.36425691914052966,1
