Name,Duration,AvgCpuPercent,MaxCpuUsage,DataPoints
discern-file-so,58.0,82.75190668566094,92.38473382091834,13
discern-proc-so,53.0,1.9782499122456163,2.3243522576945455,12
python3,10.0,8.606232848672008,11.464933157435716,2
jbd2/vda2-8,58.0,0.7171282380875383,0.7471663408458106,13
systemd,58.0,0.5648669608063642,0.9551040531854812,13
kswapd0,48.0,0.5433770497482288,0.552702382262527,11
discern-network,5.0,0.3599285793237549,0.3599285793237549,1
