Name,TimeWeightedAvgVmSizeMiB,MaxVmPeakMiB,MaxVmHwmMiB,DataPoints,PeakDuration
discern-file-so,1426.5510460805085,1462.609375,273.359375,13,59.0
discern-logs-so,1205.4296875,1205.4296875,16.62109375,11,48.0
discern-network,1898.2734375,1898.2734375,92.4375,13,59.0
discern-proc-so,1205.92578125,1205.92578125,16.13671875,13,59.0
python3,781.0401278409091,1024.58984375,47.20703125,2,11.0
systemd-journal,57.27734375,57.27734375,19.5390625,13,59.0
