IP_A,IP_B,TotalPackets,TotalBytes,TotalActiveSeconds,AvgRateMbps,PeakRateMbps
10.10.10.1,10.10.10.1,1847,592524,13,0.3646301538461538,1.5256
10.10.10.2,10.10.10.2,1492,164643,13,0.10131876923076923,0.135
172.30.0.12,172.30.0.12,216,50391,13,0.031009846153846155,0.078064
192.168.254.2,192.168.254.2,154,40764,8,0.040764,0.079312
142.250.101.109,142.250.101.109,41,11130,4,0.02226,0.03988
172.30.0.1,172.30.0.1,46,5190,8,0.00519,0.013848
104.26.12.205,104.26.12.205,10,1534,1,0.012272,0.012272
34.117.59.81,34.117.59.81,7,1227,1,0.009816,0.009816
fe80::3c5f:3dff:feee:792a,fe80::3c5f:3dff:feee:792a,2,142,1,0.001136,0.001136
