Name,Duration,AvgCpuPercent,MaxCpuUsage,DataPoints
discern-file-so,58.0,82.60565741145442,93.79901319907425,12
python3,11.0,10.050968363312329,13.52119043584837,2
discern-proc-so,52.0,1.955289288553386,2.1113319890274673,11
jbd2/vda2-8,58.0,1.052662876836917,1.125741872642808,12
systemd,58.0,0.7456603494204471,1.1263874651421728,12
kswapd0,47.0,0.5024054721242563,0.523668696366214,10
discern-network,6.0,0.4018720192136185,0.4018720192136185,1
