Name,TimeWeightedAvgVmSizeMiB,MaxVmPeakMiB,MaxVmHwmMiB,DataPoints,PeakDuration
discern-file-so,1441.4410695043102,1526.92578125,278.5859375,12,58.0
discern-logs-so,1205.4296875,1205.4296875,20.66015625,12,58.0
discern-network,1898.2734375,1898.2734375,89.6796875,12,58.0
discern-proc-so,1205.92578125,1205.92578125,16.02734375,10,47.0
python3,777.3149857954545,1008.484375,47.390625,2,11.0
systemd-journal,71.390625,71.390625,21.9765625,12,58.0
