Name,TimeWeightedAvgVmSizeMiB,MaxVmPeakMiB,MaxVmHwmMiB,DataPoints,PeakDuration
discern-file-so,1534.3001644736842,1590.8046875,279.33984375,12,57.0
discern-jupyter,,1205.33203125,10.515625,1,0.0
discern-logs-so,1205.4296875,1205.4296875,14.8828125,9,47.0
discern-network,1898.2734375,1898.2734375,92.4375,12,57.0
discern-proc-so,1205.92578125,1205.92578125,15.68359375,12,57.0
python3,781.330078125,1024.58984375,47.03125,2,10.0
systemd-journal,57.27734375,57.27734375,19.5390625,12,57.0
