Name,Duration,AvgCpuPercent,MaxCpuUsage,DataPoints
discern-file-so,75.0,48.43192936413691,72.72472028164256,17
discern-proc-so,74.0,2.7449506429054744,3.3074975267277686,16
python3,27.0,3.6035302202785338,7.427845910397287,6
kswapd0,79.0,0.8235792643734624,0.8292602842932719,17
discern-network,78.0,0.3214662686952393,0.32415011438084235,16
systemd,62.0,0.3886889971993814,1.0016505789213308,13
