Name,Duration,AvgCpuPercent,MaxCpuUsage,DataPoints
discern-file-so,71.0,30.837883553521294,31.31205534930962,16
discern-proc-so,71.0,2.6425231344898292,3.2494787074556672,16
python3,33.0,5.283039059895633,10.907496429496222,6
kswapd0,71.0,0.6722810815047282,0.6816791931093094,16
jbd2/vda2-8,69.0,0.4009350353611729,0.4138074636670426,15
systemd,22.0,0.6997981381775262,1.8405815924196944,5
discern-network,20.0,0.35482210922740925,0.3571483882533615,5
sshd,6.0,0.5320222455185069,0.5320222455185069,1
