Name,Duration,AvgCpuPercent,MaxCpuUsage,DataPoints
discern-file-so,167.0,26.917106514699636,27.807478766700854,40
discern-proc-so,182.0,2.244743502549736,2.4934577340191484,40
jbd2/vda2-8,194.0,0.5382811858888832,0.6198736413064386,40
kswapd0,186.0,0.5463653045532776,0.5814026359008901,40
systemd,205.0,0.45382641446918587,1.591372977397867,39
sshd,1.0,1.08848303874788,1.08848303874788,1
