Name,TimeWeightedAvgVmSizeMiB,MaxVmPeakMiB,MaxVmHwmMiB,DataPoints,PeakDuration
discern-file-so,1490.8303760593221,1527.36328125,297.66796875,13,59.0
discern-logs-so,1205.4296875,1205.4296875,20.50390625,12,54.0
discern-network,1898.0583951271187,1898.2734375,89.6796875,13,59.0
discern-proc-so,1205.92578125,1205.92578125,16.59375,12,57.0
python3,748.7819602272727,968.46484375,47.10546875,2,11.0
systemd-journal,57.014234639830505,71.390625,21.9765625,13,59.0
