Name,Duration,AvgCpuPercent,MaxCpuUsage,DataPoints
discern-file-so,41.0,76.88504727080607,88.54079186539984,11
discern-proc-so,45.0,2.738954531221622,6.131543485102606,11
jbd2/vda2-8,49.0,1.4553713007208386,1.5712978825941624,11
python3,11.0,6.446771545618983,8.288287660236863,2
systemd,49.0,0.837402149202265,0.8885472420189259,11
discern-network,42.0,0.5189733993763683,0.5691482692743789,9
