Name,TimeWeightedAvgVmSizeMiB,MaxVmPeakMiB,MaxVmHwmMiB,DataPoints,PeakDuration
discern-file-so,1447.3854166666667,1527.11328125,297.4296875,11,51.0
discern-logs-so,1205.4296875,1205.4296875,14.65625,9,43.0
discern-network,1840.2539828431372,1898.2109375,85.484375,11,51.0
discern-proc-so,1205.92578125,1205.92578125,15.87109375,11,55.0
python3,721.287109375,1000.578125,46.81640625,2,12.0
systemd-journal,51.74737215909091,57.27734375,19.5390625,11,55.0
