Name,Duration,AvgCpuPercent,MaxCpuUsage,DataPoints
discern-file-so,54.0,73.28068986034033,85.8247686617522,13
discern-proc-so,58.0,2.1449678976537583,4.157021552189645,13
jbd2/vda2-8,58.0,1.4040124181639542,1.5573722281027198,13
python3,11.0,7.035337195170469,9.065576507111775,2
systemd,68.0,0.9550056490740528,1.556834929057134,14
kswapd0,27.0,0.4776612102346121,0.48356571243318686,6
discern-network,18.0,0.49124338507478427,0.5031325271385427,4
