Name,Duration,AvgCpuPercent,MaxCpuUsage,DataPoints
discern-file-so,68.0,46.78028650812899,85.11724286380142,15
discern-proc-so,72.0,3.015955847050115,4.321060981214356,15
kswapd0,72.0,0.7824779928159153,0.7879618422930057,15
systemd,108.0,0.4533496670419043,2.1608306341863677,22
jbd2/vda2-8,36.0,0.1816664938973992,0.18310472487408783,8
