Name,Duration,AvgCpuPercent,MaxCpuUsage,DataPoints
discern-file-so,81.0,72.82359869645192,81.63187998332573,17
discern-proc-so,81.0,2.738717311932703,5.369074959900684,17
python3,22.0,3.9252078255911016,7.2336105716271195,4
kswapd0,81.0,0.5500417300348117,0.5632152210905187,17
jbd2/vda2-8,81.0,0.5369419547975641,0.5592672436870251,17
systemd,59.0,0.6538707899402602,2.68414887664312,12
sshd,0.0,,0.6798241135395571,1
