IP_A,IP_B,TotalPackets,TotalBytes,TotalActiveSeconds,AvgRateMbps,PeakRateMbps
10.10.10.4,10.10.10.4,1170,1405967,24,0.4686556666666667,10.2062
10.10.10.1,10.10.10.1,1367,397462,23,0.13824765217391305,1.334408
172.30.0.15,172.30.0.15,153,32854,10,0.0262832,0.07632
192.168.254.2,192.168.254.2,114,30422,7,0.034768,0.078416
172.30.0.1,172.30.0.1,30,3562,6,0.004749333333333334,0.013328
34.117.59.81,34.117.59.81,9,2108,2,0.008432,0.008664
104.26.12.205,104.26.12.205,10,1542,2,0.006168,0.011792
