Name,Duration,AvgCpuPercent,MaxCpuUsage,DataPoints
discern-file-so,78.0,28.072757891236577,28.233327288767992,16
discern-proc-so,78.0,2.7420071089248514,4.238444859876716,16
python3,32.0,4.412373688337511,9.783838917504335,6
kswapd0,78.0,0.7080027495082611,0.712483146247566,16
discern-network,78.0,0.3357587202012614,0.3382606305283779,16
systemd,46.0,0.2823647729289622,0.5820300915668656,10
