Name,Duration,AvgCpuPercent,MaxCpuUsage,DataPoints
discern-file-so,137.0,38.3209905111877,70.97745935328996,32
discern-proc-so,149.0,2.492307519873558,4.222372705396064,32
discern-network,149.0,0.9969330138955038,1.0077833182451603,32
kswapd0,153.0,0.7814677961461326,0.7880438832476193,32
jbd2/vda2-8,118.0,0.34218811110516495,0.35196595821851706,23
flooder,31.0,0.5067411126140353,0.6769793789739784,6
systemd,16.0,0.6252703680679459,0.7778460002593043,3
