Name,Duration,AvgCpuPercent,MaxCpuUsage,DataPoints
discern-file-so,202.0,29.98952619433226,30.940980170139213,43
discern-proc-so,211.0,2.0414776658526614,2.416067945348922,43
kswapd0,211.0,0.5648788084179237,0.595286548043407,43
systemd,225.0,0.4438607416161213,1.2081055293807346,43
jbd2/vda2-8,225.0,0.4286574204268563,0.500625883014096,43
