Name,Duration,AvgCpuPercent,MaxCpuUsage,DataPoints
discern-file-so,48.0,30.24296177003393,30.50521097447995,11
discern-proc-so,48.0,3.06788506104971,6.6329466496566605,11
python3,10.0,8.22440653612869,10.75906302100292,2
kswapd0,51.0,0.7475661314025401,0.7526993758989969,11
discern-network,46.0,0.4095434420494065,0.41229333262664863,10
systemd,11.0,0.8110781503070009,1.2907648099930888,3
jbd2/vda2-8,32.0,0.27660549134988066,0.27784694199091403,7
