Name,Duration,AvgCpuPercent,MaxCpuUsage,DataPoints
discern-file-so,79.0,50.326326529986915,75.70441746679549,17
discern-proc-so,79.0,2.815482795278276,4.742188940408135,17
python3,32.0,3.410752069632808,7.527697357627984,6
kswapd0,79.0,0.8263948714299628,0.8310860645658171,17
discern-network,77.0,0.31990607905092017,0.3225594655995867,16
systemd,57.0,0.4229099450068981,1.3546312908064557,12
