IP_A,IP_B,TotalPackets,TotalBytes,TotalActiveSeconds,AvgRateMbps,PeakRateMbps
172.30.0.12,172.30.0.12,122,33083,7,0.03780914285714286,0.076632
192.168.254.2,192.168.254.2,113,30340,6,0.040453333333333334,0.080528
172.30.0.1,172.30.0.1,20,2186,4,0.004372,0.006168
fe80::2cdb:f0ff:fe8a:6c92,fe80::2cdb:f0ff:fe8a:6c92,2,142,1,0.001136,0.001136
fe80::4c60:4cff:feba:325e,fe80::4c60:4cff:feba:325e,2,142,1,0.001136,0.001136
fe80::54a0:e8ff:fed6:9ec1,fe80::54a0:e8ff:fed6:9ec1,2,142,1,0.001136,0.001136
fe80::dca0:d4ff:fe48:5ffd,fe80::dca0:d4ff:fe48:5ffd,2,142,1,0.001136,0.001136
fe80::fcca:c7ff:fe0e:3707,fe80::fcca:c7ff:fe0e:3707,2,142,1,0.001136,0.001136
