Name,Duration,AvgCpuPercent,MaxCpuUsage,DataPoints
discern-file-so,36.0,34.332073764406346,34.57338923065137,10
server.py,11.0,82.28642798603458,88.34864640310566,3
discern-proc-so,40.0,2.9364086699530585,4.796676596909644,10
kswapd0,44.0,0.8067969325642571,0.8118854784606594,10
jbd2/vda2-8,29.0,0.3712996841276132,0.3742629302951937,7
discern-network,29.0,0.36168767670276913,0.36326673869619647,7
python3,11.0,0.5938409609071977,1.0053399234494647,3
