Name,Duration,AvgCpuPercent,MaxCpuUsage,DataPoints
discern-file-so,66.0,79.2149249268026,90.33911824704933,14
discern-proc-so,66.0,2.231663815712178,5.943769724942201,14
kswapd0,66.0,0.5726848054584536,0.5798586012888731,14
systemd,66.0,0.5257358414690269,2.378753902613387,14
jbd2/vda2-8,66.0,0.3574940492979074,0.36487853414491633,14
