IP_A,IP_B,TotalPackets,TotalBytes,TotalActiveSeconds,AvgRateMbps,PeakRateMbps
10.10.10.1,10.10.10.1,1712,490425,20,0.19617,1.400128
10.10.10.3,10.10.10.3,1484,167770,19,0.07064,0.114656
172.30.0.14,172.30.0.14,200,43238,11,0.03144581818181818,0.082032
192.168.254.2,192.168.254.2,148,37230,7,0.04254857142857143,0.077392
172.30.0.1,172.30.0.1,47,5325,8,0.005325,0.010896
34.117.59.81,34.117.59.81,10,2176,1,0.017408,0.017408
104.26.13.205,104.26.13.205,10,1536,2,0.006144,0.010016
