Name,TimeWeightedAvgVmSizeMiB,MaxVmPeakMiB,MaxVmHwmMiB,DataPoints,PeakDuration
dbus-daemon,16.73046875,16.859375,11.24609375,2,5.0
discern-file-so,1510.3543683978874,1591.1796875,292.109375,15,71.0
discern-logs-so,1205.4296875,1205.4296875,13.87109375,10,51.0
discern-network,1833.83203125,1863.1875,66.41796875,15,63.0
discern-proc-so,1205.92578125,1205.92578125,16.12890625,15,71.0
python3,678.1491477272727,1008.4921875,48.85546875,3,11.0
systemd-journal,49.27734375,49.27734375,13.6171875,15,71.0
