Name,Duration,AvgCpuPercent,MaxCpuUsage,DataPoints
discern-file-so,73.0,74.50357492170733,84.48169704574696,15
discern-proc-so,73.0,2.2093765952299176,4.229710522566615,15
python3,21.0,3.570490851467633,6.4289527563666296,4
jbd2/vda2-8,73.0,0.7163514025729161,0.7562167453416743,15
kswapd0,73.0,0.5843757953520705,0.602793095643756,15
systemd,52.0,0.6863417045646857,2.1136216594106636,11
