Name,TimeWeightedAvgVmSizeMiB,MaxVmPeakMiB,MaxVmHwmMiB,DataPoints,PeakDuration
dbus-daemon,15.8203125,15.8203125,10.33203125,1,5.0
discern-file-so,1451.0187821061643,1590.7421875,289.703125,15,73.0
discern-logs-so,1205.4296875,1205.4296875,18.5703125,15,73.0
discern-network,1905.96484375,1905.96484375,99.80078125,15,73.0
discern-proc-so,1205.92578125,1205.92578125,16.32421875,15,73.0
python3,688.3671875,984.51171875,48.41796875,4,21.0
systemd-journal,66.96899933510639,71.39453125,14.89453125,10,47.0
