Name,Duration,AvgCpuPercent,MaxCpuUsage,DataPoints
discern-file-so,73.0,82.25241800944664,91.20787551950826,15
discern-proc-so,68.0,1.9389276514973044,2.1325192291505743,14
python3,16.0,3.658905807416211,5.7392012640953,3
kswapd0,73.0,0.5685038990298246,0.5838267856280517,15
jbd2/vda2-8,73.0,0.5451030131178279,0.5691675918706596,15
systemd,62.0,0.5776426213607867,2.0606810903792305,13
