Name,Duration,AvgCpuPercent,MaxCpuUsage,DataPoints
discern-file-so,1696.0,28.956272635075994,70.64020415775319,333
discern-proc-so,1708.0,2.4689985458255403,5.240336202992094,333
kswapd0,1708.0,0.7667063717153622,0.7697416723565292,333
python3,812.0,0.5539371720262222,8.862068080104963,157
discern-logs-so,1701.0,0.24537122730493185,0.26007956247901426,331
discern-network,876.0,0.18975670702415537,0.19122922248602178,170
systemd,16.0,0.4770009280230849,0.8861542698501055,3
jbd2/vda2-8,23.0,0.19459093529256105,0.19479203204959555,5
