Name,TimeWeightedAvgVmSizeMiB,MaxVmPeakMiB,MaxVmHwmMiB,DataPoints,PeakDuration
dbus-daemon,47.68675271739131,54.17578125,47.5859375,333,1725.0
discern-file-so,1589.5846301205695,1591.7421875,341.609375,333,1721.0
discern-logs-so,1205.4296875,1205.4296875,21.92578125,333,1725.0
discern-network,1842.1484375,1842.1484375,78.921875,333,1721.0
python3,659.682027520883,1112.87890625,46.38671875,322,1676.0
systemd-journal,96.57708864795919,113.23828125,22.42578125,11,49.0
