Name,Duration,AvgCpuPercent,MaxCpuUsage,DataPoints
discern-file-so,1688.0,40.164934037629116,89.02168259702934,333
discern-proc-so,1696.0,2.382493574095705,5.02656148184641,333
kswapd0,1700.0,0.7158467539512742,0.7201612128587748,333
discern-logs-so,1707.0,0.329804891818543,0.3466172703770186,332
discern-network,1308.0,0.22487230242683348,0.22753956656232294,253
python3,404.0,0.7128653228432891,10.320668180640375,78
systemd,13.0,0.717660415683839,0.9644323786002672,3
