Name,TimeWeightedAvgVmSizeMiB,MaxVmPeakMiB,MaxVmHwmMiB,DataPoints,PeakDuration
dbus-daemon,47.604733727810654,54.16796875,47.25,333,1690.0
discern-ansible,1205.34375,1205.34375,11.03125,2,10.0
discern-cpu-sor,1205.359375,1205.359375,11.61328125,1,5.0
discern-file-so,1582.7398786188178,1591.6796875,305.52734375,333,1658.0
discern-logs-so,1205.4296875,1205.4296875,49.62890625,333,1706.0
discern-network,1898.2734375,1898.2734375,93.78515625,333,1666.0
discern-proc-so,1205.92578125,1205.92578125,15.015625,5,24.0
python3,659.2651013360507,984.4609375,46.48828125,322,1656.0
systemd-journal,135.2890625,143.2109375,22.08984375,3,11.0
