IP_A,IP_B,TotalPackets,TotalBytes,TotalActiveSeconds,AvgRateMbps,PeakRateMbps
192.168.254.2,192.168.254.2,114,33648,6,0.044864,0.074336
172.30.0.15,172.30.0.15,126,32596,6,0.04346133333333333,0.07444
172.30.0.1,172.30.0.1,15,1660,4,0.00332,0.005464
fe80::1270:fdff:fe57:dd8,fe80::1270:fdff:fe57:dd8,2,142,1,0.001136,0.001136
fe80::187e:26ff:fe02:f03b,fe80::187e:26ff:fe02:f03b,2,142,1,0.001136,0.001136
fe80::2482:7bff:fe54:35ba,fe80::2482:7bff:fe54:35ba,2,142,1,0.001136,0.001136
fe80::7803:81ff:fe22:7862,fe80::7803:81ff:fe22:7862,2,142,1,0.001136,0.001136
fe80::b00b:eff:fe45:c974,fe80::b00b:eff:fe45:c974,2,142,1,0.001136,0.001136
fe80::d084:f9ff:fed2:4099,fe80::d084:f9ff:fed2:4099,2,142,1,0.001136,0.001136
