Name,Duration,AvgCpuPercent,MaxCpuUsage,DataPoints
discern-file-so,108.0,67.10543529205694,85.63783463304411,24
discern-proc-so,116.0,1.910011920345562,3.9736580064825886,24
jbd2/vda2-8,118.0,1.2514854764632084,1.4976910588990353,23
systemd,135.0,0.9073947929211091,2.77667435823975,26
kswapd0,95.0,0.4228581071997829,0.4610717805173824,19
discern-network,6.0,0.40142597962941434,0.40142597962941434,1
