Name,Duration,AvgCpuPercent,MaxCpuUsage,DataPoints
discern-file-so,52.0,46.910085784001396,74.16893714907445,10
discern-proc-so,52.0,2.0242738144672887,5.629360474476728,10
systemd,47.0,0.7170580480047454,1.8760700452776466,10
kswapd0,48.0,0.6580617357125599,0.685888362019929,10
jbd2/vda2-8,47.0,0.5664542577137114,0.5920877916936798,10
