Name,TimeWeightedAvgVmSizeMiB,MaxVmPeakMiB,MaxVmHwmMiB,DataPoints,PeakDuration
dbus-daemon,16.552045036764707,16.98046875,11.62109375,9,68.0
discern-file-so,1467.679901541096,1526.98828125,273.90234375,10,73.0
discern-logs-so,1205.4296875,1205.4296875,14.58984375,1,5.0
discern-network,1833.33203125,1863.44140625,35.19921875,10,73.0
discern-proc-so,1205.92578125,1205.92578125,15.98828125,10,73.0
named,406.5234375,406.5234375,19.7734375,10,73.0
