Name,Duration,AvgCpuPercent,MaxCpuUsage,DataPoints
discern-file-so,76.0,30.78414237208599,31.055517208232235,17
discern-proc-so,76.0,2.898750773767947,4.243213016635043,17
python3,27.0,5.33907808743297,13.559353119920758,6
kswapd0,80.0,0.6916243864461483,0.6973975946315701,17
discern-network,75.0,0.34441144720321504,0.3497214819707589,15
systemd,13.0,1.5058668487101896,3.5951818350935536,4
jbd2/vda2-8,41.0,0.29733591675248894,0.3029738341224008,8
sshd,0.0,,1.1991990889857205,1
