Name,Duration,AvgCpuPercent,MaxCpuUsage,DataPoints
discern-file-so,55.0,68.40024172717104,79.90314545348285,13
server.py,17.0,34.59884153967842,39.87871930095534,4
discern-proc-so,59.0,2.495169858659155,3.72243653468124,13
kswapd0,53.0,0.5388784281117862,0.5444033774437576,12
python3,22.0,0.9022262528355328,1.1659898273132467,4
jbd2/vda2-8,43.0,0.3586025770568185,0.3635570201024964,10
discern-network,31.0,0.3639153786847555,0.36800310752871096,7
systemd,7.0,0.8710568891870916,1.0682652156968142,2
