Name,Duration,AvgCpuPercent,MaxCpuUsage,DataPoints
discern-file-so,1680.0,34.727918580655086,83.77061863907423,332
discern-proc-so,1696.0,2.7634679468939787,4.013395530328555,332
kswapd0,1708.0,0.7379158164562936,0.7391711681009683,332
discern-logs-so,1716.0,0.27724940725263486,0.28590935067812656,332
discern-network,1698.0,0.15682330412931741,0.15799390197641086,327
systemd,26.0,0.9225163158942015,2.006497750014751,5
