Name,Duration,AvgCpuPercent,MaxCpuUsage,DataPoints
discern-file-so,77.0,82.95787314114304,91.99755674933176,16
discern-proc-so,77.0,2.5784451076506736,5.051849131537122,16
python3,22.0,4.016398810724214,7.560832153108573,4
kswapd0,77.0,0.6333801912215937,0.640757230755661,16
systemd,40.0,0.7959403024412823,2.106707188140122,8
jbd2/vda2-8,66.0,0.293964363281918,0.29956605054349866,14
discern-network,26.0,0.26690913055843973,0.26878569181404866,6
