Name,Duration,AvgCpuPercent,MaxCpuUsage,DataPoints
discern-file-so,120.0,73.41187948921454,90.52591856104499,25
discern-proc-so,115.0,1.8825375321919104,2.339751793391155,24
jbd2/vda2-8,120.0,1.1774587206193374,1.369197851193924,25
systemd,134.0,0.8205656427137158,2.8490941782995645,27
kswapd0,93.0,0.3922478857598473,0.430069645958751,19
sshd,5.0,2.389342745738113,2.389342745738113,1
discern-network,21.0,0.40500996626095215,0.4159861138111241,4
