Name,Duration,AvgCpuPercent,MaxCpuUsage,DataPoints
server.py,37.0,71.79196540103202,84.5864319915344,7
discern-file-so,71.0,32.0683720177141,32.41725482872495,15
discern-proc-so,71.0,2.6597146415231965,5.046595905491345,15
kswapd0,66.0,0.774877847237772,0.7832874416028335,14
python3,38.0,1.0549640081520748,1.843474895389736,7
discern-network,39.0,0.5681213713964232,0.5705597591386029,9
jbd2/vda2-8,23.0,0.36976136857527314,0.3747850640913754,6
systemd,5.0,1.3501860996943593,1.3501860996943593,1
sshd,5.0,0.7849946483186099,0.7849946483186099,1
