Name,Duration,AvgCpuPercent,MaxCpuUsage,DataPoints
discern-file-so,63.0,48.0201394291403,64.01945053894721,13
ettercap,21.0,46.16573993048672,61.74628701218783,4
jbd2/vda2-8,63.0,3.0054018573785797,3.3065394577068097,13
discern-proc-so,63.0,2.5270103617536552,3.776552310261454,13
systemd,63.0,0.8876477683403542,0.9567230672206971,13
discern-network,42.0,0.868033327262827,0.9694062989675172,9
