Name,TimeWeightedAvgVmSizeMiB,MaxVmPeakMiB,MaxVmHwmMiB,DataPoints,PeakDuration
discern-file-so,1452.7109375,1527.17578125,357.95703125,13,63.0
discern-logs-so,1205.4296875,1205.4296875,19.6015625,13,63.0
discern-network,1825.07421875,1863.1875,38.58203125,13,63.0
discern-proc-so,1205.92578125,1205.92578125,16.109375,9,42.0
ettercap,264.40234375,264.40234375,24.69921875,4,21.0
systemd-journal,70.7446056547619,75.4453125,31.140625,13,63.0
