Name,Duration,AvgCpuPercent,MaxCpuUsage,DataPoints
discern-file-so,70.0,41.37089099917716,67.98900789111593,15
discern-proc-so,65.0,2.005930393002142,2.183661554652372,14
kswapd0,70.0,0.7196939473439096,0.7336517085444397,15
systemd,90.0,0.5535948759490749,1.942040311824091,19
jbd2/vda2-8,55.0,0.3563900579310753,0.367010316314049,12
