Name,Duration,AvgCpuPercent,MaxCpuUsage,DataPoints
discern-file-so,56.0,30.923666000886566,31.26611629267404,12
discern-proc-so,51.0,2.1886096346854305,2.3342366883977475,11
kswapd0,56.0,0.6899622694907553,0.6964759331455973,12
systemd,61.0,0.3098976620871569,0.605039005644532,13
jbd2/vda2-8,56.0,0.31704498566357,0.321946850245804,12
