Name,Duration,AvgCpuPercent,MaxCpuUsage,DataPoints
discern-file-so,52.0,32.58912071976108,32.84117476683964,12
discern-proc-so,56.0,2.56663686581031,2.9149916374107754,12
kswapd0,56.0,0.7354719723579277,0.7401864970445626,12
systemd,56.0,0.3023601469344883,0.6112922599764827,12
jbd2/vda2-8,56.0,0.2779593268292006,0.2810865910582609,12
