Name,Duration,AvgCpuPercent,MaxCpuUsage,DataPoints
discern-file-so,196.0,30.127495745427677,31.204162544067863,43
discern-proc-so,196.0,2.0462292376922946,2.397833199372174,42
kswapd0,214.0,0.5914316114088995,0.6230000466108462,43
jbd2/vda2-8,223.0,0.4871037057148357,0.5696085924511085,43
systemd,232.0,0.44692826622794957,1.9497594695315925,44
