Name,Duration,AvgCpuPercent,MaxCpuUsage,DataPoints
discern-file-so,76.0,74.70300989237624,86.18802730282702,16
discern-proc-so,76.0,2.5661250145153196,4.072015687739052,16
python3,21.0,4.9081765615445425,9.752923237475562,4
kswapd0,76.0,0.6471276476961216,0.6520169359188362,16
systemd,60.0,0.3606593717718649,1.357036931734992,13
discern-network,71.0,0.2650483066118603,0.2670884473182348,15
