Name,Duration,AvgCpuPercent,MaxCpuUsage,DataPoints
discern-file-so,114.0,69.34562877834018,80.36290179162313,23
python3,71.0,9.803365056573957,12.972850522757193,13
discern-proc-so,108.0,2.3058633660391465,2.77821217667315,22
jbd2/vda2-8,114.0,1.3372726125650207,1.5593701758654255,23
systemd,119.0,0.8096382253767904,0.9488762111199704,24
discern-network,33.0,0.5194917481838818,0.5663352283223719,8
kswapd0,11.0,0.4309935606930731,0.4598760105650519,2
