Name,TimeWeightedAvgVmSizeMiB,MaxVmPeakMiB,MaxVmHwmMiB,DataPoints,PeakDuration
discern-file-so,1488.2610616238317,1527.36328125,287.44140625,23,107.0
discern-jupyter,1205.33203125,1205.33203125,10.35546875,9,46.0
discern-logs-so,1205.4296875,1205.4296875,14.8046875,13,60.0
discern-network,1877.964953271028,1898.5859375,96.859375,23,107.0
discern-proc-so,1205.92578125,1205.92578125,16.19921875,23,107.0
python3,683.4410807291666,1016.51171875,325.46875,13,60.0
systemd,161.2265625,224.0390625,10.12109375,1,5.0
systemd-journal,57.89693509615385,65.28515625,11.57421875,10,39.0
