Name,TimeWeightedAvgVmSizeMiB,MaxVmPeakMiB,MaxVmHwmMiB,DataPoints,PeakDuration
dbus-daemon,15.17578125,15.3046875,10.19921875,2,5.0
discern-file-so,1485.125950168919,1591.1171875,278.0859375,16,74.0
discern-logs-so,1205.4296875,1205.4296875,15.25390625,12,58.0
discern-network,1841.7993032094594,1863.81640625,33.69921875,16,74.0
discern-proc-so,1205.9088893581081,1205.92578125,15.734375,16,74.0
named,340.51953125,402.0078125,20.25390625,2,11.0
systemd-journal,49.2734375,49.2734375,12.7890625,16,74.0
