Name,Duration,AvgCpuPercent,MaxCpuUsage,DataPoints
discern-file-so,74.0,42.83527050160321,67.78489938158921,16
discern-proc-so,68.0,2.0341780158426084,2.2615913109261214,15
systemd,90.0,0.9056985698441483,1.6722515818936974,19
jbd2/vda2-8,74.0,0.837316693871371,0.9046198909582425,16
kswapd0,59.0,0.5836362321824363,0.6184526204285027,13
named,5.0,0.7892617589125394,0.7892617589125394,1
