Name,Duration,AvgCpuPercent,MaxCpuUsage,DataPoints
server.py,36.0,62.65642221559161,79.39293369307595,8
discern-file-so,65.0,28.151811633533466,29.147916082216874,14
discern-proc-so,55.0,2.1443610813560103,2.2982470325877484,12
jbd2/vda2-8,62.0,0.9133623501655815,0.9615517669566503,13
python3,29.0,1.1224494122352906,1.7373776876691918,6
discern-network,41.0,0.6978185159633464,0.7125112774455105,9
kswapd0,25.0,0.6654993851529034,0.6940239216551863,6
systemd,5.0,0.5570223811269548,0.5570223811269548,1
