Name,Duration,AvgCpuPercent,MaxCpuUsage,DataPoints
discern-file-so,100.0,64.4194643615552,93.09322719156671,22
server.py,62.0,43.984621486183364,45.479724740332024,13
discern-proc-so,98.0,2.296983579346674,2.504961620541548,21
jbd2/vda2-8,104.0,1.5299709300376725,1.8151338771252392,22
discern-network,91.0,0.924361914745302,1.1324171766171616,19
systemd,38.0,0.8186830638414321,0.929125648821057,9
python3,17.0,1.49767149366965,2.0936385380078875,3
kworker/u2,6.0,0.6896508076592317,0.6896508076592317,1
