IP_A,IP_B,TotalPackets,TotalBytes,TotalActiveSeconds,AvgRateMbps,PeakRateMbps
172.30.0.14,172.30.0.14,83,21798,5,0.0348768,0.064096
192.168.254.2,192.168.254.2,74,19974,4,0.039948,0.07312
10.10.10.2,10.10.10.2,84,6236,1,0.049888,0.049888
10.10.10.3,10.10.10.3,42,2622,1,0.020976,0.020976
172.30.0.1,172.30.0.1,14,1588,3,0.004234666666666667,0.006352
fe80::1270:fdff:fe57:e58,fe80::1270:fdff:fe57:e58,2,142,1,0.001136,0.001136
fe80::84d:59ff:fe4b:98db,fe80::84d:59ff:fe4b:98db,2,142,1,0.001136,0.001136
