Name,Duration,AvgCpuPercent,MaxCpuUsage,DataPoints
discern-file-so,46.0,31.196682595893332,31.47455402633472,11
discern-proc-so,50.0,2.8003860208050884,5.081194932649728,11
kswapd0,50.0,0.7109863037208684,0.7158259860508523,11
systemd,50.0,0.259670125576996,0.34241170209578176,11
jbd2/vda2-8,50.0,0.25274542109671233,0.25558360273287944,11
