IP_A,IP_B,TotalPackets,TotalBytes,TotalActiveSeconds,AvgRateMbps,PeakRateMbps
10.10.10.4,10.10.10.4,1093,961517,36,0.21367044444444444,4.433184
10.10.10.1,10.10.10.1,1410,437730,36,0.09727333333333334,1.039824
172.30.0.15,172.30.0.15,192,42701,16,0.0213505,0.073248
192.168.254.2,192.168.254.2,147,38466,11,0.027975272727272727,0.070512
172.30.0.1,172.30.0.1,42,4963,10,0.0039704,0.012992
34.117.59.81,34.117.59.81,8,2032,2,0.008128,0.008216
172.67.74.152,172.67.74.152,6,1268,1,0.010144,0.010144
