Name,Duration,AvgCpuPercent,MaxCpuUsage,DataPoints
discern-file-so,71.0,49.96532344001285,86.2799426200023,17
discern-proc-so,71.0,2.4118253761126556,2.7980581537969926,17
jbd2/vda2-8,79.0,1.2114156044150743,1.3623783333382438,17
systemd,89.0,0.8298942577305548,2.0986823336921936,18
python3,15.0,4.229000349470599,7.328492889063408,5
kswapd0,50.0,0.5124503500810222,0.5637858200517343,11
