Name,Duration,AvgCpuPercent,MaxCpuUsage,DataPoints
discern-file-so,91.0,71.07695380298374,85.56535103278249,19
discern-proc-so,86.0,2.1679441718342005,2.298442198910637,18
jbd2/vda2-8,91.0,1.249770145917745,1.4135393495962751,19
python3,32.0,3.284750248190745,6.113353306884802,6
systemd,101.0,0.8212063499971382,1.8184658807370482,21
kswapd0,48.0,0.4317891326717575,0.44831507935409415,10
discern-network,6.0,0.40045598192220516,0.40045598192220516,1
sshd,0.0,,0.5574244945946379,1
