Name,Duration,AvgCpuPercent,MaxCpuUsage,DataPoints
discern-file-so,76.0,80.86286065912249,90.65816501771964,16
discern-proc-so,76.0,2.241261224054278,3.439055907345946,16
python3,21.0,4.6762059959396804,8.347105739517435,4
kswapd0,76.0,0.5951496710618581,0.6049824501159179,16
systemd,61.0,0.536712213264286,2.579501619960551,13
jbd2/vda2-8,70.0,0.3820553573031799,0.3923467411128785,15
