IP_A,IP_B,TotalPackets,TotalBytes,TotalActiveSeconds,AvgRateMbps,PeakRateMbps
192.168.254.2,192.168.254.2,106,29648,5,0.0474368,0.078832
172.30.0.15,172.30.0.15,113,28914,5,0.0462624,0.079536
172.30.0.1,172.30.0.1,17,1827,3,0.004872,0.006072
