Name,Duration,AvgCpuPercent,MaxCpuUsage,DataPoints
discern-file-so,65.0,82.26252063014968,92.70145662578504,15
discern-proc-so,65.0,2.3599858929662125,7.186341221342204,15
systemd,69.0,0.7503956535759136,3.712446901150406,15
kswapd0,69.0,0.5736535221483128,0.5827142898195863,15
jbd2/vda2-8,69.0,0.3361889553981488,0.34271231169809907,15
