Name,TimeWeightedAvgVmSizeMiB,MaxVmPeakMiB,MaxVmHwmMiB,DataPoints,PeakDuration
dbus-daemon,25.048317307692308,25.33984375,19.09765625,15,65.0
discern-file-so,1445.6670072115385,1526.73828125,269.515625,15,65.0
discern-logs-so,1205.4296875,1205.4296875,17.125,11,48.0
discern-network,1898.1484375,1898.1484375,88.69140625,15,65.0
discern-proc-so,1205.92578125,1205.92578125,15.8046875,13,62.0
systemd-journal,63.390625,63.390625,17.015625,6,28.0
