IP_A,IP_B,TotalPackets,TotalBytes,TotalActiveSeconds,AvgRateMbps,PeakRateMbps
192.168.254.2,192.168.254.2,104,28060,5,0.044896,0.079504
172.30.0.14,172.30.0.14,105,27019,5,0.0432304,0.069184
172.30.0.1,172.30.0.1,16,1764,3,0.004704,0.006296
fe80::6ce0:fdff:fe37:c339,fe80::6ce0:fdff:fe37:c339,2,142,1,0.001136,0.001136
fe80::e483:9bff:fe64:d165,fe80::e483:9bff:fe64:d165,2,142,1,0.001136,0.001136
