Name,TimeWeightedAvgVmSizeMiB,MaxVmPeakMiB,MaxVmHwmMiB,DataPoints,PeakDuration
discern-file-so,1555.7076461226852,1590.8046875,292.19921875,22,108.0
discern-logs-so,1205.4296875,1205.4296875,18.22265625,22,108.0
discern-network,1889.703125,1889.703125,91.44140625,22,104.0
discern-proc-so,1205.92578125,1205.92578125,15.66796875,22,112.0
systemd-journal,60.65245225694444,63.39453125,22.54296875,22,108.0
