Name,Duration,AvgCpuPercent,MaxCpuUsage,DataPoints
discern-file-so,101.0,75.96732656899978,90.90537339970074,22
discern-proc-so,101.0,1.8934882155166823,2.368746924574442,22
jbd2/vda2-8,107.0,1.461387372426538,1.7346150840616135,22
systemd,122.0,0.8418070114490961,1.7767628466181364,24
kswapd0,87.0,0.42447842726555607,0.4538825255168249,17
discern-network,13.0,0.4500044994800763,0.4584051282552369,3
