Name,Duration,AvgCpuPercent,MaxCpuUsage,DataPoints
discern-file-so,110.0,72.2410366346065,86.53880595406814,24
discern-proc-so,114.0,1.8819330354944508,3.260380868678126,24
jbd2/vda2-8,117.0,1.213316905287621,1.4189948962993226,24
systemd,127.0,0.7541025816335839,1.630314673605321,26
kswapd0,103.0,0.45447621492774887,0.4972916097919209,21
discern-network,4.0,0.40846610524712357,0.40846610524712357,1
