Name,TimeWeightedAvgVmSizeMiB,MaxVmPeakMiB,MaxVmHwmMiB,DataPoints,PeakDuration
discern-ansible,,1205.34375,10.4453125,1,0.0
discern-file-so,1464.1719734768908,1591.1796875,295.16796875,24,119.0
discern-jupyter,1205.33203125,1205.33203125,9.859375,1,5.0
discern-logs-so,1205.4296875,1205.4296875,13.8828125,24,119.0
discern-network,1894.6681985294117,1897.8984375,85.2890625,24,119.0
discern-proc-so,1205.92578125,1205.92578125,17.19140625,24,119.0
systemd-journal,54.97717927631579,55.3984375,17.37109375,22,114.0
