Name,Duration,AvgCpuPercent,MaxCpuUsage,DataPoints
discern-file-so,152.0,42.6864042760819,86.03067947872579,32
discern-proc-so,157.0,2.86647242046878,5.978871016601848,32
kswapd0,161.0,0.7194644662063365,0.7229049165066614,32
discern-network,165.0,0.5959820054920174,0.6011723691237589,32
systemd,169.0,0.36775528341363456,3.5886656202301137,32
