Name,Duration,AvgCpuPercent,MaxCpuUsage,DataPoints
discern-file-so,61.0,65.40634454009177,80.90221194756136,14
server.py,23.0,37.30247186750389,41.15278961084328,5
discern-proc-so,61.0,2.640759289139295,3.9165383607394175,14
python3,32.0,1.076723006556492,1.8841307244104875,6
kswapd0,60.0,0.5563348648913916,0.55996160233194,13
systemd,38.0,0.4009855406106644,1.296899974814851,9
discern-network,38.0,0.3142271198749556,0.3166927458885124,9
