IP_A,IP_B,TotalPackets,TotalBytes,TotalActiveSeconds,AvgRateMbps,PeakRateMbps
172.30.0.15,172.30.0.15,122,31112,5,0.0497792,0.076816
192.168.254.2,192.168.254.2,114,28990,5,0.046384,0.080192
172.30.0.1,172.30.0.1,17,1827,3,0.004872,0.006072
fe80::34ed:d3ff:feec:ec1d,fe80::34ed:d3ff:feec:ec1d,2,142,1,0.001136,0.001136
fe80::a4bc:8bff:feb9:7311,fe80::a4bc:8bff:feb9:7311,2,142,1,0.001136,0.001136
