Name,Duration,AvgCpuPercent,MaxCpuUsage,DataPoints
discern-file-so,116.0,75.96440078442559,93.9336773732304,24
discern-proc-so,116.0,2.073907249015563,4.968096272663829,24
jbd2/vda2-8,120.0,1.3578250021140081,1.6216130951256664,24
systemd,125.0,0.8433343896614462,1.6541503163660487,25
discern-network,110.0,0.5425420890007921,0.6391136398496189,21
kswapd0,5.0,0.479827898815724,0.4862577506090487,2
