Name,TimeWeightedAvgVmSizeMiB,MaxVmPeakMiB,MaxVmHwmMiB,DataPoints,PeakDuration
discern-file-so,1479.4102492559523,1591.1796875,290.41796875,17,84.0
discern-logs-so,1205.4296875,1205.4296875,16.3828125,16,79.0
discern-network,1897.9609375,1897.9609375,97.453125,17,84.0
discern-proc-so,1205.92578125,1205.92578125,15.8203125,17,84.0
python3,712.5865478515625,1024.5859375,69.60546875,6,32.0
systemd-journal,57.33984375,57.33984375,15.28515625,12,57.0
