Name,Duration,AvgCpuPercent,MaxCpuUsage,DataPoints
discern-file-so,80.0,45.78671197956494,71.48100265638669,17
discern-proc-so,74.0,2.462053428851367,2.713649824938485,16
python3,33.0,3.333962965255015,5.770825335034997,6
jbd2/vda2-8,84.0,0.916247180134095,0.9976263986026997,17
kswapd0,79.0,0.6080912415480435,0.6386450296961298,16
systemd,62.0,0.7239129384382713,1.50960274154727,13
