Name,Duration,AvgCpuPercent,MaxCpuUsage,DataPoints
discern-file-so,91.0,74.06768162648237,85.61424768731028,19
discern-proc-so,85.0,2.225200477866507,2.651504419576123,18
python3,32.0,3.028901772876621,6.709720800285732,6
jbd2/vda2-8,95.0,0.9774710801344388,1.0643337336341963,19
systemd,106.0,0.6847775257594725,1.7020147085671562,21
kswapd0,58.0,0.49544399063021255,0.5155169931015822,11
sshd,0.0,,0.7776350401876306,1
