Name,Duration,AvgCpuPercent,MaxCpuUsage,DataPoints
discern-file-so,69.0,77.66781798362132,87.31026134643824,14
discern-proc-so,69.0,2.689919288053735,3.8992949600947817,14
systemd,69.0,0.6425839009684844,3.321344192323507,13
kswapd0,69.0,0.534262065653363,0.5416154615373082,14
jbd2/vda2-8,69.0,0.35012138679545646,0.35689782077711735,14
sshd,0.0,,1.0863184926457514,1
