Name,Duration,AvgCpuPercent,MaxCpuUsage,DataPoints
discern-file-so,94.0,69.25054501374275,80.52238540980855,22
python3,57.0,9.964622346071238,12.60322389648976,12
discern-proc-so,98.0,2.2871776832640465,2.753804708735766,22
jbd2/vda2-8,102.0,1.3907481084665196,1.6001081722918664,22
systemd,110.0,0.760026677269154,0.9481132541344139,22
discern-network,45.0,0.5397420741748317,0.6058945455218451,10
