Name,TimeWeightedAvgVmSizeMiB,MaxVmPeakMiB,MaxVmHwmMiB,DataPoints,PeakDuration
discern-file-so,1442.4219144570707,1527.11328125,225.0859375,22,99.0
discern-logs-so,1205.4296875,1205.4296875,15.125,10,46.0
discern-network,1898.3050031565656,1898.5859375,105.046875,22,99.0
discern-proc-so,1205.92578125,1205.92578125,16.8125,22,107.0
python3,683.6485112028302,992.57421875,351.7265625,12,53.0
systemd-journal,54.65427927927928,57.25,19.40625,22,111.0
