Name,Duration,AvgCpuPercent,MaxCpuUsage,DataPoints
discern-file-so,92.0,73.78549708185719,88.42828282994115,22
python3,62.0,9.729100484484185,12.588540085505095,12
discern-proc-so,100.0,2.3659083178472597,2.8563680367089566,22
jbd2/vda2-8,100.0,1.3197695163751246,1.5675233849030745,22
systemd,109.0,0.8134017333172425,0.9601173524621175,23
discern-network,32.0,0.46645666227308247,0.48729054705480485,7
kswapd0,5.0,0.45682149708761327,0.4622520978667427,2
