Name,TimeWeightedAvgVmSizeMiB,MaxVmPeakMiB,MaxVmHwmMiB,DataPoints,PeakDuration
discern-file-so,1451.7900293935643,1527.11328125,231.35546875,22,101.0
discern-logs-so,1205.4296875,1205.4296875,21.08984375,20,99.0
discern-network,1898.3773978960396,1898.5859375,103.984375,22,101.0
discern-proc-so,1205.92578125,1205.92578125,16.6875,12,53.0
python3,665.6715382543103,992.45703125,332.7734375,12,58.0
systemd-journal,64.82479888613861,73.22265625,24.46875,22,101.0
