Name,Duration,AvgCpuPercent,MaxCpuUsage,DataPoints
discern-file-so,80.0,30.847323779997755,31.093587094533525,17
discern-proc-so,80.0,2.7978780599294484,6.333131582560386,17
python3,32.0,5.800438237257011,13.424126764379853,6
kswapd0,80.0,0.7011313347041107,0.7062596785753654,17
discern-network,75.0,0.34474234586267516,0.34857782147100486,15
systemd,53.0,0.410622967592424,4.599708895923249,12
sshd,0.0,,2.2991748905086933,1
