Name,Duration,AvgCpuPercent,MaxCpuUsage,DataPoints
discern-file-so,57.0,66.09442953816067,82.41327619315747,13
server.py,23.0,38.50463231547351,42.00886878025222,5
discern-proc-so,61.0,2.5258827240563457,2.851244292560942,13
python3,33.0,1.110261923436493,1.820259601729272,6
kswapd0,55.0,0.5584752203565345,0.5625176338821088,12
discern-network,34.0,0.31924599775047857,0.3221986557365067,8
jbd2/vda2-8,25.0,0.27659738362427044,0.27934571957246573,6
systemd,9.0,0.48722324669184985,0.6414806427315235,2
