Name,Duration,AvgCpuPercent,MaxCpuUsage,DataPoints
discern-file-so,79.0,29.65563544181429,29.949314206243887,16
discern-proc-so,79.0,2.607133701320163,3.4442498427975483,16
python3,33.0,4.448514863911285,9.51833136486338,6
kswapd0,79.0,0.6802890877677823,0.6882769076663097,16
discern-network,73.0,0.33674996254451556,0.3414808761926346,15
jbd2/vda2-8,41.0,0.3116710288831786,0.3191577077680989,9
systemd,11.0,0.4387357883782816,0.5422074171498947,2
