Name,Duration,AvgCpuPercent,MaxCpuUsage,DataPoints
discern-file-so,83.0,51.31606348375019,88.39923923573693,17
discern-proc-so,77.0,2.4191969557891486,2.6971731070083136,16
python3,32.0,3.498415207400582,7.095173922412494,6
kswapd0,82.0,0.8000264267226324,0.8054943170622477,17
discern-network,82.0,0.326789397607123,0.33047161182177176,17
systemd,50.0,0.33395331038949894,0.9123999044328618,11
jbd2/vda2-8,5.0,0.2709680749587943,0.2709680749587943,1
