IP_A,IP_B,TotalPackets,TotalBytes,TotalActiveSeconds,AvgRateMbps,PeakRateMbps
172.30.0.14,172.30.0.14,87,21632,5,0.0346112,0.062224
192.168.254.2,192.168.254.2,80,20376,4,0.040752,0.073808
10.10.10.2,10.10.10.2,88,6538,3,0.017434666666666668,0.039648
10.10.10.3,10.10.10.3,51,3154,3,0.008410666666666667,0.016064
172.30.0.1,172.30.0.1,14,1588,3,0.004234666666666667,0.006352
