Name,Duration,AvgCpuPercent,MaxCpuUsage,DataPoints
discern-file-so,46.0,31.008226726851618,31.36131145416588,11
discern-proc-so,46.0,2.483384125170457,3.506626812391849,11
kswapd0,46.0,0.6988722328564813,0.7055784760348506,11
systemd,50.0,0.2745082190258821,0.33884880113486404,11
jbd2/vda2-8,46.0,0.287540877710717,0.2913416086871091,11
