Name,Duration,AvgCpuPercent,MaxCpuUsage,DataPoints
discern-file-so,103.0,57.44399435873379,72.5946680953134,22
server.py,72.0,42.130658603241145,44.97283649969158,14
discern-proc-so,102.0,2.6395941160639564,10.340877513629483,21
jbd2/vda2-8,107.0,1.3732109492540068,1.587265211295193,22
discern-network,93.0,1.0269564033265277,1.1239219705590024,19
systemd,35.0,0.7265510014665988,0.8079109106554735,8
python3,11.0,1.6144091085518097,1.8520184668259585,2
kswapd0,5.0,0.4267562455655719,0.4267562455655719,1
