Name,Duration,AvgCpuPercent,MaxCpuUsage,DataPoints
discern-file-so,90.0,45.40599476023701,70.97504072551952,18
discern-proc-so,85.0,2.323681618155609,2.659232589865535,17
python3,32.0,3.456835623244554,5.715319897470481,6
kswapd0,90.0,0.718351637631013,0.7349578227105498,18
jbd2/vda2-8,90.0,0.5415711269627088,0.5654629771885579,18
systemd,63.0,0.585261851012634,1.7209453509163,13
