Name,Duration,AvgCpuPercent,MaxCpuUsage,DataPoints
discern-file-so,129.0,38.076526132390605,68.50669195763838,32
discern-proc-so,141.0,2.6667936327801747,2.8143630896820255,31
kswapd0,150.0,0.7592652121307943,0.7633111401695153,32
discern-network,162.0,0.6481956999366267,0.6527451095611514,32
jbd2/vda2-8,118.0,0.2496183197881518,0.25128872268361463,23
systemd,22.0,0.5956743481331156,1.0836847905830491,5
sshd,27.0,0.38062201105586113,0.9524807270049175,5
