Name,Duration,AvgCpuPercent,MaxCpuUsage,DataPoints
discern-file-so,47.0,34.31562771824348,34.56677791033865,10
server.py,17.0,37.07314063919048,39.520225535887384,3
discern-proc-so,47.0,2.9746724383083976,5.335182256156954,10
kswapd0,47.0,0.8019569380143851,0.8049491205570602,10
jbd2/vda2-8,35.0,0.39983872480901544,0.4027093583197678,8
python3,12.0,0.7967053565949437,1.0810058034078216,2
discern-network,21.0,0.36574833321029654,0.36752449264517273,5
systemd,9.0,0.548854422278745,0.686983375620595,2
