Name,Duration,AvgCpuPercent,MaxCpuUsage,DataPoints
discern-file-so,1694.0,33.79696244061783,86.51539246311985,331
discern-proc-so,1696.0,2.7847803818387638,2.8302541863309147,330
kswapd0,1706.0,0.7467790095541084,0.748105651833575,331
discern-logs-so,1714.0,0.2703461204202581,0.2784834967647465,331
discern-network,1705.0,0.1558971770400837,0.1570118542135607,327
systemd,23.0,1.2360747207120562,3.473512563795096,5
