Name,Duration,AvgCpuPercent,MaxCpuUsage,DataPoints
discern-file-so,145.0,39.85638121452,75.23778381440884,33
discern-proc-so,145.0,2.0573821116161053,2.9192583803035377,33
kswapd0,145.0,0.6804292459076994,0.6888098932831374,33
discern-network,153.0,0.5784771977337139,0.5910447787881503,33
systemd,169.0,0.39450414596086586,2.1898037542985356,33
