Name,TimeWeightedAvgVmSizeMiB,MaxVmPeakMiB,MaxVmHwmMiB,DataPoints,PeakDuration
dbus-daemon,18.001302083333332,18.875,12.9296875,13,63.0
discern-file-so,1437.9979185675184,1527.36328125,291.40234375,30,137.0
discern-logs-so,1205.4296875,1205.4296875,27.23828125,30,150.0
discern-network,1833.58203125,1863.1875,36.0546875,30,150.0
discern-proc-so,1205.92578125,1205.92578125,16.328125,24,130.0
systemd-journal,129.9614298844538,133.12109375,27.80078125,23,119.0
