Name,TimeWeightedAvgVmSizeMiB,MaxVmPeakMiB,MaxVmHwmMiB,DataPoints,PeakDuration
dbus-daemon,18.03731715425532,18.9140625,13.4921875,31,141.0
discern-file-so,1523.4590625,1591.4296875,302.92578125,31,125.0
discern-logs-so,1205.4296875,1205.4296875,14.46875,20,95.0
discern-network,1841.8984375,1841.8984375,79.75390625,31,129.0
discern-proc-so,1205.92578125,1205.92578125,15.36328125,30,136.0
systemd-journal,49.2578125,49.2578125,12.0390625,12,67.0
