Name,Duration,AvgCpuPercent,MaxCpuUsage,DataPoints
discern-file-so,137.0,61.60314647049186,88.50073770017089,30
discern-proc-so,137.0,2.5357762594666164,3.59760981452306,30
discern-network,150.0,1.0388924066269787,1.0588165463826995,30
kswapd0,154.0,0.8087467321148473,0.8255494859627853,30
jbd2/vda2-8,126.0,0.5609148342201868,0.5993138929594037,24
flooder,22.0,0.578471182063288,0.6045881805094574,4
systemd,10.0,0.833777614601316,0.8720729423820129,2
