Name,Duration,AvgCpuPercent,MaxCpuUsage,DataPoints
discern-file-so,154.0,37.73705035727304,71.53066698392536,31
discern-proc-so,158.0,2.265107994769616,3.0785201942551166,31
discern-network,162.0,1.009231239527034,1.024369472714431,31
kswapd0,162.0,0.7241486100661256,0.7351367620738488,31
jbd2/vda2-8,122.0,0.5413499834589511,0.581686778402275,24
systemd,17.0,1.9434825935341464,3.115296261029527,3
flooder,23.0,0.6251974010618762,0.6497771389089531,4
