IP_A,IP_B,TotalPackets,TotalBytes,TotalActiveSeconds,AvgRateMbps,PeakRateMbps
10.10.10.1,10.10.10.1,1744,544334,19,0.22919326315789473,1.424384
10.10.10.2,10.10.10.2,1723,190615,19,0.08025894736842105,0.138624
172.30.0.12,172.30.0.12,164,38320,12,0.025546666666666665,0.07096
192.168.254.2,192.168.254.2,123,31136,9,0.027676444444444444,0.07544
10.10.10.4,10.10.10.4,81,4844,3,0.012917333333333333,0.022528
172.30.0.1,172.30.0.1,34,4100,7,0.004685714285714286,0.014592
10.10.10.3,10.10.10.3,63,3720,3,0.00992,0.012944
34.117.59.81,34.117.59.81,9,2108,1,0.016864,0.016864
104.26.12.205,104.26.12.205,10,1542,1,0.012336,0.012336
