Name,Duration,AvgCpuPercent,MaxCpuUsage,DataPoints
discern-file-so,85.0,78.7850020770914,89.81089710129173,17
discern-proc-so,80.0,2.0566672317315686,2.2506408439253036,16
python3,22.0,4.1317904617461,7.845327789639044,4
jbd2/vda2-8,85.0,0.85966309819828,0.9209982464995992,17
systemd,95.0,0.602832360381349,1.39741597063351,19
kswapd0,58.0,0.4633818259687569,0.4808648791900705,12
