Name,TimeWeightedAvgVmSizeMiB,MaxVmPeakMiB,MaxVmHwmMiB,DataPoints,PeakDuration
discern-ansible,1205.34375,1205.34375,11.46875,4,20.0
discern-file-so,1484.9130859375,1590.8046875,293.56640625,17,80.0
discern-logs-so,1205.4296875,1205.4296875,15.30078125,11,54.0
discern-network,1833.89453125,1833.89453125,70.34375,17,80.0
discern-proc-so,1205.92578125,1205.92578125,14.86328125,17,80.0
python3,766.7506893382352,1088.53125,45.03515625,4,17.0
systemd-journal,49.26171875,49.26171875,11.37890625,15,73.0
