Name,Duration,AvgCpuPercent,MaxCpuUsage,DataPoints
discern-file-so,67.0,73.36835263086121,82.8512173911572,15
discern-proc-so,67.0,2.0156822830449577,3.2386868953590584,15
jbd2/vda2-8,71.0,1.049868214666748,1.141036979582446,15
python3,16.0,4.224512543716967,7.862455561422013,4
systemd,76.0,0.76051235305316,1.9428341968380807,16
discern-network,46.0,0.5531036166271478,0.57127587841787,10
