Name,TimeWeightedAvgVmSizeMiB,MaxVmPeakMiB,MaxVmHwmMiB,DataPoints,PeakDuration
discern-file-so,1521.1763237847222,1590.8671875,284.3125,15,72.0
discern-logs-so,1205.4296875,1205.4296875,16.96875,15,72.0
discern-network,1898.2734375,1898.2734375,95.3828125,15,72.0
discern-proc-so,1205.9071245335822,1205.92578125,16.1171875,14,67.0
python3,713.1065340909091,1008.5234375,44.48046875,4,22.0
systemd-journal,61.66512784090909,65.26953125,13.546875,12,55.0
