Name,Duration,AvgCpuPercent,MaxCpuUsage,DataPoints
discern-file-so,200.0,30.395872255838658,31.806170494844867,42
discern-proc-so,205.0,1.9581846461605577,2.1004083522673977,41
kswapd0,223.0,0.5663431688678323,0.5950592416083914,42
jbd2/vda2-8,223.0,0.4653506896650187,0.5394714343772837,42
systemd,223.0,0.43959786999253503,1.3828320757543842,42
sshd,5.0,1.6299566339442824,1.6299566339442821,1
