IP_A,IP_B,TotalPackets,TotalBytes,TotalActiveSeconds,AvgRateMbps,PeakRateMbps
172.30.0.12,172.30.0.12,78,19562,6,0.026082666666666667,0.048352
192.168.254.2,192.168.254.2,66,19246,5,0.0307936,0.07152
172.30.0.1,172.30.0.1,14,1640,3,0.004373333333333333,0.00656
fe80::2438:ceff:fe73:426a,fe80::2438:ceff:fe73:426a,2,142,1,0.001136,0.001136
fe80::50b6:79ff:febe:17b9,fe80::50b6:79ff:febe:17b9,2,142,1,0.001136,0.001136
fe80::50bf:b7ff:fe8a:2eb9,fe80::50bf:b7ff:fe8a:2eb9,2,142,1,0.001136,0.001136
fe80::68f7:74ff:fe59:29b3,fe80::68f7:74ff:fe59:29b3,2,142,1,0.001136,0.001136
fe80::9c32:c9ff:fede:12ab,fe80::9c32:c9ff:fede:12ab,2,142,1,0.001136,0.001136
fe80::ccfc:aaff:fe72:c5a0,fe80::ccfc:aaff:fe72:c5a0,2,142,1,0.001136,0.001136
