IP_A,IP_B,TotalPackets,TotalBytes,TotalActiveSeconds,AvgRateMbps,PeakRateMbps
10.10.10.1,10.10.10.1,1201,351887,13,0.21654584615384614,0.526712
10.10.10.2,10.10.10.2,1867,175369,13,0.10791938461538461,0.209232
192.168.254.2,192.168.254.2,352,92674,14,0.05295657142857143,0.215392
172.30.0.11,172.30.0.11,346,87966,15,0.0469152,0.195504
172.30.0.1,172.30.0.1,42,4386,5,0.0070176,0.014352
fe80::1270:fdff:fe51:8a78,fe80::1270:fdff:fe51:8a78,2,142,1,0.001136,0.001136
fe80::41d:96ff:fea1:f48e,fe80::41d:96ff:fea1:f48e,2,142,1,0.001136,0.001136
fe80::ac9b:c3ff:fe3f:1f47,fe80::ac9b:c3ff:fe3f:1f47,2,142,1,0.001136,0.001136
fe80::1270:fdff:fe57:dd8,fe80::1270:fdff:fe57:dd8,1,70,1,0.00056,0.00056
