Name,Duration,AvgCpuPercent,MaxCpuUsage,DataPoints
discern-file-so,52.0,71.637637446356,87.33711131051231,11
server.py,22.0,39.09456511661282,41.608595368471015,4
discern-proc-so,52.0,2.5372408357178857,3.0008991046323126,11
kswapd0,47.0,0.5334170968070115,0.5407830762401689,10
python3,21.0,0.9527763528942547,1.2648349273282808,4
jbd2/vda2-8,36.0,0.46849249561964484,0.47617766557241564,8
discern-network,26.0,0.3854988365927289,0.3902897050996485,6
systemd,4.0,0.5738749959452862,0.5738749959452862,1
