Name,Duration,AvgCpuPercent,MaxCpuUsage,DataPoints
discern-file-so,77.0,29.89238656049929,30.950357732918327,16
discern-proc-so,77.0,2.369656563211749,2.5911844983102554,16
python3,32.0,4.891809122887131,11.648184459480333,6
jbd2/vda2-8,77.0,0.7333386712648997,0.7814026210803828,16
kswapd0,77.0,0.5859079809824614,0.6083318797027323,16
systemd,45.0,0.5137910678066088,0.5377537982484137,10
