IP_A,IP_B,TotalPackets,TotalBytes,TotalActiveSeconds,AvgRateMbps,PeakRateMbps
10.10.10.1,10.10.10.1,1790,546601,13,0.33636984615384613,1.531328
10.10.10.2,10.10.10.2,1465,163246,13,0.10045907692307693,0.145128
172.30.0.12,172.30.0.12,225,51020,12,0.03401333333333333,0.077472
192.168.254.2,192.168.254.2,154,40956,8,0.040956,0.081008
142.250.101.109,142.250.101.109,42,11212,3,0.029898666666666667,0.04448
172.30.0.1,172.30.0.1,48,5397,8,0.005397,0.013848
34.117.59.81,34.117.59.81,8,2040,1,0.01632,0.01632
104.26.12.205,104.26.12.205,10,1534,1,0.012272,0.012272
