Name,Duration,AvgCpuPercent,MaxCpuUsage,DataPoints
discern-file-so,73.0,31.33251670252114,32.12657936853436,15
discern-proc-so,73.0,2.9300129088291276,3.1321709745080923,15
jbd2/vda2-8,73.0,0.6597271217015476,0.6932555819894693,15
kswapd0,73.0,0.6064651091513398,0.6229508336435982,15
discern-network,69.0,0.49343305787276703,0.5011880534233907,14
systemd,4.0,0.5258986941448968,0.5258986941448968,1
