IP_A,IP_B,TotalPackets,TotalBytes,TotalActiveSeconds,AvgRateMbps,PeakRateMbps
192.168.254.2,192.168.254.2,80,20666,4,0.041332,0.08024
172.30.0.12,172.30.0.12,84,19328,4,0.038656,0.079584
172.30.0.1,172.30.0.1,10,1162,2,0.004648,0.00656
