Name,Duration,AvgCpuPercent,MaxCpuUsage,DataPoints
discern-file-so,209.0,28.497894003348126,29.373469336084966,45
discern-proc-so,209.0,2.0359268900164182,2.2122582862715463,44
kswapd0,224.0,0.6174686164693834,0.6536013735199626,45
jbd2/vda2-8,236.0,0.4891118470275574,0.5744660317332153,45
systemd,241.0,0.4735234309744465,2.0927783457512326,46
