Name,Duration,AvgCpuPercent,MaxCpuUsage,DataPoints
discern-file-so,57.0,31.21677864594673,31.419502546711094,12
discern-proc-so,57.0,2.7370037831269522,4.479123262002641,12
kswapd0,57.0,0.715593566253326,0.7196786748935884,12
systemd,67.0,0.2821230204748252,1.9533385510261594,14
jbd2/vda2-8,47.0,0.23423028541460456,0.236274346739113,9
sshd,0.0,,1.3020717342138417,1
