Name,Duration,AvgCpuPercent,MaxCpuUsage,DataPoints
discern-file-so,145.0,60.490012254085364,91.79085507643703,33
discern-proc-so,153.0,2.333331126737535,5.543505875512679,33
kswapd0,157.0,0.6176724250666069,0.6318155719686048,33
discern-network,169.0,0.5561499338253656,0.5718567066706952,33
systemd,120.0,0.5442014844741687,2.772110767137135,22
systemd-journal,42.0,0.4269985846266285,0.43102026064955073,9
jbd2/vda2-8,7.0,0.4704717101831302,0.4713153886500748,2
