Name,TimeWeightedAvgVmSizeMiB,MaxVmPeakMiB,MaxVmHwmMiB,DataPoints,PeakDuration
dbus-daemon,21.85560581140351,22.6328125,16.53515625,33,171.0
discern-file-so,1464.9691922169811,1591.0546875,285.4765625,33,159.0
discern-logs-so,1205.4296875,1205.4296875,27.52734375,33,163.0
discern-network,1833.33203125,1863.1875,40.75390625,33,159.0
discern-proc-so,1205.92578125,1205.92578125,16.3671875,10,51.0
systemd-journal,132.55643857758622,137.24609375,29.734375,23,116.0
