Name,Duration,AvgCpuPercent,MaxCpuUsage,DataPoints
discern-file-so,147.0,35.87202772343707,65.96099390476535,32
discern-proc-so,142.0,2.613058285228939,2.9627228675979573,31
kswapd0,159.0,0.6517555992823916,0.6638779816852427,32
discern-network,167.0,0.6045555095953062,0.6241679017329915,32
jbd2/vda2-8,157.0,0.45843195942652115,0.496643486026807,30
systemd,11.0,1.21391018357994,1.7961979296455064,3
