Name,Duration,AvgCpuPercent,MaxCpuUsage,DataPoints
discern-file-so,151.0,62.24638694367143,88.54354375756756,32
discern-proc-so,155.0,2.2102286558243183,2.57160113045657,32
discern-network,155.0,1.0475335532421937,1.1284481635257284,32
jbd2/vda2-8,159.0,0.9481711585146569,1.0962786706981056,32
systemd,163.0,0.8353437630225288,1.0951752729075201,32
