Name,Duration,AvgCpuPercent,MaxCpuUsage,DataPoints
discern-file-so,136.0,38.25176331422667,69.24580786066451,31
discern-proc-so,144.0,2.1757469041732564,3.1550521975463877,31
discern-network,148.0,1.0058700820519295,1.0534919418887216,31
jbd2/vda2-8,152.0,0.8951190735808908,1.0423764773099153,31
kswapd0,139.0,0.6414520634322696,0.6721029205143874,27
systemd,11.0,0.7763688787033384,0.9307564164227551,2
flooder,10.0,0.6614675652444195,0.6797983435705316,2
