Name,TimeWeightedAvgVmSizeMiB,MaxVmPeakMiB,MaxVmHwmMiB,DataPoints,PeakDuration
discern-file-so,1517.4702083333334,1591.4296875,297.95703125,32,150.0
discern-logs-so,1205.4296875,1205.4296875,20.3828125,32,162.0
discern-network,1833.58203125,1863.1875,36.0546875,32,150.0
discern-proc-so,1205.92578125,1205.92578125,16.69140625,32,162.0
systemd-journal,77.69545717592592,101.11328125,27.80078125,32,162.0
