Name,TimeWeightedAvgVmSizeMiB,MaxVmPeakMiB,MaxVmHwmMiB,DataPoints,PeakDuration
dbus-daemon,14.53125,14.66015625,9.421875,2,5.0
discern-file-so,1536.128979037267,1591.4296875,292.93359375,31,161.0
discern-logs-so,1205.4296875,1205.4296875,14.46875,31,165.0
discern-network,1841.8984375,1841.8984375,79.75390625,31,165.0
discern-proc-so,1205.9333570075758,1206.17578125,21.7109375,31,165.0
systemd-journal,49.2578125,49.2578125,11.46484375,29,160.0
