Name,Duration,AvgCpuPercent,MaxCpuUsage,DataPoints
discern-file-so,74.0,61.42926538221341,77.49785698802891,16
server.py,42.0,38.804715740070456,42.28778689875317,8
discern-proc-so,78.0,2.2491311231668667,3.076143088188625,16
jbd2/vda2-8,78.0,1.3110656301308476,1.4081095952824647,16
discern-network,52.0,1.0984692966410057,1.122657607747826,11
python3,26.0,1.6246118644315521,2.3689583654295934,5
systemd,36.0,0.8698908510952985,0.923603791570491,8
