IP_A,IP_B,TotalPackets,TotalBytes,TotalActiveSeconds,AvgRateMbps,PeakRateMbps
172.30.0.15,172.30.0.15,116,30763,6,0.041017333333333336,0.078648
192.168.254.2,192.168.254.2,113,28672,6,0.03822933333333333,0.078832
172.30.0.1,172.30.0.1,13,1364,3,0.003637333333333333,0.005184
