Name,Duration,AvgCpuPercent,MaxCpuUsage,DataPoints
discern-file-so,60.0,84.81669327418801,96.21843462424638,14
discern-proc-so,55.0,1.8024811363813487,2.1846517315788843,13
systemd,69.0,0.6737159039275531,3.9667235527880162,15
jbd2/vda2-8,64.0,0.544811493639182,0.5630424924014028,14
kswapd0,60.0,0.5557575215729362,0.5702856459739902,14
