Name,Duration,AvgCpuPercent,MaxCpuUsage,DataPoints
discern-file-so,119.0,75.88172841883669,90.17721220621688,24
discern-proc-so,119.0,2.2290334838013646,5.957578673810519,24
jbd2/vda2-8,119.0,1.294110923056978,1.5540810194328794,24
systemd,129.0,0.8401447920973051,1.9852243818965423,26
kswapd0,99.0,0.4722034312390517,0.523004625348694,20
discern-network,10.0,0.4552943786450195,0.46538259745776905,2
