IP_A,IP_B,TotalPackets,TotalBytes,TotalActiveSeconds,AvgRateMbps,PeakRateMbps
192.168.254.2,192.168.254.2,110,30138,5,0.0482208,0.077952
172.30.0.15,172.30.0.15,125,29611,6,0.039481333333333334,0.070216
172.30.0.1,172.30.0.1,20,2257,5,0.0036112,0.005464
fe80::1031:8dff:feca:c2de,fe80::1031:8dff:feca:c2de,2,142,1,0.001136,0.001136
fe80::1270:fdff:fe57:e2c,fe80::1270:fdff:fe57:e2c,2,142,1,0.001136,0.001136
fe80::28fa:3cff:fe32:a865,fe80::28fa:3cff:fe32:a865,2,142,1,0.001136,0.001136
fe80::f893:f1ff:fe10:b56c,fe80::f893:f1ff:fe10:b56c,2,142,1,0.001136,0.001136
