Name,TimeWeightedAvgVmSizeMiB,MaxVmPeakMiB,MaxVmHwmMiB,DataPoints,PeakDuration
discern-ansible,1205.34375,1205.34375,11.5390625,1,5.0
discern-file-so,1455.6742897727272,1591.0546875,291.5,24,110.0
discern-jupyter,1205.33203125,1205.33203125,10.109375,3,11.0
discern-logs-so,1205.4296875,1205.4296875,15.96875,24,118.0
discern-network,1898.9431751179245,1906.21484375,88.03515625,24,106.0
discern-proc-so,1205.92578125,1205.92578125,16.58984375,24,114.0
systemd-journal,59.415226063829785,63.33203125,22.98046875,20,94.0
