Name,Duration,AvgCpuPercent,MaxCpuUsage,DataPoints
discern-file-so,112.0,68.84084398652757,83.56064376809967,24
discern-proc-so,112.0,1.8951599287055598,2.3947110650887553,24
jbd2/vda2-8,112.0,1.3113457015218906,1.600391345080441,24
systemd,131.0,0.8921763856422539,1.7961377983004776,26
kswapd0,103.0,0.5145509166944099,0.5585155892136635,20
discern-network,6.0,0.4762444747719555,0.4781335811696166,2
