Name,TimeWeightedAvgVmSizeMiB,MaxVmPeakMiB,MaxVmHwmMiB,DataPoints,PeakDuration
discern-file-so,1472.32296875,1591.1796875,284.58984375,25,125.0
discern-logs-so,1205.4296875,1205.4296875,15.53125,25,130.0
discern-network,1898.0637267561983,1898.1484375,92.85546875,25,121.0
discern-proc-so,1205.92578125,1205.92578125,16.66015625,25,130.0
systemd-journal,54.614423076923075,57.26171875,19.40234375,25,130.0
