Name,Duration,AvgCpuPercent,MaxCpuUsage,DataPoints
discern-file-so,106.0,72.3498526175539,88.21569460109265,25
discern-proc-so,109.0,1.8699809236851914,2.583581384087218,24
jbd2/vda2-8,118.0,1.2070166736076784,1.4532497964433773,25
systemd,128.0,0.8315668159940593,1.9186596728562593,27
kswapd0,90.0,0.4605727989816236,0.4982456145985801,18
discern-network,27.0,0.5289771807964208,0.553221722402051,6
