Name,Duration,AvgCpuPercent,MaxCpuUsage,DataPoints
discern-file-so,50.0,46.92356127164798,71.09305853556843,10
discern-proc-so,45.0,2.034684964024708,2.7342377844129127,9
kswapd0,46.0,0.7584212101226883,0.7656498967847909,10
systemd,58.0,0.3737251380775477,1.0029460993390884,13
jbd2/vda2-8,37.0,0.22495274966023654,0.22783005866458442,8
