Name,Duration,AvgCpuPercent,MaxCpuUsage,DataPoints
discern-file-so,80.0,45.89975925882425,75.47588614801158,17
discern-proc-so,84.0,2.3799607446501807,2.7842607529913064,17
python3,32.0,3.192401391020646,6.86600621283878,6
kswapd0,84.0,0.7693262646221849,0.7805838815488243,17
jbd2/vda2-8,79.0,0.43346415795108556,0.4479717798394943,16
systemd,57.0,0.5664754447676885,2.087749099557641,12
