IP_A,IP_B,TotalPackets,TotalBytes,TotalActiveSeconds,AvgRateMbps,PeakRateMbps
192.168.254.2,192.168.254.2,190,53472,8,0.053472,0.13016
172.30.0.12,172.30.0.12,193,51722,12,0.034481333333333336,0.119488
10.1.2.3,10.1.2.3,201,39566,14,0.022609142857142855,0.131328
10.1.2.2,10.1.2.2,227,21656,15,0.011549866666666667,0.063224
172.30.0.1,172.30.0.1,20,2266,6,0.0030213333333333333,0.003632
