Name,Duration,AvgCpuPercent,MaxCpuUsage,DataPoints
discern-file-so,55.0,43.54097597466071,66.830405296147,11
discern-proc-so,55.0,3.1326939484449285,11.848982092753829,11
kswapd0,51.0,0.750131528968732,0.7604788806400966,11
systemd,72.0,0.5142102908632313,1.6918105830058334,15
jbd2/vda2-8,28.0,0.2628997423667641,0.26810260728530055,7
