Name,Duration,AvgCpuPercent,MaxCpuUsage,DataPoints
discern-file-so,51.0,32.70705479495688,33.00504107148415,12
discern-proc-so,51.0,2.5187746367760573,2.9956985148474717,12
kswapd0,55.0,0.7333159942111545,0.7389818900087303,12
jbd2/vda2-8,55.0,0.30263565489816013,0.3063795670952209,12
systemd,55.0,0.29439668128011,0.4451220948926202,12
