Name,Duration,AvgCpuPercent,MaxCpuUsage,DataPoints
discern-file-so,75.0,71.82341741006016,82.97210412379272,16
discern-proc-so,75.0,2.608054835426606,3.8690401187521393,16
python3,22.0,4.629286752971498,9.53812773449505,4
kswapd0,75.0,0.5661136471451018,0.5766136176573734,16
jbd2/vda2-8,75.0,0.48306751151941135,0.49926331449091244,16
systemd,53.0,0.4925154649484888,1.289362040862271,12
