Name,Duration,AvgCpuPercent,MaxCpuUsage,DataPoints
discern-file-so,60.0,82.51698166591564,90.64254080508675,14
discern-proc-so,60.0,2.763002668232242,4.34925943267712,14
kswapd0,60.0,0.535854844421296,0.5416389650146974,14
systemd,64.0,0.40458166910074583,1.4495699443430952,14
jbd2/vda2-8,64.0,0.32951363078071827,0.33452046259938156,14
