Name,Duration,AvgCpuPercent,MaxCpuUsage,DataPoints
discern-file-so,49.0,33.59507501308807,34.00763839592423,11
server.py,16.0,75.34298606922721,83.24898962995567,3
discern-proc-so,44.0,2.5634185678427417,2.828719262399911,10
kswapd0,49.0,0.7836027543963482,0.7930461712081354,11
jbd2/vda2-8,34.0,0.4918990174069143,0.496652803168526,8
systemd,13.0,0.875946643488147,1.7035523744963068,3
python3,11.0,0.7446167629487945,1.031113487879189,2
discern-network,21.0,0.37723953115284264,0.3805251385325552,5
