Name,Duration,AvgCpuPercent,MaxCpuUsage,DataPoints
discern-file-so,71.0,50.13555587017271,81.5780333954298,15
discern-proc-so,71.0,2.3459566533797207,4.83734850996605,15
systemd,81.0,0.9751574306766261,1.6121325380459974,17
jbd2/vda2-8,71.0,1.1038640484282898,1.2274843012552206,15
kswapd0,51.0,0.5250994017558109,0.5729779681661538,11
named,5.0,0.9762872391180698,0.9762872391180698,1
sshd,5.0,0.7470532566467427,0.7470532566467427,1
