Name,TimeWeightedAvgVmSizeMiB,MaxVmPeakMiB,MaxVmHwmMiB,DataPoints,PeakDuration
discern-file-so,1457.1653829225352,1590.7421875,278.0859375,15,71.0
discern-logs-so,1205.4296875,1205.4296875,15.25390625,12,56.0
discern-network,1841.71484375,1863.81640625,33.69921875,15,71.0
discern-proc-so,1205.9081756161972,1205.92578125,15.734375,15,71.0
named,384.5221354166667,406.5234375,22.23828125,9,45.0
systemd-journal,47.32126524390244,49.2734375,11.94921875,9,41.0
