Name,Duration,AvgCpuPercent,MaxCpuUsage,DataPoints
server.py,38.0,79.87297995915162,87.32072749544565,7
discern-file-so,73.0,32.08072251403022,32.451134598891066,15
discern-proc-so,73.0,2.4959156500448536,3.1174617495252575,15
kswapd0,73.0,0.7689396112470015,0.7746566880093445,15
python3,33.0,1.0883608171601895,1.7415272649363764,6
discern-network,40.0,0.5733609882138272,0.5755781596754861,9
jbd2/vda2-8,27.0,0.39081350610583726,0.3983821784984962,6
systemd,8.0,1.3186841905628657,1.84918410585505,2
