Name,TimeWeightedAvgVmSizeMiB,MaxVmPeakMiB,MaxVmHwmMiB,DataPoints,PeakDuration
discern-ansible,1205.34375,1205.34375,11.43359375,4,16.0
discern-file-so,1440.850674715909,1526.67578125,287.91796875,22,110.0
discern-logs-so,1205.4296875,1205.4296875,13.79296875,5,23.0
discern-network,1898.4609375,1898.4609375,105.01953125,22,110.0
discern-proc-so,1205.92578125,1205.92578125,16.046875,9,39.0
python3,132.41296214788733,232.35546875,16.9765625,26,142.0
server.py,174.2890625,238.2890625,22.875,13,71.0
systemd-journal,44.56099759615385,49.28125,11.16796875,9,39.0
