Name,Duration,AvgCpuPercent,MaxCpuUsage,DataPoints
discern-file-so,105.0,64.17026708510794,89.20205445263147,22
server.py,66.0,40.45336039254272,44.156201640793554,13
discern-proc-so,105.0,2.417377936834953,4.592336041116005,22
jbd2/vda2-8,109.0,1.4246375716191328,1.6727577603432358,22
discern-network,103.0,1.2981593744934246,1.564020791146977,21
systemd,39.0,0.8666137099368368,1.4950603184652003,9
python3,6.0,2.107110689404092,2.107110689404092,1
