Name,TimeWeightedAvgVmSizeMiB,MaxVmPeakMiB,MaxVmHwmMiB,DataPoints,PeakDuration
discern-file-so,1436.5152493990386,1527.11328125,303.7109375,21,104.0
discern-logs-so,1205.4296875,1205.4296875,23.046875,21,104.0
discern-network,1834.14453125,1863.44140625,85.28515625,21,100.0
discern-proc-so,1205.92578125,1205.92578125,16.65234375,8,34.0
server.py,174.2890625,238.2890625,23.08203125,13,70.0
systemd-journal,72.15301983173077,73.23046875,28.73828125,21,104.0
