Name,Duration,AvgCpuPercent,MaxCpuUsage,DataPoints
discern-file-so,103.0,60.35049137681589,73.31297568168998,21
server.py,70.0,41.35801195180536,44.9462010927554,13
discern-proc-so,99.0,2.2157500423732803,2.7246856654802105,20
jbd2/vda2-8,105.0,1.4948895872948829,1.7227475415242441,21
discern-network,95.0,1.0454566155841156,1.138889365129997,19
systemd,35.0,0.7392010813818928,0.8157674677673526,8
python3,10.0,1.5604492023170562,1.896360960687967,2
kworker/u2,6.0,0.6492547000412496,0.6492547000412496,1
