Name,TimeWeightedAvgVmSizeMiB,MaxVmPeakMiB,MaxVmHwmMiB,DataPoints,PeakDuration
dbus-daemon,15.083251953125,15.30078125,9.75390625,4,16.0
discern-file-so,1475.3958705357143,1591.1171875,277.28125,15,70.0
discern-logs-so,1205.4296875,1205.4296875,13.72265625,13,59.0
discern-network,1833.33203125,1833.33203125,30.59375,15,70.0
discern-proc-so,1205.92578125,1205.92578125,16.0703125,15,70.0
systemd-journal,49.27734375,49.27734375,11.4453125,13,65.0
