Name,Duration,AvgCpuPercent,MaxCpuUsage,DataPoints
discern-file-so,70.0,42.475154578568365,70.08712687050692,15
discern-proc-so,70.0,2.4428881967850242,4.880513882135429,15
systemd,70.0,0.7749518356613802,2.091966606400084,15
kswapd0,70.0,0.6159597256041961,0.6425636202933536,15
jbd2/vda2-8,65.0,0.603747727557188,0.6402163192326704,14
sshd,5.0,0.6469297638195223,0.6469297638195223,1
