Name,Duration,AvgCpuPercent,MaxCpuUsage,DataPoints
discern-file-so,80.0,45.72381060697577,70.54204085331935,17
discern-proc-so,75.0,2.16280124159917,2.2794843917902816,16
kswapd0,80.0,0.8408618224270569,0.8506854096675424,17
jbd2/vda2-8,80.0,0.43690048297213185,0.4480777607987185,17
discern-network,75.0,0.4371640129248804,0.4416897383688855,16
systemd,10.0,0.4183055230720056,0.5313693373778364,2
