Name,Duration,AvgCpuPercent,MaxCpuUsage,DataPoints
discern-file-so,203.0,30.197458455858477,31.12122638078538,44
discern-proc-so,212.0,1.919227508124507,2.0474940103817203,43
kswapd0,225.0,0.5790759237772504,0.6114372327284006,44
jbd2/vda2-8,229.0,0.5229507586873168,0.6135785386384355,44
systemd,234.0,0.44622502277537984,1.569368318376131,45
