Name,Duration,AvgCpuPercent,MaxCpuUsage,DataPoints
discern-file-so,106.0,77.42192179370537,92.25491355934224,22
discern-proc-so,106.0,2.153093016152895,7.3507773319308765,22
jbd2/vda2-8,106.0,1.3171784525874872,1.5749214408523546,22
systemd,117.0,1.0238744013887149,5.514049700302484,24
kswapd0,92.0,0.49118426886049155,0.5255346873890658,18
discern-network,7.0,0.4573031066957329,0.46040669235473025,2
