Name,Duration,AvgCpuPercent,MaxCpuUsage,DataPoints
discern-file-so,103.0,68.17706267269875,86.46819560546918,23
discern-proc-so,107.0,1.9039141985170718,3.3701540434526187,23
jbd2/vda2-8,115.0,1.2801184706886888,1.519852149077432,23
systemd,120.0,0.7908328100105337,2.0219617982305658,24
discern-network,104.0,0.5739688776471833,0.7560086365940473,20
kswapd0,6.0,0.4487163823583937,0.45292334752308844,2
