Name,TimeWeightedAvgVmSizeMiB,MaxVmPeakMiB,MaxVmHwmMiB,DataPoints,PeakDuration
discern-file-so,1463.2770003434066,1590.7421875,292.70703125,22,91.0
discern-logs-so,1205.4296875,1205.4296875,18.06640625,22,95.0
discern-network,1898.2109375,1898.2109375,90.328125,22,91.0
discern-proc-so,1205.92578125,1205.92578125,16.8828125,22,107.0
systemd-journal,61.02815934065934,65.25,26.39453125,22,91.0
