Name,TimeWeightedAvgVmSizeMiB,MaxVmPeakMiB,MaxVmHwmMiB,DataPoints,PeakDuration
discern-file-so,1556.8645341981132,1591.4296875,288.36328125,23,106.0
discern-logs-so,1205.4296875,1205.4296875,15.37890625,23,110.0
discern-network,1881.492506377551,1881.6328125,95.36328125,23,98.0
discern-proc-so,1205.92578125,1205.92578125,16.625,23,110.0
systemd-journal,55.167010613207545,57.28125,19.70703125,23,106.0
