Name,Duration,AvgCpuPercent,MaxCpuUsage,DataPoints
discern-file-so,213.0,26.433116832265213,26.947526914103392,45
discern-proc-so,212.0,2.076127675786789,2.26004526037555,44
kswapd0,226.0,0.6235713557318204,0.6400017006210034,45
systemd,231.0,0.35046860628444326,1.209807661735271,46
jbd2/vda2-8,234.0,0.32011994164182167,0.35637220791194696,45
