Name,Duration,AvgCpuPercent,MaxCpuUsage,DataPoints
discern-file-so,59.0,30.932063951846672,31.29775793028877,13
discern-proc-so,54.0,2.0047014635266507,2.2277562387294068,12
kswapd0,59.0,0.6861322610678247,0.6935457644381345,13
systemd,64.0,0.41901508037827406,1.5783083113857725,13
jbd2/vda2-8,59.0,0.3356145390174763,0.34173042156771816,13
sshd,0.0,,0.5591297339820414,1
