IP_A,IP_B,TotalPackets,TotalBytes,TotalActiveSeconds,AvgRateMbps,PeakRateMbps
10.10.10.3,10.10.10.3,1189,1375192,24,0.4583973333333333,9.999536
10.10.10.1,10.10.10.1,1483,499630,25,0.1598816,1.848224
172.30.0.14,172.30.0.14,193,55131,12,0.036754,0.139264
192.168.254.2,192.168.254.2,158,39616,9,0.03521422222222222,0.082672
172.30.0.1,172.30.0.1,37,4312,7,0.004928,0.01544
34.117.59.81,34.117.59.81,8,2032,1,0.016256,0.016256
172.67.74.152,172.67.74.152,9,1468,1,0.011744,0.011744
fe80::1270:fdff:fe57:e58,fe80::1270:fdff:fe57:e58,2,142,1,0.001136,0.001136
fe80::88cc:e8ff:fe5d:6e08,fe80::88cc:e8ff:fe5d:6e08,2,142,1,0.001136,0.001136
