Name,Duration,AvgCpuPercent,MaxCpuUsage,DataPoints
discern-file-so,84.0,48.84552702588735,74.10586446685596,17
discern-proc-so,84.0,3.2963579038959963,7.317962517361836,17
python3,32.0,3.2603184440890094,6.799179586967269,6
kswapd0,84.0,0.8101938256330092,0.8151057940906318,17
systemd,57.0,0.4778196971563835,1.6483133187273213,12
discern-network,79.0,0.3271738355938216,0.33038327590099,16
