Name,TimeWeightedAvgVmSizeMiB,MaxVmPeakMiB,MaxVmHwmMiB,DataPoints,PeakDuration
dbus-daemon,22.9671630859375,23.40625,17.07421875,14,64.0
discern-file-so,1432.7647705078125,1463.296875,303.06640625,14,64.0
discern-logs-so,1205.4296875,1205.4296875,21.375,10,43.0
discern-network,1825.07421875,1863.1875,38.58203125,14,64.0
discern-proc-so,1205.92578125,1205.92578125,15.78125,1,5.0
ettercap,264.40234375,264.40234375,24.65625,4,21.0
systemd-journal,83.41015625,83.41015625,31.140625,13,59.0
