Name,TimeWeightedAvgVmSizeMiB,MaxVmPeakMiB,MaxVmHwmMiB,DataPoints,PeakDuration
dbus-daemon,38.646728515625,38.9609375,31.8828125,14,64.0
discern-file-so,1566.98974609375,1655.49609375,292.12109375,14,64.0
discern-logs-so,1205.4296875,1205.4296875,23.36328125,14,64.0
discern-network,1825.07421875,1863.1875,38.58203125,14,64.0
discern-proc-so,1205.92578125,1205.92578125,17.62109375,9,38.0
ettercap,221.2931189903846,264.5,24.44140625,5,26.0
