Name,Duration,AvgCpuPercent,MaxCpuUsage,DataPoints
discern-file-so,58.0,32.37982148400103,32.62406092845344,12
discern-proc-so,58.0,2.6826040039886667,3.447845327245128,12
kswapd0,58.0,0.7376640043994103,0.7422063548810941,12
systemd,63.0,0.2762319463941128,0.5234441371939609,13
jbd2/vda2-8,53.0,0.2483082941304968,0.2506499612345278,11
