IP_A,IP_B,TotalPackets,TotalBytes,TotalActiveSeconds,AvgRateMbps,PeakRateMbps
172.30.0.14,172.30.0.14,127,33523,6,0.04469733333333333,0.073072
192.168.254.2,192.168.254.2,122,29872,6,0.039829333333333335,0.070976
172.30.0.1,172.30.0.1,20,2245,3,0.005986666666666667,0.009928
fe80::546c:bbff:fedd:ada3,fe80::546c:bbff:fedd:ada3,2,142,1,0.001136,0.001136
fe80::8012:48ff:fe17:57b2,fe80::8012:48ff:fe17:57b2,2,142,1,0.001136,0.001136
fe80::cc91:9eff:fe94:f0ad,fe80::cc91:9eff:fe94:f0ad,2,142,1,0.001136,0.001136
fe80::f00a:a3ff:feb4:271a,fe80::f00a:a3ff:feb4:271a,2,142,1,0.001136,0.001136
