Name,Duration,AvgCpuPercent,MaxCpuUsage,DataPoints
discern-file-so,109.0,69.16894755054523,85.00527937382692,24
discern-proc-so,113.0,1.982100924299922,4.414884154508819,24
jbd2/vda2-8,113.0,1.2366459041494946,1.4678948496604955,24
systemd,122.0,0.749637014190472,1.2606414129642105,25
kswapd0,96.0,0.43248825938572394,0.4682856102201838,18
discern-network,16.0,0.4521002111020701,0.46439316525554003,4
sshd,0.0,,2.68127821963212,1
