Name,Duration,AvgCpuPercent,MaxCpuUsage,DataPoints
discern-file-so,70.0,73.9980956951609,84.88657583799083,15
discern-proc-so,70.0,1.9154986788661443,3.4726705644905005,15
systemd,70.0,0.8405830464419393,3.2357704709624766,15
jbd2/vda2-8,70.0,0.614761748128451,0.6410578412308109,15
kswapd0,70.0,0.5502052578075156,0.5680081240989145,15
