IP_A,IP_B,TotalPackets,TotalBytes,TotalActiveSeconds,AvgRateMbps,PeakRateMbps
10.10.10.1,10.10.10.1,1387,403453,13,0.24827876923076922,0.442304
10.10.10.2,10.10.10.2,2248,215440,13,0.13257846153846153,0.17808
172.30.0.11,172.30.0.11,353,89125,14,0.05092857142857143,0.212384
192.168.254.2,192.168.254.2,353,87958,13,0.054128,0.221856
172.30.0.1,172.30.0.1,42,4361,6,0.005814666666666667,0.012496
fe80::34ed:d3ff:feec:ec1d,fe80::34ed:d3ff:feec:ec1d,2,142,1,0.001136,0.001136
fe80::4c69:f0ff:fe3f:e594,fe80::4c69:f0ff:fe3f:e594,2,142,1,0.001136,0.001136
fe80::ccf1:48ff:fedd:41ff,fe80::ccf1:48ff:fedd:41ff,2,142,1,0.001136,0.001136
fe80::fc33:a7ff:fe82:5287,fe80::fc33:a7ff:fe82:5287,2,142,1,0.001136,0.001136
