Name,TimeWeightedAvgVmSizeMiB,MaxVmPeakMiB,MaxVmHwmMiB,DataPoints,PeakDuration
dbus-daemon,16.20703125,16.46484375,11.42578125,5,22.0
discern-file-so,1412.4095775462963,1462.609375,247.9296875,12,54.0
discern-logs-so,1205.4296875,1205.4296875,14.66796875,8,33.0
discern-network,1897.9609375,1897.9609375,104.45703125,12,54.0
discern-proc-so,1205.92578125,1205.92578125,16.03125,8,33.0
python3,85.197265625,232.35546875,17.01953125,8,42.0
server.py,171.75390625,235.75390625,20.1640625,4,21.0
systemd-journal,49.33984375,49.33984375,11.12109375,3,11.0
