Name,Duration,AvgCpuPercent,MaxCpuUsage,DataPoints
discern-file-so,55.0,64.45441443469126,74.18511521989629,12
server.py,21.0,38.1438984292444,41.052116810214706,4
discern-proc-so,55.0,2.0509164601770054,2.734898478264335,12
jbd2/vda2-8,55.0,0.8065041332025024,0.8381921295573888,12
systemd,40.0,0.6661289400630025,1.5051613404742328,9
kswapd0,33.0,0.5214066055226899,0.5347697799433212,8
python3,16.0,0.9539703439107077,1.149675268269217,3
