Name,TimeWeightedAvgVmSizeMiB,MaxVmPeakMiB,MaxVmHwmMiB,DataPoints,PeakDuration
dbus-daemon,16.267578125,16.58984375,11.390625,5,20.0
discern-file-so,1410.512469951923,1462.609375,275.26953125,11,52.0
discern-logs-so,1205.4296875,1205.4296875,22.890625,11,52.0
discern-network,1889.953125,1889.953125,100.05078125,11,52.0
discern-proc-so,1205.92578125,1205.92578125,16.2578125,7,30.0
python3,64.42578125,160.25,17.1953125,4,22.0
server.py,171.75390625,235.75390625,20.13671875,4,22.0
systemd-journal,103.60546875,103.60546875,17.3203125,2,10.0
