IP_A,IP_B,TotalPackets,TotalBytes,TotalActiveSeconds,AvgRateMbps,PeakRateMbps
172.30.0.18,172.30.0.18,82,20492,3,0.05464533333333333,0.0796
192.168.254.2,192.168.254.2,75,17486,3,0.046629333333333335,0.072144
172.30.0.1,172.30.0.1,10,1074,2,0.004296,0.006064
fe80::4c21:34ff:fe5a:a4d7,fe80::4c21:34ff:fe5a:a4d7,2,142,1,0.001136,0.001136
fe80::6842:1ff:feb0:5601,fe80::6842:1ff:feb0:5601,2,142,1,0.001136,0.001136
