Name,Duration,AvgCpuPercent,MaxCpuUsage,DataPoints
discern-file-so,183.0,27.267376683642954,28.222905216473297,45
discern-proc-so,178.0,2.098344635136369,2.3104628840923054,44
kswapd0,208.0,0.6272841625956312,0.6539935628520812,45
systemd,234.0,0.4503069985882827,1.1506920233636555,46
jbd2/vda2-8,212.0,0.48576459933711646,0.569612209200091,45
