IP_A,IP_B,TotalPackets,TotalBytes,TotalActiveSeconds,AvgRateMbps,PeakRateMbps
10.10.10.1,10.10.10.1,820,292888,25,0.09372416,0.281088
192.168.254.2,192.168.254.2,592,176494,24,0.05883133333333333,0.193648
10.10.10.2,10.10.10.2,1305,161719,23,0.05625008695652174,0.1346
172.30.0.11,172.30.0.11,524,136567,26,0.042020615384615385,0.148624
172.30.0.1,172.30.0.1,44,4777,7,0.005459428571428572,0.007632
fe80::b046:8bff:fe42:de2e,fe80::b046:8bff:fe42:de2e,2,142,1,0.001136,0.001136
