Name,TimeWeightedAvgVmSizeMiB,MaxVmPeakMiB,MaxVmHwmMiB,DataPoints,PeakDuration
dbus-daemon,47.72806490384615,54.171875,48.1015625,331,1716.0
discern-file-so,1586.5062192818368,1655.49609375,306.328125,331,1704.0
discern-logs-so,1205.4296875,1205.4296875,21.04296875,328,1713.0
discern-network,1833.83203125,1863.1875,64.94921875,331,1712.0
discern-proc-so,1205.92578125,1205.92578125,16.328125,91,470.0
systemd-journal,78.82074823252161,97.22265625,24.16796875,243,1273.0
