Name,TimeWeightedAvgVmSizeMiB,MaxVmPeakMiB,MaxVmHwmMiB,DataPoints,PeakDuration
dbus-daemon,47.57722355769231,54.04296875,47.04296875,333,1716.0
discern-cpu-sor,1205.359375,1205.359375,11.8828125,32,167.0
discern-file-so,1590.4316152896522,1655.74609375,356.57421875,333,1696.0
discern-jupyter,1205.33203125,1205.33203125,10.640625,1,5.0
discern-logs-so,1205.4296875,1205.4296875,28.61328125,333,1728.0
discern-network,1906.21484375,1906.21484375,126.1015625,333,1704.0
discern-proc-so,1205.92578125,1205.92578125,15.7109375,298,1546.0
systemd-journal,111.375,111.375,22.28515625,2,10.0
