Name,Duration,AvgCpuPercent,MaxCpuUsage,DataPoints
discern-file-so,1698.0,34.66007189584377,88.90652298460523,331
discern-proc-so,1697.0,2.7163440190440684,2.791332929562549,330
kswapd0,1714.0,0.7361656293121005,0.7393995965026191,331
discern-logs-so,1722.0,0.21295115089764238,0.22691618249289708,331
discern-network,1705.0,0.157707994558737,0.16226074611648317,327
systemd,26.0,0.5387399447189177,1.402913116679492,5
