Name,Duration,AvgCpuPercent,MaxCpuUsage,DataPoints
discern-file-so,1707.0,37.01423561450648,86.64854108644288,333
discern-proc-so,1710.0,2.580347816744581,3.0493875065053917,332
kswapd0,1731.0,0.7222608910378301,0.7283646357087268,333
discern-logs-so,1731.0,0.2813455862117706,0.2967079367013442,333
discern-network,1689.0,0.1561507430051917,0.1603769364588065,325
systemd,47.0,0.4223195182543883,1.6383967197252953,9
