Name,Duration,AvgCpuPercent,MaxCpuUsage,DataPoints
discern-file-so,20609.0,47.058181787651385,89.94441733791938,3979
discern-proc-so,21016.0,2.754431212792547,5.99185463087181,4041
discern-logs-so,20997.0,1.411769010539859,10.630929668694339,4024
kswapd0,21123.0,0.8543914589571212,0.8947298538429851,4041
systemd-journal,20026.0,0.18841624390310754,0.2201059339805236,3817
kworker/0,1523.0,0.28917656244224205,1.9928240270841637,291
systemd,25.0,0.5958020183523179,1.7466421991438155,5
discern-network,40.0,0.1391869020236771,0.13960410588844943,8
