IP_A,IP_B,TotalPackets,TotalBytes,TotalActiveSeconds,AvgRateMbps,PeakRateMbps
172.30.0.15,172.30.0.15,129,40620,7,0.04642285714285714,0.137504
192.168.254.2,192.168.254.2,120,30968,6,0.04129066666666667,0.080288
172.30.0.1,172.30.0.1,20,2257,5,0.0036112,0.005464
fe80::1cd9:96ff:fee1:4f92,fe80::1cd9:96ff:fee1:4f92,2,142,1,0.001136,0.001136
fe80::ec9a:cdff:fe98:591,fe80::ec9a:cdff:fe98:591,2,142,1,0.001136,0.001136
