Name,Duration,AvgCpuPercent,MaxCpuUsage,DataPoints
discern-file-so,121.0,68.84804228084309,86.7834411328163,24
discern-proc-so,121.0,2.149964874488769,4.816240358636329,24
jbd2/vda2-8,121.0,1.1798852424829793,1.389116356276755,24
systemd,132.0,0.7873196994254679,2.4085419615056547,26
kswapd0,110.0,0.49895867236610497,0.5288550370875662,22
