Name,Duration,AvgCpuPercent,MaxCpuUsage,DataPoints
discern-file-so,108.0,68.81735654446004,84.36032804801145,24
discern-proc-so,103.0,1.8037994038591354,2.3185884413593474,23
jbd2/vda2-8,108.0,1.192114824662484,1.4364550505183407,24
systemd,121.0,0.9051822441619896,4.775869347019861,26
kswapd0,100.0,0.4144918772912129,0.4521934518797472,20
discern-network,14.0,0.4063422882825448,0.4122350005568339,3
