Name,TimeWeightedAvgVmSizeMiB,MaxVmPeakMiB,MaxVmHwmMiB,DataPoints,PeakDuration
discern-ansible,1205.34375,1205.34375,11.11328125,17,82.0
discern-file-so,1470.0831321022727,1591.1171875,295.55078125,24,110.0
discern-logs-so,1205.4296875,1205.4296875,15.83203125,24,114.0
discern-network,1833.83203125,1833.83203125,56.2265625,24,110.0
discern-proc-so,1205.92578125,1205.92578125,16.50390625,24,114.0
systemd-journal,52.0595703125,55.39453125,12.24609375,7,36.0
