Name,TimeWeightedAvgVmSizeMiB,MaxVmPeakMiB,MaxVmHwmMiB,DataPoints,PeakDuration
discern-ansible,1205.34375,1205.34375,11.328125,2,11.0
discern-file-so,1449.2267903645834,1527.11328125,277.5546875,24,120.0
discern-jupyter,1205.33203125,1205.33203125,10.390625,3,11.0
discern-logs-so,1205.4296875,1205.4296875,15.30859375,23,115.0
discern-network,1898.2109375,1898.2109375,116.60546875,24,112.0
discern-proc-so,1205.92578125,1205.92578125,16.66796875,24,120.0
systemd-journal,53.83256219660194,55.38671875,16.296875,20,103.0
