IP_A,IP_B,TotalPackets,TotalBytes,TotalActiveSeconds,AvgRateMbps,PeakRateMbps
192.168.254.2,192.168.254.2,102,29252,6,0.039002666666666665,0.077952
172.30.0.12,172.30.0.12,110,27870,7,0.03185142857142857,0.078064
172.30.0.1,172.30.0.1,21,2313,4,0.004626,0.006168
fe80::20a3:c1ff:fe0e:5ad2,fe80::20a3:c1ff:fe0e:5ad2,2,142,1,0.001136,0.001136
