Name,Duration,AvgCpuPercent,MaxCpuUsage,DataPoints
discern-file-so,66.0,83.53561754574619,92.75867844376913,15
discern-proc-so,66.0,1.9650192985510304,3.5926245068607323,15
kswapd0,70.0,0.5384956596843642,0.5521872467552551,15
jbd2/vda2-8,70.0,0.48861386753301334,0.510536145362281,15
systemd,70.0,0.44532911922207646,0.9384245214689256,15
