Name,TimeWeightedAvgVmSizeMiB,MaxVmPeakMiB,MaxVmHwmMiB,DataPoints,PeakDuration
discern-file-so,1518.5027508802816,1591.4296875,294.46875,15,71.0
discern-logs-so,1205.4296875,1205.4296875,16.18359375,15,71.0
discern-network,1833.83203125,1833.83203125,71.5078125,15,71.0
discern-proc-so,1205.9081756161972,1205.92578125,16.125,15,71.0
systemd-journal,57.265625,57.265625,18.75390625,15,71.0
