Name,TimeWeightedAvgVmSizeMiB,MaxVmPeakMiB,MaxVmHwmMiB,DataPoints,PeakDuration
discern-file-so,1442.392333984375,1590.8046875,291.11328125,15,64.0
discern-logs-so,1205.4296875,1205.4296875,16.640625,15,68.0
discern-network,1906.21484375,1906.21484375,95.20703125,15,64.0
discern-proc-so,1205.92578125,1205.92578125,16.48828125,15,64.0
systemd-journal,63.8297119140625,65.1953125,16.71484375,15,64.0
