Name,Duration,AvgCpuPercent,MaxCpuUsage,DataPoints
discern-file-so,64.0,80.77048386216862,88.0295357843481,15
discern-proc-so,64.0,2.037441887538439,5.03157377113249,15
jbd2/vda2-8,68.0,0.6913742280443131,0.7280487687180305,15
kswapd0,68.0,0.5691655925251088,0.5834897429337407,15
systemd,68.0,0.48423275271758803,0.5049276471674393,15
