Name,Duration,AvgCpuPercent,MaxCpuUsage,DataPoints
discern-file-so,172.0,26.97639661295582,27.371253068156776,39
discern-proc-so,184.0,2.1854686240997814,2.4826772893624773,39
kswapd0,194.0,0.671658628212292,0.6824402266096775,39
systemd,213.0,0.3319798899051802,1.5565274315678124,42
jbd2/vda2-8,187.0,0.24949183557109111,0.2671162747311389,36
