Name,TimeWeightedAvgVmSizeMiB,MaxVmPeakMiB,MaxVmHwmMiB,DataPoints,PeakDuration
dbus-daemon,20.97337147887324,21.34375,14.76171875,15,71.0
discern-file-so,1503.1673085387324,1591.4296875,288.7578125,15,71.0
discern-logs-so,1205.4296875,1205.4296875,16.18359375,2,9.0
discern-network,1833.83203125,1833.83203125,71.5078125,15,71.0
discern-proc-so,1205.92578125,1205.92578125,16.16015625,13,62.0
systemd-journal,65.265625,65.265625,18.75390625,15,71.0
