Name,Duration,AvgCpuPercent,MaxCpuUsage,DataPoints
discern-file-so,72.0,71.48203527292335,85.6807850524165,15
discern-proc-so,72.0,2.48562860749802,5.178967733910289,15
kswapd0,72.0,0.620042098538809,0.6274759967512319,15
systemd,72.0,0.35671483482553373,1.0234932460589043,15
jbd2/vda2-8,72.0,0.3050233073349411,0.31262196545709064,15
