Name,Duration,AvgCpuPercent,MaxCpuUsage,DataPoints
discern-file-so,72.0,81.13471738323084,86.89601368742524,16
discern-proc-so,76.0,2.9031902946597614,9.471887582889593,16
python3,22.0,4.962557357593197,9.64072853936434,4
kswapd0,76.0,0.6376432060911864,0.6441258944955289,16
systemd,27.0,0.7308249362387754,1.8362509223297105,5
jbd2/vda2-8,65.0,0.2781683104203051,0.282841037447526,14
discern-network,36.0,0.26555880254582653,0.26786576038685506,8
