IP_A,IP_B,TotalPackets,TotalBytes,TotalActiveSeconds,AvgRateMbps,PeakRateMbps
172.30.0.12,172.30.0.12,79,19852,4,0.039704,0.077968
192.168.254.2,192.168.254.2,71,19768,3,0.05271466666666667,0.080384
172.30.0.1,172.30.0.1,14,1656,3,0.004416,0.006688
fe80::2052:27ff:fe5a:2a4e,fe80::2052:27ff:fe5a:2a4e,2,142,1,0.001136,0.001136
fe80::3841:55ff:fec1:4baf,fe80::3841:55ff:fec1:4baf,2,142,1,0.001136,0.001136
fe80::64e5:e7ff:fed8:fdb4,fe80::64e5:e7ff:fed8:fdb4,2,142,1,0.001136,0.001136
fe80::c808:9fff:fee4:6d04,fe80::c808:9fff:fee4:6d04,2,142,1,0.001136,0.001136
fe80::d084:f9ff:fed2:4099,fe80::d084:f9ff:fed2:4099,2,142,1,0.001136,0.001136
