Name,Duration,AvgCpuPercent,MaxCpuUsage,DataPoints
discern-file-so,72.0,31.569722516709913,32.07179318919494,15
discern-proc-so,71.0,2.9727774955489186,7.605858529155246,15
kswapd0,71.0,0.6743607581229442,0.6840714258476595,15
discern-network,71.0,0.42902169305516197,0.43425667454913347,15
jbd2/vda2-8,71.0,0.4120713601294781,0.42382812341801696,15
