Name,Duration,AvgCpuPercent,MaxCpuUsage,DataPoints
discern-file-so,20888.0,32.20983872895197,85.98370966998279,4079
discern-proc-so,20984.0,2.3829692458197593,2.626251919129924,4079
kswapd0,21040.0,0.7531029611343794,0.7831754224181965,4072
discern-logs-so,19942.0,0.3254398538646359,0.3903260087743964,3843
jbd2/vda2-8,5923.0,0.35242521276139493,2.2669120636224016,1147
discern-network,13225.0,0.12336863474489297,0.5325502432462804,2539
systemd,3251.0,0.23174979653408334,1.256058746163988,628
systemd-journal,43.0,0.12233889816570381,0.12238941593735075,8
