Name,TimeWeightedAvgVmSizeMiB,MaxVmPeakMiB,MaxVmHwmMiB,DataPoints,PeakDuration
dbus-daemon,21.107148072429908,25.47265625,19.06640625,209,1070.0
discern-ansible,1205.34375,1205.34375,10.77734375,10,52.0
discern-file-so,1582.881120780976,1591.7421875,355.15234375,335,1711.0
discern-logs-so,1205.4296875,1205.4296875,21.08984375,335,1715.0
discern-network,1906.2061338374635,1906.21484375,88.9296875,335,1715.0
discern-proc-so,1205.92578125,1205.92578125,16.59375,169,873.0
systemd-journal,68.13033701192121,73.25,24.49609375,282,1447.0
