Name,Duration,AvgCpuPercent,MaxCpuUsage,DataPoints
discern-file-so,1707.0,33.410993608703144,81.99522702420767,335
discern-proc-so,1715.0,2.1019726998438184,3.6787279781215236,335
kswapd0,1713.0,0.6678239138282442,0.7155658522689272,333
jbd2/vda2-8,1723.0,0.46697862630870046,1.3412083496729124,334
systemd,1735.0,0.34302494558931934,5.622062230033374,336
apt-get,6.0,11.500072919871462,11.50007291987146,1
sshd,0.0,,1.3038424986841817,1
