Name,Duration,AvgCpuPercent,MaxCpuUsage,DataPoints
discern-file-so,1706.0,39.14921637168613,83.69387289047707,335
discern-proc-so,1709.0,2.093007867063147,2.200343943558346,334
kswapd0,1700.0,0.6203291719005343,0.6909943441587448,331
jbd2/vda2-8,1726.0,0.5128192502483429,1.5721137649556396,335
systemd,1574.0,0.3746776049924915,2.582562882513719,305
discern-logs-so,167.0,0.2178878552707585,0.22119379511003032,33
discern-network,8.0,0.4404902541768345,0.4412057559949376,2
