Name,TimeWeightedAvgVmSizeMiB,MaxVmPeakMiB,MaxVmHwmMiB,DataPoints,PeakDuration
apt-get,56.99609375,56.99609375,49.22265625,1,5.0
dbus-daemon,21.14783220720721,25.6953125,19.40234375,214,1110.0
discern-ansible,1205.34375,1205.34375,11.60546875,2,10.0
discern-file-so,1586.4626497662186,1591.7421875,303.6796875,335,1711.0
discern-logs-so,1205.4296875,1205.4296875,16.54296875,327,1690.0
discern-network,1833.83203125,1863.1875,70.18359375,335,1711.0
discern-proc-so,1205.92578125,1205.92578125,17.16796875,193,995.0
systemd-journal,58.01247028163863,63.4375,16.28515625,265,1367.0
