Name,Duration,AvgCpuPercent,MaxCpuUsage,DataPoints
discern-file-so,72.0,42.48347849715166,69.16510102617697,15
discern-proc-so,72.0,2.194001912844742,3.3543781337363643,15
systemd,87.0,0.5708889073573092,1.341468248991247,18
kswapd0,72.0,0.6837122546335352,0.7046893589469364,15
jbd2/vda2-8,57.0,0.4416200529330918,0.4587066548056071,12
