Name,TimeWeightedAvgVmSizeMiB,MaxVmPeakMiB,MaxVmHwmMiB,DataPoints,PeakDuration
dbus-daemon,42.12514080668605,51.2109375,45.03125,322,1720.0
discern-file-so,1500.2882948764534,1591.6796875,375.44140625,322,1720.0
discern-logs-so,1205.4296875,1205.4296875,54.34765625,322,1720.0
discern-network,1898.2109375,1898.2109375,91.515625,322,1720.0
discern-proc-so,1205.92578125,1205.92578125,15.80078125,4,20.0
server.py,171.75390625,235.75390625,20.31640625,293,1573.0
systemd-journal,130.578125,169.3515625,19.83203125,25,127.0
