Name,TimeWeightedAvgVmSizeMiB,MaxVmPeakMiB,MaxVmHwmMiB,DataPoints,PeakDuration
dbus-daemon,42.56770680416911,51.70703125,45.7734375,323,1703.0
discern-file-so,1584.2917322725252,1591.4296875,339.5234375,324,1687.0
discern-logs-so,1205.4296875,1205.4296875,17.1640625,91,481.0
discern-network,1898.2109375,1898.2109375,90.25390625,323,1707.0
discern-proc-so,1205.92578125,1205.92578125,14.78515625,3,16.0
python3,103.04646852954144,160.25,17.1015625,107,567.0
server.py,171.75390625,235.75390625,20.13671875,315,1671.0
systemd-journal,76.96540340086831,121.31640625,25.03125,130,691.0
