Name,Duration,AvgCpuPercent,MaxCpuUsage,DataPoints
server.py,1667.0,66.48490188017216,73.18134632447982,315
discern-file-so,1708.0,31.38657870014737,69.62154553890245,324
discern-proc-so,1712.0,2.531094205614041,3.3015618159856657,324
kswapd0,1716.0,0.7215168418630196,0.7287575558024395,324
discern-network,1644.0,0.49836918248068146,0.524450840814547,309
python3,31.0,0.8375301494716192,1.254921379290099,6
sshd,45.0,0.528475963609252,0.5720660144547375,9
jbd2/vda2-8,41.0,0.33756594985392474,0.40652406994764795,8
systemd,0.0,,0.9982711939463238,1
