Name,Duration,AvgCpuPercent,MaxCpuUsage,DataPoints
discern-file-so,205.0,29.240454267228202,29.632620287567725,43
discern-proc-so,200.0,2.0559178557191635,2.7001803875759274,42
kswapd0,210.0,0.6478346684020457,0.6585729276314897,43
systemd,229.0,0.32124574621660573,1.714788471647898,45
jbd2/vda2-8,220.0,0.26908375878154006,0.291028958397632,42
