Name,Duration,AvgCpuPercent,MaxCpuUsage,DataPoints
discern-file-so,59.0,77.86343226600022,85.73662861737905,13
discern-proc-so,59.0,2.772916211019127,4.449989035189934,13
python3,11.0,7.655437479699956,9.565405421875138,2
kswapd0,59.0,0.5467380672591242,0.5510758109600445,13
discern-network,53.0,0.3013644113186261,0.3045617284990066,12
jbd2/vda2-8,37.0,0.2592659030616105,0.26171677472790805,8
systemd,17.0,0.5209818257805886,0.7342570439998654,4
