IP_A,IP_B,TotalPackets,TotalBytes,TotalActiveSeconds,AvgRateMbps,PeakRateMbps
172.30.0.12,172.30.0.12,117,31120,5,0.049792,0.078512
192.168.254.2,192.168.254.2,113,30346,5,0.0485536,0.07984
172.30.0.1,172.30.0.1,18,2132,3,0.005685333333333333,0.00656
fe80::7ce1:ddff:fe22:629d,fe80::7ce1:ddff:fe22:629d,2,142,1,0.001136,0.001136
fe80::a0c9:41ff:fe80:47b1,fe80::a0c9:41ff:fe80:47b1,2,142,1,0.001136,0.001136
fe80::b850:f4ff:fe52:4c76,fe80::b850:f4ff:fe52:4c76,2,142,1,0.001136,0.001136
