Name,Duration,AvgCpuPercent,MaxCpuUsage,DataPoints
discern-file-so,56.0,32.69925908491657,33.109279434952484,12
discern-proc-so,51.0,2.379852786120081,2.591305203087496,11
kswapd0,56.0,0.7211322283383519,0.7284018086583468,12
jbd2/vda2-8,56.0,0.37215551942937974,0.37872632341748524,12
systemd,61.0,0.3136275402618376,0.3676251378231237,13
