Name,Duration,AvgCpuPercent,MaxCpuUsage,DataPoints
discern-file-so,164.0,41.597384075849966,79.29892544246378,34
discern-proc-so,168.0,2.6247520798793795,4.319323341716204,34
kswapd0,172.0,0.7222644881332033,0.7251988037221353,34
discern-network,172.0,0.6262691260958829,0.6311319512628392,34
systemd,176.0,0.32929227197566885,1.7281375668840757,34
