IP_A,IP_B,TotalPackets,TotalBytes,TotalActiveSeconds,AvgRateMbps,PeakRateMbps
172.30.0.12,172.30.0.12,122,31592,6,0.04212266666666667,0.07704
192.168.254.2,192.168.254.2,121,31508,6,0.04201066666666667,0.083472
172.30.0.1,172.30.0.1,17,1982,3,0.005285333333333334,0.00656
fe80::1270:fdff:fe57:e2c,fe80::1270:fdff:fe57:e2c,2,142,1,0.001136,0.001136
fe80::607d:62ff:fee8:cf70,fe80::607d:62ff:fee8:cf70,2,142,1,0.001136,0.001136
fe80::90af:bff:febd:f3cf,fe80::90af:bff:febd:f3cf,2,142,1,0.001136,0.001136
fe80::9859:52ff:fe53:80aa,fe80::9859:52ff:fe53:80aa,2,142,1,0.001136,0.001136
fe80::a457:daff:fe14:2fd,fe80::a457:daff:fe14:2fd,2,142,1,0.001136,0.001136
fe80::aca2:9aff:fe03:9327,fe80::aca2:9aff:fe03:9327,2,142,1,0.001136,0.001136
