Name,Duration,AvgCpuPercent,MaxCpuUsage,DataPoints
discern-file-so,57.0,69.68416875157274,82.34793108578859,12
server.py,22.0,36.34547384628688,40.464534109848856,4
discern-proc-so,57.0,2.711347549124834,4.255791451238504,12
kswapd0,51.0,0.5340079887001784,0.5416729341666706,11
python3,23.0,0.9225019893132863,1.170248561766514,4
jbd2/vda2-8,40.0,0.509543660834933,0.5210866020019961,9
discern-network,35.0,0.39658219387995297,0.40082049551540144,8
