Name,Duration,AvgCpuPercent,MaxCpuUsage,DataPoints
discern-file-so,211.0,29.0419833071158,29.420222216237917,47
discern-proc-so,214.0,2.1655532698958027,2.674323161167219,46
kswapd0,228.0,0.6427877309376531,0.6538296325018715,47
systemd,266.0,0.34971323312633623,2.4706293558677923,51
jbd2/vda2-8,227.0,0.2536532211420243,0.27420733176245526,44
