IP_A,IP_B,TotalPackets,TotalBytes,TotalActiveSeconds,AvgRateMbps,PeakRateMbps
172.30.0.12,172.30.0.12,4582,962800,44,0.17505454545454546,0.672768
10.10.10.1,10.10.10.1,1516,413022,31,0.10658632258064517,0.596112
192.168.254.2,192.168.254.2,3324,251740,41,0.04912,0.16768
10.10.10.2,10.10.10.2,1172,163066,31,0.042081548387096775,0.109864
172.30.0.1,172.30.0.1,41,4910,7,0.005611428571428571,0.01232
34.117.59.81,34.117.59.81,8,2040,2,0.00816,0.015712
104.26.13.205,104.26.13.205,10,1536,2,0.006144,0.006184
fe80::9446:95ff:fea5:411b,fe80::9446:95ff:fea5:411b,2,142,2,0.000568,0.000576
