Name,Duration,AvgCpuPercent,MaxCpuUsage,DataPoints
discern-file-so,167.0,26.903414851172283,27.28728548259019,40
discern-proc-so,162.0,2.4070732721680743,3.207085794144046,39
kswapd0,189.0,0.648889937610771,0.6595123035384934,40
systemd,213.0,0.3266453852662297,1.5004095953150154,44
jbd2/vda2-8,185.0,0.2642578347788845,0.2835455016071026,36
apt-get,5.0,6.444086993598376,6.444086993598376,1
