Name,Duration,AvgCpuPercent,MaxCpuUsage,DataPoints
discern-file-so,61.0,64.78968285261047,80.77267324626357,14
server.py,23.0,38.46820446384932,42.17078749970607,5
discern-proc-so,55.0,2.0653436585218388,2.294550395869864,13
python3,32.0,1.0694410935065406,1.7668608141667095,6
kswapd0,60.0,0.5594968943180341,0.5650116024225662,13
systemd,13.0,0.9478612976266538,1.881994185555125,3
jbd2/vda2-8,38.0,0.32417230810740155,0.3287648473537466,9
discern-network,31.0,0.32294878928028614,0.32587043727525505,7
