Name,Duration,AvgCpuPercent,MaxCpuUsage,DataPoints
discern-file-so,47.0,32.87666031708811,33.44608957326444,12
discern-proc-so,46.0,2.3184919322619955,2.3725818773260703,11
kswapd0,55.0,0.7070693104650461,0.715902203556136,12
jbd2/vda2-8,55.0,0.45562089848674575,0.46653498119024733,12
systemd,60.0,0.35390518718457736,0.41277652260945036,13
