IP_A,IP_B,TotalPackets,TotalBytes,TotalActiveSeconds,AvgRateMbps,PeakRateMbps
192.168.254.2,192.168.254.2,73,20014,3,0.053370666666666663,0.080528
172.30.0.15,172.30.0.15,81,19924,4,0.039848,0.07736
10.10.10.2,10.10.10.2,100,7438,2,0.029752,0.033488
10.10.10.4,10.10.10.4,52,3182,2,0.012728,0.018464
172.30.0.1,172.30.0.1,14,1604,3,0.0042773333333333335,0.006352
fe80::1270:fdff:fe57:e58,fe80::1270:fdff:fe57:e58,2,142,1,0.001136,0.001136
fe80::84d:59ff:fe4b:98db,fe80::84d:59ff:fe4b:98db,2,142,1,0.001136,0.001136
