Name,Duration,AvgCpuPercent,MaxCpuUsage,DataPoints
discern-file-so,53.0,32.50220755539393,32.77848590576076,12
discern-proc-so,53.0,2.803838596951285,6.265022372451277,12
kswapd0,57.0,0.7358163628478868,0.7410349787087211,12
systemd,57.0,0.31936582966551574,0.7992673800100325,12
jbd2/vda2-8,57.0,0.2667701596799239,0.2698515139655323,12
