Name,Duration,AvgCpuPercent,MaxCpuUsage,DataPoints
discern-file-so,129.0,71.53619862783219,89.1792878750447,26
discern-proc-so,126.0,2.903089029816166,15.034379943507718,25
jbd2/vda2-8,126.0,1.2965075340038827,1.563197182395046,25
systemd,141.0,0.809359358293066,2.143807046915433,28
kswapd0,100.0,0.4742022909131777,0.5092884126553725,20
sshd,5.0,0.9126612157056812,0.9126612157056813,1
discern-network,6.0,0.41550902845348964,0.41550902845348964,1
