IP_A,IP_B,TotalPackets,TotalBytes,TotalActiveSeconds,AvgRateMbps,PeakRateMbps
172.30.0.12,172.30.0.12,133,31676,7,0.036201142857142855,0.081584
192.168.254.2,192.168.254.2,118,30964,6,0.041285333333333334,0.079168
172.30.0.1,172.30.0.1,19,2059,3,0.005490666666666666,0.007736
208.67.72.43,208.67.72.43,2,182,1,0.001456,0.001456
fe80::1270:fdff:fe57:e2c,fe80::1270:fdff:fe57:e2c,2,142,1,0.001136,0.001136
fe80::4fc:d9ff:fe43:155b,fe80::4fc:d9ff:fe43:155b,2,142,1,0.001136,0.001136
fe80::6c60:4fff:fe34:775b,fe80::6c60:4fff:fe34:775b,2,142,1,0.001136,0.001136
fe80::dca0:d4ff:fe48:5ffd,fe80::dca0:d4ff:fe48:5ffd,2,142,1,0.001136,0.001136
fe80::f453:bdff:fefa:4219,fe80::f453:bdff:fefa:4219,2,142,1,0.001136,0.001136
