Name,Duration,AvgCpuPercent,MaxCpuUsage,DataPoints
discern-file-so,75.0,82.64635963704782,91.77706657301634,15
discern-proc-so,75.0,2.5260790549693435,6.028878257521428,15
kswapd0,75.0,0.6040955926668304,0.6138819011122058,15
jbd2/vda2-8,75.0,0.3477550408105044,0.35761582749563753,15
systemd,75.0,0.331588259985984,0.4251900776313489,15
