IP_A,IP_B,TotalPackets,TotalBytes,TotalActiveSeconds,AvgRateMbps,PeakRateMbps
10.10.10.1,10.10.10.1,1456,449403,25,0.14380896,1.033064
10.10.10.4,10.10.10.4,1056,242638,24,0.08087933333333333,1.02904
172.30.0.15,172.30.0.15,159,32238,9,0.028656,0.06712
192.168.254.2,192.168.254.2,111,30346,7,0.034681142857142855,0.076
172.30.0.1,172.30.0.1,33,3905,5,0.006248,0.013968
34.117.59.81,34.117.59.81,9,2108,2,0.008432,0.016336
104.26.12.205,104.26.12.205,10,1542,1,0.012336,0.012336
fe80::4882:9dff:fe00:994c,fe80::4882:9dff:fe00:994c,2,142,1,0.001136,0.001136
