Name,Duration,AvgCpuPercent,MaxCpuUsage,DataPoints
discern-file-so,151.0,40.60371175391229,76.63063213048382,33
discern-proc-so,150.0,2.3026793534138803,2.750433399617014,32
kswapd0,155.0,0.7231323753145871,0.7266414190019727,33
discern-network,167.0,0.62317955190628,0.6278152585756046,33
systemd,176.0,0.3082446555766407,1.886010957501114,34
