Name,TimeWeightedAvgVmSizeMiB,MaxVmPeakMiB,MaxVmHwmMiB,DataPoints,PeakDuration
dbus-daemon,15.66171875,16.07421875,10.47265625,6,25.0
discern-file-so,1415.98828125,1462.671875,262.21875,14,65.0
discern-logs-so,1205.4296875,1205.4296875,13.74609375,5,22.0
discern-network,1834.14453125,1863.1875,75.9765625,14,65.0
discern-proc-so,1205.8919974662163,1205.92578125,15.9375,9,37.0
python3,94.89404296875,232.35546875,16.73828125,10,56.0
server.py,171.75390625,235.75390625,19.78125,5,28.0
systemd-journal,47.38671875,47.38671875,12.83984375,7,27.0
