Name,TimeWeightedAvgVmSizeMiB,MaxVmPeakMiB,MaxVmHwmMiB,DataPoints,PeakDuration
discern-file-so,1472.0601827330509,1590.7421875,266.39453125,13,59.0
discern-logs-so,1205.4296875,1205.4296875,22.25390625,13,63.0
discern-network,1834.20703125,1834.20703125,84.09375,13,59.0
discern-proc-so,1205.92578125,1205.92578125,17.60546875,8,35.0
python3,84.9563519021739,232.35546875,16.921875,4,23.0
server.py,171.75390625,235.75390625,20.0625,5,28.0
systemd-journal,89.291015625,101.25390625,19.10546875,9,40.0
