Name,Duration,AvgCpuPercent,MaxCpuUsage,DataPoints
discern-file-so,59.0,66.01153898204359,80.37678696496444,13
server.py,23.0,37.625001935251746,41.38214073217833,5
discern-proc-so,63.0,2.26545965468054,3.7041758832350413,13
jbd2/vda2-8,63.0,0.902110809676938,0.9551759024551231,13
python3,22.0,1.4919776724041682,1.8556154909897797,4
discern-network,41.0,0.7759680149259958,0.7887260721829213,9
systemd,36.0,0.6059319489590488,0.7428416927545386,8
