Name,Duration,AvgCpuPercent,MaxCpuUsage,DataPoints
discern-file-so,65.0,65.64382824727258,82.35787865913932,14
server.py,28.0,37.46816322036902,41.51702750380453,5
discern-proc-so,60.0,2.070576220883593,2.2352977314848346,13
jbd2/vda2-8,59.0,0.8033316741540004,0.8424850023200996,13
python3,29.0,1.2564429967752906,1.872209258128223,5
systemd,49.0,0.5752943081909891,1.3612380949157734,12
kswapd0,35.0,0.5104965219830544,0.5205701796400302,8
