Name,Duration,AvgCpuPercent,MaxCpuUsage,DataPoints
discern-file-so,1687.0,39.46280374675546,81.83742936413219,333
discern-proc-so,1691.0,2.4196818013065577,3.518827374142581,333
kswapd0,1703.0,0.7205344489083426,0.7238187694262076,333
discern-logs-so,1706.0,0.36524891693428335,0.38408201316073143,332
discern-network,1329.0,0.22546084338092673,0.22870331898616886,257
python3,378.0,0.714565460784835,9.46794449740206,73
systemd,17.0,0.5565621187289326,0.829591466554051,4
