Name,TimeWeightedAvgVmSizeMiB,MaxVmPeakMiB,MaxVmHwmMiB,DataPoints,PeakDuration
dbus-daemon,61.653302324717764,70.84765625,61.73046875,333,1683.0
discern-file-so,1586.2706931918983,1591.7421875,341.609375,333,1691.0
discern-logs-so,1205.4296875,1205.4296875,26.921875,333,1719.0
discern-network,1842.1484375,1842.1484375,78.921875,333,1699.0
discern-proc-so,1205.92578125,1205.92578125,15.0546875,6,31.0
python3,659.3205779276909,992.57421875,50.0,322,1663.0
systemd-journal,129.23828125,129.23828125,22.42578125,5,21.0
