Name,TimeWeightedAvgVmSizeMiB,MaxVmPeakMiB,MaxVmHwmMiB,DataPoints,PeakDuration
dbus-daemon,61.51577044547872,70.7109375,61.4140625,333,1692.0
discern-file-so,1589.1073441159251,1591.6796875,305.52734375,333,1708.0
discern-logs-so,1233.291124636628,1269.49609375,78.015625,333,1720.0
discern-network,1898.2734375,1898.2734375,93.78515625,333,1700.0
discern-proc-so,1205.92578125,1205.92578125,16.1640625,11,48.0
python3,659.2491736778846,992.84375,49.12890625,322,1664.0
