Name,Duration,AvgCpuPercent,MaxCpuUsage,DataPoints
discern-file-so,1686.0,32.55827331591987,86.82437380706673,333
discern-proc-so,1697.0,2.4438577641813928,2.501152319097804,332
kswapd0,1706.0,0.7705882033845314,0.7727349536163185,333
python3,839.0,0.5768246766275803,10.72802959308368,162
discern-logs-so,1711.0,0.27438505779528255,0.28680123580340144,331
discern-network,859.0,0.18984450908499423,0.19144041322231942,167
systemd,36.0,0.7275330247469086,1.9310106635867168,7
