Name,Duration,AvgCpuPercent,MaxCpuUsage,DataPoints
discern-file-so,117.0,70.11756412171336,85.19517837347196,24
discern-proc-so,117.0,2.1257133571124367,5.9530470026665805,24
jbd2/vda2-8,117.0,1.282409034397164,1.5329306172440862,24
systemd,122.0,0.8270832613523733,1.983896503769768,25
discern-network,112.0,0.5403328682589008,0.6332075509331296,22
kswapd0,0.0,,0.4706558968480634,1
