Name,Duration,AvgCpuPercent,MaxCpuUsage,DataPoints
discern-file-so,174.0,28.07608923012763,32.04238974146962,39
discern-proc-so,176.0,2.04557309289991,2.346020718854947,38
jbd2/vda2-8,190.0,0.895213886928576,1.1938771254199636,39
systemd,210.0,0.7477125986596455,3.0750450223491814,42
kswapd0,192.0,0.4696070160434785,0.548858707023739,37
