IP_A,IP_B,TotalPackets,TotalBytes,TotalActiveSeconds,AvgRateMbps,PeakRateMbps
10.10.10.1,10.10.10.1,860,346543,44,0.06300781818181818,0.435512
10.10.10.4,10.10.10.4,493,251109,26,0.07726430769230769,1.64864
10.10.10.3,10.10.10.3,912,112535,38,0.02369157894736842,0.238272
172.30.0.11,172.30.0.11,354,89206,35,0.020389942857142858,0.07948
192.168.254.2,192.168.254.2,375,88816,32,0.022204,0.076704
172.30.0.1,172.30.0.1,39,4339,8,0.004339,0.015024
fe80::9c89:7ff:fe36:c082,fe80::9c89:7ff:fe36:c082,2,142,1,0.001136,0.001136
