Name,Duration,AvgCpuPercent,MaxCpuUsage,DataPoints
server.py,879.0,60.14389696661453,65.16597499670026,166
discern-file-so,1143.0,38.64070732829085,71.21448609207397,218
discern-proc-so,1137.0,2.3342493399365996,4.5836933561857185,217
jbd2/vda2-8,1143.0,1.0814578356004523,2.5071076763663327,218
discern-network,877.0,0.7453091034976985,1.4005246380679677,167
kswapd0,498.0,0.6318092882671431,0.6648361586622601,96
python3,12.0,1.9766382520360333,1.9769003722557568,2
systemd,25.0,0.9267540499245556,1.070720259384981,5
sshd,5.0,0.9513031313691291,0.9513031313691291,1
