Name,Duration,AvgCpuPercent,MaxCpuUsage,DataPoints
server.py,43.0,56.825637783121685,80.67230065613502,7
discern-file-so,66.0,24.112890177940912,26.857412963162606,14
discern-proc-so,60.0,2.5046641830736536,2.6849462904634893,13
jbd2/vda2-8,66.0,1.5088728829140183,1.6536092050907896,14
discern-network,46.0,0.9147594022274442,0.9660106286768435,10
python3,25.0,1.3212354089345333,1.8594558667696004,4
systemd,28.0,0.834425022279655,1.0506491301167338,7
kswapd0,6.0,0.5039409042923582,0.5039409042923582,1
