Name,TimeWeightedAvgVmSizeMiB,MaxVmPeakMiB,MaxVmHwmMiB,DataPoints,PeakDuration
discern-ansible,,1205.34375,10.27734375,1,0.0
discern-file-so,1527.11328125,1527.11328125,290.53515625,14,58.0
discern-logs-so,1205.4296875,1205.4296875,14.53515625,7,34.0
discern-network,1897.8984375,1897.8984375,96.76171875,14,58.0
discern-proc-so,1205.9841145833334,1206.17578125,16.60546875,8,30.0
python3,107.31764914772727,232.25390625,23.29296875,7,44.0
server.py,174.2890625,238.2890625,22.60546875,6,32.0
systemd-journal,54.81122159090909,57.28515625,21.515625,13,55.0
