Name,Duration,AvgCpuPercent,MaxCpuUsage,DataPoints
discern-file-so,104.0,70.06290041237186,80.83541207071771,22
python3,68.0,10.200402215647953,13.909736439384172,13
discern-proc-so,108.0,2.522646633487944,4.713052547116581,22
jbd2/vda2-8,108.0,1.240928226935415,1.4437691123419159,22
systemd,113.0,0.7654952849762487,1.0240217463551864,23
discern-network,35.0,0.49150958979568893,0.530689782379358,8
