IP_A,IP_B,TotalPackets,TotalBytes,TotalActiveSeconds,AvgRateMbps,PeakRateMbps
192.168.254.2,192.168.254.2,196,51724,7,0.05911314285714286,0.11696
172.30.0.12,172.30.0.12,187,48640,10,0.038912,0.106752
10.1.2.3,10.1.2.3,188,35626,17,0.016765176470588235,0.083472
10.1.2.2,10.1.2.2,207,19965,17,0.009395294117647059,0.0356
172.30.0.1,172.30.0.1,17,1886,5,0.0030176,0.003632
fe80::1270:fdff:fe57:dd8,fe80::1270:fdff:fe57:dd8,2,142,1,0.001136,0.001136
fe80::1432:bbff:fe0f:9624,fe80::1432:bbff:fe0f:9624,2,142,2,0.000568,0.000576
