Name,Duration,AvgCpuPercent,MaxCpuUsage,DataPoints
discern-file-so,48.0,48.392398800343216,76.07337715177833,11
systemd,59.0,1.4057673080809143,6.815964848160808,14
discern-proc-so,42.0,1.6676984670770618,2.447208867014437,10
jbd2/vda2-8,44.0,0.8521820247904835,0.9074803201417377,11
kswapd0,37.0,0.5884915795272644,0.621274801653502,9
