Name,TimeWeightedAvgVmSizeMiB,MaxVmPeakMiB,MaxVmHwmMiB,DataPoints,PeakDuration
discern-file-so,1512.5526494565217,1527.05078125,274.70703125,11,69.0
discern-logs-so,1205.4296875,1205.4296875,14.58984375,11,73.0
discern-network,1833.33203125,1863.44140625,35.19921875,11,69.0
discern-proc-so,1205.9221580615942,1205.92578125,16.0234375,11,69.0
named,406.5234375,406.5234375,19.7734375,11,69.0
