Name,Duration,AvgCpuPercent,MaxCpuUsage,DataPoints
discern-file-so,138.0,39.54684219605287,75.51605215772896,31
discern-proc-so,138.0,2.096821623017808,4.17384434679116,31
kswapd0,146.0,0.658266549577109,0.6684225144777941,31
discern-network,154.0,0.5735903374083635,0.591061716832108,31
jbd2/vda2-8,157.0,0.36682729543328507,0.3967684735836275,30
systemd,5.0,0.6472351859420704,0.6472351859420704,1
