Name,TimeWeightedAvgVmSizeMiB,MaxVmPeakMiB,MaxVmHwmMiB,DataPoints,PeakDuration
dbus-daemon,17.4678955078125,18.140625,12.51171875,31,160.0
discern-file-so,1573.8529076986756,1591.1796875,275.1640625,31,151.0
discern-logs-so,1205.4296875,1205.4296875,14.453125,30,159.0
discern-network,1825.44921875,1863.5625,40.5859375,31,151.0
discern-proc-so,1205.92578125,1205.92578125,16.1953125,31,156.0
systemd-journal,49.27734375,49.27734375,11.1171875,1,5.0
