Name,TimeWeightedAvgVmSizeMiB,MaxVmPeakMiB,MaxVmHwmMiB,DataPoints,PeakDuration
dbus-daemon,17.99560546875,18.3984375,12.65234375,7,32.0
discern-file-so,1466.059249161074,1591.1171875,273.21484375,32,149.0
discern-logs-so,1205.4296875,1205.4296875,27.16796875,32,161.0
discern-network,1841.96484375,1841.96484375,37.2890625,32,157.0
discern-proc-so,1205.92578125,1205.92578125,15.82421875,26,142.0
systemd-journal,133.33022103658536,141.56640625,27.55078125,31,164.0
