Name,Duration,AvgCpuPercent,MaxCpuUsage,DataPoints
discern-file-so,148.0,57.06357237099081,84.73772331457127,32
discern-proc-so,153.0,2.031893471974209,2.5854267813531218,32
kswapd0,169.0,0.5980011709414484,0.6107493185361585,32
discern-network,169.0,0.5225806361608641,0.537199241504106,32
systemd-journal,154.0,0.40871519502483994,0.4275715944572094,29
systemd,15.0,1.1771188094643839,1.9392107725919852,3
