IP_A,IP_B,TotalPackets,TotalBytes,TotalActiveSeconds,AvgRateMbps,PeakRateMbps
172.30.0.12,172.30.0.12,87,21614,4,0.043228,0.078176
192.168.254.2,192.168.254.2,87,21582,3,0.057552,0.08536
172.30.0.1,172.30.0.1,13,1533,3,0.004088,0.005704
fe80::1270:fdff:fe57:e10,fe80::1270:fdff:fe57:e10,2,142,1,0.001136,0.001136
fe80::20ba:c2ff:fec1:f0d2,fe80::20ba:c2ff:fec1:f0d2,2,142,1,0.001136,0.001136
fe80::70eb:9dff:fec0:90af,fe80::70eb:9dff:fec0:90af,2,142,1,0.001136,0.001136
fe80::e05f:b3ff:fe74:682,fe80::e05f:b3ff:fe74:682,2,142,1,0.001136,0.001136
fe80::e89f:f1ff:fea6:816,fe80::e89f:f1ff:fea6:816,2,142,1,0.001136,0.001136
