Name,Duration,AvgCpuPercent,MaxCpuUsage,DataPoints
discern-file-so,213.0,26.363535334472143,26.724805952786546,44
discern-proc-so,213.0,2.112399755957582,3.141494584206275,44
kswapd0,218.0,0.6447031022169727,0.6559999874017998,44
systemd,235.0,0.3117432082491428,1.5344812828730008,47
jbd2/vda2-8,217.0,0.25237508356163274,0.27214332235198113,41
