Name,Duration,AvgCpuPercent,MaxCpuUsage,DataPoints
discern-file-so,65.0,55.81093014782145,78.81759696987714,14
ettercap,22.0,45.087869236260765,56.2806977797943,4
discern-proc-so,60.0,2.4621788054577607,2.6614902439459844,13
kswapd0,65.0,0.949111383985915,0.955482604248515,14
jbd2/vda2-8,60.0,0.5586716103487277,0.5673007748073376,13
discern-network,33.0,0.35165620008818216,0.35281700448710646,8
systemd,15.0,0.6409756226306158,0.9041025602010138,3
sshd,5.0,0.8249166122112401,0.8249166122112401,1
