Name,Duration,AvgCpuPercent,MaxCpuUsage,DataPoints
discern-file-so,172.0,30.02419765292888,30.58505363161199,38
discern-proc-so,177.0,2.1238609850301913,2.3176720013175087,37
kswapd0,182.0,0.6325484231746031,0.64850443910966,38
systemd,204.0,0.3781739798163894,1.509322706385351,39
jbd2/vda2-8,195.0,0.35540949495242014,0.38998602502990726,38
