IP_A,IP_B,TotalPackets,TotalBytes,TotalActiveSeconds,AvgRateMbps,PeakRateMbps
172.30.0.15,172.30.0.15,84,21894,5,0.0350304,0.068544
192.168.254.2,192.168.254.2,75,20290,4,0.04058,0.073984
10.10.10.2,10.10.10.2,102,7574,3,0.020197333333333334,0.043904
10.10.10.4,10.10.10.4,50,3074,3,0.008197333333333333,0.013056
172.30.0.1,172.30.0.1,14,1588,4,0.003176,0.00376
