Name,Duration,AvgCpuPercent,MaxCpuUsage,DataPoints
discern-file-so,56.0,32.66814550602378,33.08544665214224,12
discern-proc-so,56.0,2.2960355535833448,4.627824533815147,12
kswapd0,56.0,0.7252218665448327,0.7325231407700765,12
jbd2/vda2-8,56.0,0.35093052284547266,0.3567200493302761,12
systemd,56.0,0.3260699524663862,0.5395981739420064,12
