Name,Duration,AvgCpuPercent,MaxCpuUsage,DataPoints
discern-file-so,78.0,51.22428908277931,83.57196929079753,17
discern-proc-so,82.0,2.8935583609949345,5.6248462342816,17
python3,27.0,3.5320007391318167,7.962425742890292,6
kswapd0,82.0,0.8217228280367735,0.8271249683279355,17
systemd,56.0,0.4539104970141272,1.874719462878626,12
discern-network,77.0,0.3221372465041839,0.3250491416319814,16
