Name,Duration,AvgCpuPercent,MaxCpuUsage,DataPoints
discern-file-so,75.0,76.75700681537157,88.07570217445465,16
discern-proc-so,79.0,2.3319253696302984,2.4577031211852907,16
python3,16.0,4.225417999856276,6.493200779756759,3
kswapd0,79.0,0.6599463417108493,0.6670226202640458,16
systemd,85.0,0.37988997972023425,1.7492996572406507,17
jbd2/vda2-8,31.0,0.2781857573791182,0.27972844395756274,6
discern-network,26.0,0.27214967891648156,0.27409003301030577,6
