IP_A,IP_B,TotalPackets,TotalBytes,TotalActiveSeconds,AvgRateMbps,PeakRateMbps
172.30.0.14,172.30.0.14,380,106264,13,0.06539323076923077,0.148352
192.168.254.2,192.168.254.2,402,105116,12,0.07007733333333334,0.141552
10.1.2.2,10.1.2.2,19,2650,7,0.0030285714285714286,0.004928
10.1.1.2,10.1.1.2,21,2124,7,0.0024274285714285713,0.003008
172.30.0.1,172.30.0.1,11,1234,3,0.0032906666666666666,0.003632
::1,::1,6,378,4,0.000756,0.001008
127.0.0.1,127.0.0.1,6,258,4,0.000516,0.000688
fe80::1270:fdff:fe57:dd8,fe80::1270:fdff:fe57:dd8,2,142,1,0.001136,0.001136
fe80::1432:bbff:fe0f:9624,fe80::1432:bbff:fe0f:9624,2,142,1,0.001136,0.001136
