Name,TimeWeightedAvgVmSizeMiB,MaxVmPeakMiB,MaxVmHwmMiB,DataPoints,PeakDuration
dbus-daemon,13.75390625,13.75390625,8.65625,1,5.0
discern-file-so,1469.4164583333334,1590.7421875,276.67578125,16,75.0
discern-logs-so,1205.4296875,1205.4296875,13.72265625,15,70.0
discern-network,1833.33203125,1833.33203125,30.59375,16,75.0
discern-proc-so,1205.92578125,1205.92578125,16.0703125,16,75.0
systemd-journal,49.27734375,49.27734375,11.296875,16,75.0
