Name,Duration,AvgCpuPercent,MaxCpuUsage,DataPoints
discern-file-so,75.0,42.67826255963206,71.05137512457812,17
discern-proc-so,75.0,2.196618358057137,4.474030568309187,16
systemd,85.0,0.7784664938922873,1.7899638068244281,18
jbd2/vda2-8,75.0,0.7403215124244689,0.8064400063683437,16
kswapd0,64.0,0.5802516383508076,0.611775415737253,13
sshd,5.0,0.894560940397241,0.894560940397241,1
