Name,Duration,AvgCpuPercent,MaxCpuUsage,DataPoints
discern-file-so,182.0,31.11215674559051,34.74713465464149,45
discern-proc-so,193.0,1.9777301469089832,2.2655368340643416,44
jbd2/vda2-8,206.0,0.8688604113366547,1.1756265324742348,45
systemd,234.0,0.7124419443678688,2.9720835145273337,48
kswapd0,217.0,0.47553557798139484,0.5452181833425878,43
