IP_A,IP_B,TotalPackets,TotalBytes,TotalActiveSeconds,AvgRateMbps,PeakRateMbps
172.30.0.14,172.30.0.14,352,103230,13,0.06352615384615384,0.178528
192.168.254.2,192.168.254.2,401,101606,12,0.06773733333333333,0.169264
10.1.2.2,10.1.2.2,22,3068,6,0.004090666666666667,0.006048
10.1.1.2,10.1.1.2,24,2460,7,0.0028114285714285715,0.003552
172.30.0.1,172.30.0.1,10,1106,3,0.0029493333333333333,0.003632
::1,::1,6,378,3,0.001008,0.001512
127.0.0.1,127.0.0.1,6,258,4,0.000516,0.000688
fe80::38a2:b5ff:feaf:a349,fe80::38a2:b5ff:feaf:a349,2,142,1,0.001136,0.001136
fe80::d8b9:beff:feab:6176,fe80::d8b9:beff:feab:6176,2,142,1,0.001136,0.001136
