Name,TimeWeightedAvgVmSizeMiB,MaxVmPeakMiB,MaxVmHwmMiB,DataPoints,PeakDuration
dbus-daemon,16.227678571428573,16.71875,11.1328125,5,21.0
discern-file-so,1454.41015625,1462.984375,277.28125,16,78.0
discern-logs-so,1205.4296875,1205.4296875,13.78125,16,78.0
discern-network,1833.33203125,1833.33203125,30.59375,16,78.0
discern-proc-so,1205.9097556089744,1205.92578125,15.9765625,16,78.0
systemd-journal,49.27734375,49.27734375,11.68359375,11,57.0
