Name,Duration,AvgCpuPercent,MaxCpuUsage,DataPoints
discern-file-so,73.0,44.44852811581714,74.0189769549586,16
discern-proc-so,73.0,2.164791207418356,3.5853954512379045,16
systemd,73.0,0.6859884500374016,2.147664737928429,16
kswapd0,73.0,0.6524485647795005,0.6767624879796439,16
jbd2/vda2-8,73.0,0.5119701224949974,0.5384465126931504,16
