IP_A,IP_B,TotalPackets,TotalBytes,TotalActiveSeconds,AvgRateMbps,PeakRateMbps
10.10.10.1,10.10.10.1,1368,398445,21,0.15178857142857144,0.520832
10.10.10.3,10.10.10.3,1245,117177,17,0.05514211764705882,0.13356
192.168.254.2,192.168.254.2,455,114352,19,0.048148210526315786,0.187728
172.30.0.11,172.30.0.11,409,106798,20,0.0427192,0.154512
10.10.10.4,10.10.10.4,887,85976,19,0.036200421052631576,0.121384
172.30.0.1,172.30.0.1,41,4286,6,0.0057146666666666665,0.013552
