Name,Duration,AvgCpuPercent,MaxCpuUsage,DataPoints
discern-file-so,65.0,62.55762650904513,77.24140577597001,14
server.py,27.0,37.088924589767934,41.17589152888269,5
discern-proc-so,65.0,2.1438409128520335,2.7972944037041434,14
jbd2/vda2-8,60.0,0.6864866661732456,0.7138999370691844,13
python3,27.0,1.304692482907156,1.7476949215092579,5
kswapd0,43.0,0.5197142297918171,0.5338253844806703,10
systemd,38.0,0.5373127794044747,1.2736296238778553,9
