Name,TimeWeightedAvgVmSizeMiB,MaxVmPeakMiB,MaxVmHwmMiB,DataPoints,PeakDuration
dbus-daemon,17.055889423076923,17.62109375,11.98828125,9,39.0
discern-file-so,1414.6964370265152,1462.609375,262.21875,14,66.0
discern-logs-so,1205.4296875,1205.4296875,14.89453125,9,39.0
discern-network,1834.14453125,1863.1875,75.9765625,14,66.0
discern-proc-so,1205.8937299679487,1205.92578125,18.27734375,9,39.0
python3,93.20095486111111,232.35546875,17.08203125,10,54.0
server.py,171.75390625,235.75390625,19.80078125,5,27.0
