Name,TimeWeightedAvgVmSizeMiB,MaxVmPeakMiB,MaxVmHwmMiB,DataPoints,PeakDuration
dbus-daemon,16.94921875,16.94921875,11.66015625,2,5.0
discern-file-so,1434.8150421626983,1590.7421875,266.39453125,13,63.0
discern-logs-so,1205.4296875,1205.4296875,23.65625,12,57.0
discern-network,1834.20703125,1834.20703125,84.09375,13,63.0
discern-proc-so,1205.92578125,1205.92578125,17.60546875,5,25.0
python3,100.515625,232.35546875,17.13671875,8,44.0
server.py,171.75390625,235.75390625,20.28515625,5,28.0
systemd-journal,106.58984375,117.26171875,19.10546875,7,30.0
