Name,Duration,AvgCpuPercent,MaxCpuUsage,DataPoints
discern-file-so,53.0,68.33128384391276,81.5751693989872,13
server.py,26.0,38.92312993223213,41.83301041646923,5
discern-proc-so,57.0,2.404699906388287,6.06744428482066,13
python3,33.0,1.3180550924958874,1.7950317102106914,6
jbd2/vda2-8,55.0,0.750499591780576,0.785573742648124,12
discern-network,40.0,0.7212519686949059,0.7285209059032408,9
kswapd0,20.0,0.5455859270732216,0.5492624669475217,5
systemd,9.0,0.6931051730565682,0.8963914269719128,2
