Name,Duration,AvgCpuPercent,MaxCpuUsage,DataPoints
discern-file-so,172.0,29.13736985253866,29.708677948986928,42
discern-proc-so,175.0,2.212368679874145,2.592696333334759,41
kswapd0,193.0,0.6359362873351766,0.653877347662127,42
systemd,211.0,0.36837471919947157,1.0174513297870382,43
jbd2/vda2-8,209.0,0.3358196295755333,0.37058119522887073,42
