Name,Duration,AvgCpuPercent,MaxCpuUsage,DataPoints
discern-file-so,65.0,83.47674891667653,92.22430906584646,14
discern-proc-so,65.0,2.8674341552379845,9.084199061036596,14
jbd2/vda2-8,65.0,0.5795646011146142,0.6011433869328225,14
kswapd0,65.0,0.5122924472715206,0.5240907869922667,14
systemd,65.0,0.48217854348473976,1.2042993542343938,13
sshd,0.0,,0.6479746616921376,1
