Name,Duration,AvgCpuPercent,MaxCpuUsage,DataPoints
discern-file-so,80.0,71.53573823533398,83.98959581107256,16
discern-proc-so,80.0,2.542121721166952,3.7850102137049695,16
python3,22.0,4.957534931671817,9.897617181467092,4
kswapd0,80.0,0.6457859939001321,0.6513832137961767,16
systemd,33.0,0.6495852568056432,1.8926506864142172,6
discern-network,74.0,0.2656702945694631,0.26824470208315243,15
jbd2/vda2-8,26.0,0.24105439508080903,0.24229137161739175,6
sshd,5.0,0.8035204261167813,0.8035204261167813,1
