IP_A,IP_B,TotalPackets,TotalBytes,TotalActiveSeconds,AvgRateMbps,PeakRateMbps
172.30.0.12,172.30.0.12,77,19692,6,0.026256,0.064576
192.168.254.2,192.168.254.2,68,19394,5,0.0310304,0.071104
172.30.0.1,172.30.0.1,13,1522,4,0.003044,0.003824
fe80::2052:27ff:fe5a:2a4e,fe80::2052:27ff:fe5a:2a4e,2,142,1,0.001136,0.001136
