Name,Duration,AvgCpuPercent,MaxCpuUsage,DataPoints
discern-file-so,71.0,28.9834662395398,32.197391435817714,14
discern-proc-so,74.0,2.4170146551220637,3.3354521348292883,14
jbd2/vda2-8,74.0,1.2832519688540631,1.4159576998935242,14
systemd,74.0,0.7606320151138778,0.8288533495630058,14
discern-network,74.0,0.5997013470379099,0.6165653433374859,14
