Name,Duration,AvgCpuPercent,MaxCpuUsage,DataPoints
discern-file-so,1129.0,40.8654260401443,86.05644439966864,223
discern-proc-so,1133.0,2.0470650239577033,3.2819317273710658,223
jbd2/vda2-8,1137.0,1.0409198999680294,2.473637913327604,223
kswapd0,1125.0,0.5919734158350795,0.6764675731089448,219
systemd,1161.0,0.396194227700448,1.969528811824372,226
discern-network,4.0,0.3856345401069909,0.3856345401069909,1
