Name,TimeWeightedAvgVmSizeMiB,MaxVmPeakMiB,MaxVmHwmMiB,DataPoints,PeakDuration
discern-ansible,1205.34375,1205.34375,11.8984375,4,20.0
discern-file-so,1527.1391433189656,1527.36328125,282.90625,14,58.0
discern-logs-so,1205.4296875,1205.4296875,14.21484375,11,55.0
discern-network,1898.2109375,1898.2109375,96.65234375,14,58.0
discern-proc-so,1205.92578125,1205.92578125,17.0390625,14,66.0
systemd-journal,54.162172379032256,55.453125,16.17578125,13,62.0
