Name,Duration,AvgCpuPercent,MaxCpuUsage,DataPoints
discern-file-so,64.0,64.90544014906446,80.50149630470543,14
server.py,23.0,38.72926455147026,41.98888849474775,5
discern-proc-so,64.0,2.6822244748139963,3.8659134093320584,14
kswapd0,63.0,0.5551683518828082,0.5592965276897751,13
python3,32.0,1.068453518503486,1.7044747322161486,6
systemd,41.0,0.3237881798559376,0.7144734607298084,9
discern-network,36.0,0.31660544709579325,0.3189516051693268,8
sshd,5.0,0.7374229737276805,0.7374229737276805,1
