IP_A,IP_B,TotalPackets,TotalBytes,TotalActiveSeconds,AvgRateMbps,PeakRateMbps
10.10.10.1,10.10.10.1,1349,381241,14,0.217852,0.516232
10.10.10.2,10.10.10.2,2054,193386,14,0.11050628571428571,0.18228
172.30.0.11,172.30.0.11,349,97171,16,0.0485855,0.171936
192.168.254.2,192.168.254.2,341,86798,14,0.049598857142857146,0.178544
172.30.0.1,172.30.0.1,48,5039,7,0.005758857142857143,0.012624
