Name,TimeWeightedAvgVmSizeMiB,MaxVmPeakMiB,MaxVmHwmMiB,DataPoints,PeakDuration
dbus-daemon,24.497893032962327,30.8828125,25.15625,220,1168.0
discern-file-so,1588.2746497844828,1591.6796875,357.765625,324,1711.0
discern-logs-so,1205.4296875,1205.4296875,31.83984375,323,1710.0
discern-network,1898.2109375,1898.2109375,91.515625,324,1715.0
discern-proc-so,1205.8919974662163,1205.92578125,16.62890625,8,37.0
python3,103.54056307164635,232.35546875,16.88671875,92,492.0
server.py,174.2890625,238.2890625,23.11328125,294,1566.0
systemd-journal,119.9527254971591,169.3515625,19.83203125,35,176.0
