Name,Duration,AvgCpuPercent,MaxCpuUsage,DataPoints
server.py,1659.0,60.96087247139712,63.80336375439416,315
discern-file-so,1696.0,37.063851332350986,80.68537870066866,324
discern-proc-so,1700.0,2.4696853823168325,6.126905077654817,324
discern-network,1674.0,0.8241094075803054,1.9378636913064184,316
kswapd0,1173.0,0.7858225129336934,0.8201873015039965,222
jbd2/vda2-8,540.0,1.1177791727276412,1.9588080305043314,104
sshd,52.0,0.760437205276618,0.9496693695700421,10
systemd,22.0,1.211159363495935,1.304397447067231,5
