Name,Duration,AvgCpuPercent,MaxCpuUsage,DataPoints
server.py,1661.0,66.61477315662125,72.12955562912869,316
discern-file-so,1716.0,30.902628308435432,82.16534590113352,325
discern-proc-so,1716.0,2.243283859293345,2.5689053223063936,325
kswapd0,1418.0,0.6993594695092661,0.7111978842306231,269
jbd2/vda2-8,1063.0,0.867227365020515,1.8299710009737984,201
discern-network,959.0,0.6286661108817939,1.2388970820663923,181
systemd,27.0,0.7794546355121027,0.7947076206071887,5
python3,6.0,1.2620879279444521,1.2620879279444521,1
sshd,10.0,0.5265211157555096,0.564434309181026,2
