Name,Duration,AvgCpuPercent,MaxCpuUsage,DataPoints
discern-file-so,70.0,61.901606055099315,75.18025170285253,15
server.py,27.0,38.698795517117304,41.959584566877105,5
discern-proc-so,65.0,2.0156514700073678,2.1183510674085193,14
kswapd0,65.0,0.5582655348075294,0.5648681063733145,14
python3,32.0,1.1078307024205112,1.8660389136353543,6
systemd,15.0,1.0188657421262814,1.3235935269757833,3
jbd2/vda2-8,43.0,0.34450602892113863,0.3497214617289358,10
discern-network,33.0,0.32559411801724963,0.32944056363258745,8
