Name,Duration,AvgCpuPercent,MaxCpuUsage,DataPoints
discern-file-so,70.0,40.02502561032326,64.81177528119083,15
discern-proc-so,70.0,3.2706875697914413,7.171206390107117,15
kswapd0,70.0,0.7680455723653533,0.774888972849047,15
systemd,96.0,0.39178373068971184,1.0887642123455994,20
jbd2/vda2-8,44.0,0.22090898449078758,0.2247989750098386,10
