Name,Duration,AvgCpuPercent,MaxCpuUsage,DataPoints
discern-file-so,69.0,31.12021015980625,31.753550235525662,15
discern-proc-so,73.0,2.8614019889496016,2.9752128270743685,15
kswapd0,73.0,0.6283124672931302,0.6421849733983892,15
jbd2/vda2-8,73.0,0.5725234644954504,0.597147032363746,15
discern-network,73.0,0.4712972384911457,0.47646477710466434,15
