Name,Duration,AvgCpuPercent,MaxCpuUsage,DataPoints
discern-file-so,72.0,78.39759749350493,87.27760328371029,16
discern-proc-so,72.0,2.778586568670148,6.269652074216217,16
python3,18.0,3.4551002611335937,8.578499288451203,4
kswapd0,76.0,0.6475994744577594,0.6526320489087304,16
systemd,59.0,0.5407356069793748,2.089280286857849,13
discern-network,71.0,0.26503002738071724,0.2672947323764865,15
