Name,Duration,AvgCpuPercent,MaxCpuUsage,DataPoints
discern-file-so,55.0,79.796192525142,89.14805052313343,15
discern-proc-so,50.0,1.840401377757187,2.2002649536740244,14
jbd2/vda2-8,63.0,1.0553095921924887,1.1453163204982977,15
systemd,72.0,0.6691485453125002,0.7370424314291428,16
kswapd0,62.0,0.5089883401482401,0.5310158909885928,14
discern-network,5.0,0.3719438092191219,0.3719438092191219,1
