Name,Duration,AvgCpuPercent,MaxCpuUsage,DataPoints
discern-file-so,63.0,73.8184018326977,86.14863834818242,15
discern-proc-so,63.0,2.1162412808031896,4.853691568750324,15
jbd2/vda2-8,67.0,0.6927585921770685,0.7379816141987413,15
systemd,72.0,0.5188678116207691,0.5555978006401041,16
kswapd0,62.0,0.4409054861975567,0.454890370134374,14
