Name,TimeWeightedAvgVmSizeMiB,MaxVmPeakMiB,MaxVmHwmMiB,DataPoints,PeakDuration
discern-file-so,1456.9331473214286,1590.7421875,291.72265625,15,70.0
discern-logs-so,1205.4296875,1205.4296875,16.640625,15,70.0
discern-network,1906.21484375,1906.21484375,95.20703125,15,70.0
discern-proc-so,1205.907924107143,1205.92578125,16.328125,15,70.0
systemd-journal,57.25,57.25,16.71484375,15,70.0
