Name,TimeWeightedAvgVmSizeMiB,MaxVmPeakMiB,MaxVmHwmMiB,DataPoints,PeakDuration
dbus-daemon,18.3037109375,18.5078125,12.28125,8,36.0
discern-file-so,1463.8077498070988,1527.05078125,276.3515625,34,162.0
discern-logs-so,1205.4296875,1205.4296875,19.9375,34,174.0
discern-network,1833.33203125,1863.1875,40.75390625,34,170.0
discern-proc-so,1205.92578125,1205.92578125,16.296875,26,138.0
systemd-journal,74.0515625,97.28125,29.734375,34,170.0
