Name,TimeWeightedAvgVmSizeMiB,MaxVmPeakMiB,MaxVmHwmMiB,DataPoints,PeakDuration
dbus-daemon,17.02655291411043,18.24609375,12.16796875,33,163.0
discern-file-so,1509.967202240566,1591.1796875,287.08984375,33,159.0
discern-logs-so,1205.4296875,1205.4296875,14.66796875,33,171.0
discern-network,1833.33203125,1863.1875,35.96875,33,151.0
discern-proc-so,1205.92578125,1205.92578125,18.8203125,33,159.0
