Name,Duration,AvgCpuPercent,MaxCpuUsage,DataPoints
discern-file-so,167.0,57.89671817995374,92.89315381282428,34
discern-proc-so,171.0,2.1311335975174894,4.577883470832314,34
systemd,192.0,0.7949537018544692,3.43378157795962,37
jbd2/vda2-8,171.0,0.7465493899662681,0.8765028996557257,34
discern-network,94.0,0.5727226823423754,0.6064377662677828,18
kswapd0,68.0,0.5217137581553395,0.5397553448140484,13
