Name,Duration,AvgCpuPercent,MaxCpuUsage,DataPoints
discern-file-so,107.0,38.619252180871065,67.76915515396988,30
discern-proc-so,126.0,2.573616940990746,2.822009970678102,29
jbd2/vda2-8,142.0,1.2192416411779075,1.5789539228092697,30
systemd,151.0,0.8104274996326177,1.0335091324377972,31
discern-network,85.0,0.5551043550474075,0.5935924241695631,16
kswapd0,58.0,0.46245342188223976,0.570770293402305,12
sshd,6.0,0.8812050588449131,0.8812050588449131,1
kworker/0,6.0,0.2745295187176514,0.2745295187176514,1
