Name,TimeWeightedAvgVmSizeMiB,MaxVmPeakMiB,MaxVmHwmMiB,DataPoints,PeakDuration
discern-file-so,1458.7904759457238,1526.67578125,250.484375,32,152.0
discern-logs-so,1205.4296875,1205.4296875,15.66796875,29,150.0
discern-network,1833.2793996710527,1833.33203125,33.234375,32,152.0
discern-proc-so,1205.9180172748447,1205.92578125,16.7421875,32,161.0
systemd,161.22265625,223.921875,10.1015625,2,10.0
systemd-journal,56.24285368217054,65.33203125,15.875,25,129.0
systemd-resolve,23.53515625,23.59765625,11.69140625,8,37.0
