Name,Duration,AvgCpuPercent,MaxCpuUsage,DataPoints
discern-file-so,160.0,61.73853426165956,93.95562871011974,32
discern-proc-so,154.0,2.468888480429114,2.7705145963328146,31
jbd2/vda2-8,160.0,1.105018791681661,1.4433838289975158,32
systemd,188.0,0.8457866870337091,1.1236301045503683,36
discern-network,107.0,0.5207110724197167,0.5861313178366028,20
kswapd0,36.0,0.35974180364244557,0.3824413645884196,7
sshd,5.0,0.4782675573468257,0.4782675573468257,1
kworker/0,6.0,0.2673184827727109,0.2673184827727109,1
