Name,TimeWeightedAvgVmSizeMiB,MaxVmPeakMiB,MaxVmHwmMiB,DataPoints,PeakDuration
discern-file-so,1461.0342741935483,1526.67578125,280.2890625,30,155.0
discern-logs-so,1205.4296875,1205.4296875,14.64453125,28,153.0
discern-network,1841.274243951613,1841.3359375,32.4765625,30,155.0
discern-proc-so,1205.92578125,1205.92578125,15.63671875,30,159.0
systemd-journal,44.54156839622642,49.2734375,11.65234375,30,159.0
systemd-resolve,23.53515625,23.59765625,11.83203125,2,10.0
