Name,Duration,AvgCpuPercent,MaxCpuUsage,DataPoints
discern-file-so,73.0,48.69150672355395,81.07676636517219,17
discern-proc-so,77.0,3.2736376168831613,5.877796039026471,17
python3,22.0,4.011925568755671,7.139729762106168,5
kswapd0,77.0,0.8128445949409324,0.8180751725255214,16
systemd,57.0,0.5351588675935927,2.351291987647055,12
discern-network,71.0,0.3259061852954347,0.3289064491800391,15
