Name,Duration,AvgCpuPercent,MaxCpuUsage,DataPoints
discern-file-so,200.0,26.457926517762388,26.82717142075561,44
discern-proc-so,217.0,2.0959285276114175,2.3102484429855368,43
kswapd0,226.0,0.663048008039137,0.6754548300760106,44
systemd,245.0,0.31373191937455186,1.483703514330931,47
jbd2/vda2-8,220.0,0.2605646879535688,0.2824468200482945,42
