Name,Duration,AvgCpuPercent,MaxCpuUsage,DataPoints
discern-file-so,167.0,39.565062269482574,82.69042942519458,34
discern-proc-so,172.0,2.8147350140494996,5.265597880415717,34
kswapd0,176.0,0.7243860385884253,0.7281655963073002,34
discern-network,176.0,0.623249518797845,0.6284991711541144,34
systemd,176.0,0.3129082348576955,1.7535509839236385,34
