IP_A,IP_B,TotalPackets,TotalBytes,TotalActiveSeconds,AvgRateMbps,PeakRateMbps
192.168.254.2,192.168.254.2,108,29748,5,0.0475968,0.081264
172.30.0.12,172.30.0.12,108,27488,5,0.0439808,0.077968
172.30.0.1,172.30.0.1,18,2124,4,0.004248,0.007568
