Name,Duration,AvgCpuPercent,MaxCpuUsage,DataPoints
discern-file-so,79.0,48.097320650693824,82.5543360227953,17
discern-proc-so,74.0,2.080543412675317,2.2122178833037762,16
kswapd0,79.0,0.7568920655665123,0.7731185706985554,17
jbd2/vda2-8,83.0,0.6848257143814216,0.7245527136165554,17
discern-network,83.0,0.469968695656572,0.47790103667215017,17
systemd,5.0,0.42413278107409524,0.42413278107409524,1
