Name,TimeWeightedAvgVmSizeMiB,MaxVmPeakMiB,MaxVmHwmMiB,DataPoints,PeakDuration
dbus-daemon,18.31243896484375,19.15234375,13.0390625,14,64.0
discern-file-so,1483.3285472972973,1590.8671875,322.4296875,16,74.0
discern-logs-so,,1205.4296875,15.25390625,1,0.0
discern-network,1841.96484375,1863.81640625,33.69921875,16,74.0
discern-proc-so,1205.9088893581081,1205.92578125,15.48046875,16,74.0
named,340.51953125,402.0078125,19.90234375,2,10.0
systemd-journal,49.2734375,49.2734375,14.69140625,15,74.0
