Name,Duration,AvgCpuPercent,MaxCpuUsage,DataPoints
discern-file-so,74.0,45.07977778076918,72.8885744722415,16
discern-proc-so,74.0,2.2075559944049687,4.164990587683546,16
systemd,79.0,0.736671407232499,1.8259463579376771,17
kswapd0,74.0,0.6475598037552546,0.6671943450275546,16
jbd2/vda2-8,63.0,0.5739328444726358,0.6008673823157535,14
named,5.0,0.7459415229481835,0.7459415229481835,1
