IP_A,IP_B,TotalPackets,TotalBytes,TotalActiveSeconds,AvgRateMbps,PeakRateMbps
10.10.10.1,10.10.10.1,1232,361564,21,0.13773866666666668,0.8484
192.168.254.2,192.168.254.2,481,123268,20,0.0493072,0.170464
172.30.0.11,172.30.0.11,434,114993,22,0.04181563636363636,0.155728
10.10.10.3,10.10.10.3,1136,109662,20,0.0438648,0.14872
10.10.10.4,10.10.10.4,840,81565,21,0.031072380952380952,0.060688
172.30.0.1,172.30.0.1,41,4270,8,0.00427,0.0096
fe80::4fc:d9ff:fe43:155b,fe80::4fc:d9ff:fe43:155b,2,142,1,0.001136,0.001136
