Name,Duration,AvgCpuPercent,MaxCpuUsage,DataPoints
discern-file-so,119.0,66.78359077778063,84.44685807891541,24
discern-proc-so,114.0,1.794860881525506,2.308747310142321,23
jbd2/vda2-8,119.0,1.1962730799706303,1.4017010461420285,24
systemd,129.0,0.7390333564850505,1.5143912184820745,26
discern-network,103.0,0.48914613089554193,0.5998542428200829,20
kswapd0,11.0,0.43031666509208794,0.4434468394770504,3
