Name,Duration,AvgCpuPercent,MaxCpuUsage,DataPoints
discern-file-so,48.0,34.066277750591524,34.320073985097906,10
server.py,17.0,37.33038077076693,39.79365604306367,3
discern-proc-so,43.0,2.6455532024205244,2.775500268841138,9
kswapd0,48.0,0.7953062050186688,0.7993391193868,10
jbd2/vda2-8,36.0,0.4279781166057876,0.43165180029770506,8
python3,12.0,0.9396813953027429,1.2003130485568667,2
discern-network,26.0,0.36717042875647266,0.3705080019159381,6
systemd,10.0,0.594946554662466,0.7957094449169821,2
