Name,Duration,AvgCpuPercent,MaxCpuUsage,DataPoints
discern-file-so,110.0,70.32038857261492,86.22952593255135,24
discern-proc-so,114.0,1.8490419093013457,2.406470793488497,24
jbd2/vda2-8,114.0,1.193297732392099,1.393120925401031,24
systemd,125.0,0.7703333722892616,1.805133679601858,26
kswapd0,97.0,0.4260140774438126,0.4662421785687456,20
discern-network,6.0,0.38118894458422403,0.3822347570920033,2
