Name,Duration,AvgCpuPercent,MaxCpuUsage,DataPoints
discern-file-so,171.0,39.1528951655934,73.57593139148474,33
discern-proc-so,171.0,2.467746533081648,7.574766314293083,33
kswapd0,171.0,0.6963696488719537,0.7022126811565649,33
discern-network,171.0,0.5906565207119875,0.6015094921828384,33
systemd,175.0,0.3112668230433656,1.3551280027531576,33
