Name,Duration,AvgCpuPercent,MaxCpuUsage,DataPoints
discern-file-so,72.0,29.974574150660487,31.510448956833464,17
discern-proc-so,80.0,2.564781745389152,2.7491050870855633,17
python3,28.0,4.570731717456357,9.902219752305022,6
jbd2/vda2-8,80.0,0.906978657951694,0.9894425956341047,17
systemd,85.0,0.6184240021377732,0.8776542313277982,18
kswapd0,43.0,0.5486632928269168,0.571191271388452,10
