Name,Duration,AvgCpuPercent,MaxCpuUsage,DataPoints
discern-file-so,1075.0,40.97128991625258,94.31348405658696,210
discern-proc-so,1074.0,2.1956660643752004,2.5601963934095493,209
kswapd0,1074.0,0.7106019309484964,0.7260370662747033,209
jbd2/vda2-8,1074.0,0.4109915361943129,0.5337272483317926,209
python3,499.0,0.7031004034917604,12.19123966263045,96
discern-logs-so,563.0,0.26428377968685773,0.2755368559666469,109
systemd,26.0,1.4091093842480886,3.8051376575454623,5
sshd,5.0,0.6987519308070571,2.4993076459614283,2
