Name,TimeWeightedAvgVmSizeMiB,MaxVmPeakMiB,MaxVmHwmMiB,DataPoints,PeakDuration
discern-file-so,1527.36328125,1527.36328125,270.63671875,17,82.0
discern-logs-so,1205.4296875,1205.4296875,13.9921875,11,49.0
discern-network,1898.2109375,1898.2109375,94.21875,17,82.0
discern-proc-so,1205.92578125,1205.92578125,16.44921875,17,82.0
python3,684.5834517045455,976.56640625,49.23828125,6,33.0
systemd-journal,57.26953125,57.26953125,18.6484375,17,82.0
