Name,Duration,AvgCpuPercent,MaxCpuUsage,DataPoints
discern-file-so,164.0,37.88928838376507,65.09831826184993,33
discern-proc-so,164.0,2.842300586678042,3.752848747610293,33
kswapd0,164.0,0.6970279308382911,0.7050239699306626,33
discern-network,168.0,0.6094395018169414,0.6197070914700717,33
systemd,175.0,0.3732510355112418,1.2507655482518338,33
