Name,Duration,AvgCpuPercent,MaxCpuUsage,DataPoints
discern-file-so,22201.0,41.36822037467953,88.27021325373883,4213
discern-logs-so,19967.0,4.399374453779531,22.32810126290712,3824
discern-proc-so,22711.0,3.053768130991991,7.761611594173788,4264
kswapd0,22779.0,1.005207553214789,1.4423361096051073,4264
kworker/0,18645.0,0.5077982733390183,4.024878268442245,3393
systemd-journal,7124.0,0.24507217292506497,0.41982014550263647,1358
systemd,21.0,0.8060431302345751,1.487835009405178,4
sshd,0.0,,4.764480834447934,1
