Name,TimeWeightedAvgVmSizeMiB,MaxVmPeakMiB,MaxVmHwmMiB,DataPoints,PeakDuration
dbus-daemon,61.29196238629695,70.58984375,61.171875,331,1704.0
discern-ansible,1205.34375,1205.34375,10.79296875,2,10.0
discern-file-so,1526.6263602941176,1591.6796875,397.69140625,331,1700.0
discern-logs-so,1205.4296875,1205.4296875,35.41796875,331,1720.0
discern-network,1906.21484375,1906.21484375,88.9296875,331,1696.0
discern-proc-so,1205.92578125,1205.92578125,14.7578125,156,808.0
systemd-journal,81.68292249861419,101.265625,24.49609375,173,902.0
