Name,Duration,AvgCpuPercent,MaxCpuUsage,DataPoints
discern-file-so,1698.0,37.811270938261984,92.89719081412356,331
discern-proc-so,1706.0,2.7613770051636664,4.1009247286715835,331
kswapd0,1718.0,0.7233178290738895,0.7270272310580704,331
discern-logs-so,1722.0,0.30172120249197937,0.308374043512498,331
discern-network,1698.0,0.16237554213055333,0.16562501272625035,326
systemd,24.0,0.790030615447635,2.460747593919144,5
