Name,Duration,AvgCpuPercent,MaxCpuUsage,DataPoints
discern-file-so,1689.0,32.93603469283061,70.48712635545452,332
discern-proc-so,1709.0,2.7652255146660965,6.159301194856882,332
kswapd0,1713.0,0.743848303280846,0.7461208441490867,332
discern-logs-so,1717.0,0.2311235507192081,0.24306970843728215,332
discern-network,1698.0,0.1556813691625582,0.15964512027226938,327
systemd,27.0,1.4735957180489365,3.340401894686199,5
