Name,TimeWeightedAvgVmSizeMiB,MaxVmPeakMiB,MaxVmHwmMiB,DataPoints,PeakDuration
dbus-daemon,61.59121919014085,70.80859375,61.50390625,332,1704.0
discern-ansible,1205.34375,1205.34375,11.60546875,11,57.0
discern-cpu-sor,1205.359375,1205.359375,11.64453125,22,115.0
discern-file-so,1582.3849714578455,1591.6796875,303.2109375,332,1708.0
discern-logs-so,1205.4296875,1205.4296875,20.9765625,332,1724.0
discern-network,1833.83203125,1863.1875,70.18359375,332,1720.0
discern-proc-so,1205.9248172397172,1205.92578125,16.25390625,299,1556.0
