IP_A,IP_B,TotalPackets,TotalBytes,TotalActiveSeconds,AvgRateMbps,PeakRateMbps
172.30.0.15,172.30.0.15,118,30863,7,0.035272,0.072272
192.168.254.2,192.168.254.2,109,27434,7,0.03135314285714286,0.073424
172.30.0.1,172.30.0.1,14,1502,4,0.003004,0.0036
