Name,TimeWeightedAvgVmSizeMiB,MaxVmPeakMiB,MaxVmHwmMiB,DataPoints,PeakDuration
dbus-daemon,21.016283118206523,24.046875,18.21484375,144,736.0
discern-file-so,1432.346487032313,1462.921875,278.921875,29,147.0
discern-interfa,1507.26953125,1571.26953125,22.546875,139,705.0
discern-logs-so,1205.4296875,1205.4296875,21.1953125,146,741.0
discern-network,1889.8950475634178,1889.953125,87.86328125,149,749.0
discern-proc-so,1205.92578125,1205.92578125,16.2421875,19,94.0
systemd-journal,74.8914256198347,75.44140625,20.15625,119,605.0
