Name,Duration,AvgCpuPercent,MaxCpuUsage,DataPoints
discern-file-so,64.0,73.05877048369015,86.2163672914523,13
discern-proc-so,59.0,1.727746214498685,1.9655879536457759,12
jbd2/vda2-8,63.0,1.127598606842189,1.2135009951506173,13
systemd,74.0,0.732699097532046,1.4149703334914432,15
kswapd0,57.0,0.5230609234523482,0.5409234751439905,12
