Name,Duration,AvgCpuPercent,MaxCpuUsage,DataPoints
discern-file-so,74.0,74.89170816984604,86.85614036723997,15
discern-proc-so,74.0,2.36262267179352,8.507461734747267,15
systemd,90.0,0.92117819096988,5.10741940669659,18
jbd2/vda2-8,74.0,1.0267801558140832,1.104955424462843,15
kswapd0,58.0,0.5285720538712438,0.5557793389761141,12
