Name,TimeWeightedAvgVmSizeMiB,MaxVmPeakMiB,MaxVmHwmMiB,DataPoints,PeakDuration
discern-file-so,1420.853462837838,1462.609375,272.98828125,15,74.0
discern-logs-so,1205.4296875,1205.4296875,15.25390625,15,74.0
discern-network,1898.1484375,1898.1484375,88.69140625,15,74.0
discern-proc-so,1205.92578125,1205.92578125,15.7265625,15,74.0
systemd-journal,55.390625,55.390625,16.73046875,15,74.0
