IP_A,IP_B,TotalPackets,TotalBytes,TotalActiveSeconds,AvgRateMbps,PeakRateMbps
10.10.10.1,10.10.10.1,1278,449854,14,0.25705942857142855,0.722192
10.10.10.2,10.10.10.2,1988,189155,14,0.10808857142857142,0.155816
192.168.254.2,192.168.254.2,347,86986,14,0.04970628571428572,0.179616
172.30.0.11,172.30.0.11,336,84653,15,0.045148266666666666,0.16088
172.30.0.1,172.30.0.1,42,4420,5,0.007072,0.013552
