Name,Duration,AvgCpuPercent,MaxCpuUsage,DataPoints
discern-file-so,46.0,63.5125057961335,70.03923681131931,11
server.py,22.0,35.301341467637876,39.77289763491441,4
discern-proc-so,46.0,2.3506104409121757,4.9367855654403066,11
jbd2/vda2-8,46.0,1.3481820618485076,1.4347451032405585,11
discern-network,41.0,1.1706575944189506,1.212747199601558,10
systemd,28.0,0.7059509160155308,0.7338849357090214,7
python3,5.0,1.2688635251433746,1.2688635251433746,1
