Name,TimeWeightedAvgVmSizeMiB,MaxVmPeakMiB,MaxVmHwmMiB,DataPoints,PeakDuration
dbus-daemon,23.851453993055557,24.6953125,18.83984375,43,216.0
discern-file-so,1496.5791217672413,1527.11328125,275.62109375,27,145.0
discern-interfa,1507.26953125,1571.26953125,22.6171875,99,503.0
discern-logs-so,1205.4296875,1205.4296875,42.2109375,146,740.0
discern-network,1809.37109375,1862.93359375,76.98046875,146,740.0
discern-proc-so,1205.92578125,1205.92578125,15.43359375,4,18.0
python3,123.63352805930931,232.35546875,16.49609375,64,333.0
server.py,171.75390625,235.75390625,19.8046875,98,505.0
systemd-journal,96.92349759615385,169.1953125,36.2578125,103,520.0
