Name,TimeWeightedAvgVmSizeMiB,MaxVmPeakMiB,MaxVmHwmMiB,DataPoints,PeakDuration
discern-file-so,1410.7149286684783,1462.671875,250.78125,11,46.0
discern-logs-so,1205.4296875,1205.4296875,21.07421875,7,29.0
discern-network,1889.953125,1889.953125,100.05078125,11,46.0
discern-proc-so,1205.92578125,1205.92578125,16.41015625,7,29.0
python3,85.197265625,232.35546875,17.12890625,8,42.0
server.py,171.75390625,235.75390625,20.23046875,4,17.0
systemd-journal,78.18049568965517,83.421875,15.05859375,7,29.0
