Name,Duration,AvgCpuPercent,MaxCpuUsage,DataPoints
discern-file-so,53.0,73.7352409306678,89.96391462879045,11
server.py,22.0,38.7608542448284,41.181589470870584,4
discern-proc-so,53.0,2.3418021024601847,3.6589144307500994,11
jbd2/vda2-8,53.0,1.1726130347664647,1.2406062971044305,11
systemd,41.0,0.6703944902679849,0.7053897949008265,9
python3,17.0,1.0311597641362236,1.0986965325484277,3
discern-network,26.0,0.5708524608052369,0.5789404985471752,6
