Name,Duration,AvgCpuPercent,MaxCpuUsage,DataPoints
discern-file-so,204.0,30.654166100669634,33.9079522236639,44
discern-proc-so,207.0,2.1003490679006513,2.3823187702409605,43
systemd,235.0,0.7092312339042866,2.699601619249127,47
jbd2/vda2-8,216.0,0.7486687356028896,1.0036096107447632,44
kswapd0,213.0,0.44412918914508465,0.5240502803131475,40
sshd,5.0,0.5008346835711194,1.1125188714768326,2
