Name,Duration,AvgCpuPercent,MaxCpuUsage,DataPoints
discern-file-so,198.0,29.879603603816182,30.458016000034522,46
discern-proc-so,207.0,2.4032093560537526,5.676558205577283,46
kswapd0,219.0,0.6289256650630717,0.6459005886095667,46
systemd,235.0,0.37785814375427096,1.8915007461521212,46
jbd2/vda2-8,227.0,0.3480510129409433,0.38746923450716814,46
