Name,Duration,AvgCpuPercent,MaxCpuUsage,DataPoints
discern-file-so,182.0,28.012160672246456,31.687230965327885,41
discern-proc-so,181.0,2.23335759164497,2.681030553727123,40
jbd2/vda2-8,190.0,0.9556050128537074,1.2713397947525047,41
systemd,213.0,0.7267366906850242,2.7631498734218316,44
kswapd0,200.0,0.4270868059294806,0.49281862118222236,39
