Name,Duration,AvgCpuPercent,MaxCpuUsage,DataPoints
discern-file-so,78.0,29.753448910781874,30.338904535014816,16
discern-proc-so,78.0,2.7041328437628787,3.9011811161330665,16
python3,33.0,4.5950427568287715,10.021098907144067,6
kswapd0,78.0,0.6552791941527119,0.6676204942431618,16
jbd2/vda2-8,72.0,0.43048715699598167,0.44642517613954963,15
systemd,51.0,0.39718705682328226,0.5991427332762597,11
