Name,Duration,AvgCpuPercent,MaxCpuUsage,DataPoints
discern-file-so,74.0,83.9266712270941,91.8056282783634,16
discern-proc-so,74.0,2.4985175036531153,3.898565911359936,16
python3,16.0,3.5849578691828765,5.589619954283964,3
kswapd0,70.0,0.6785278052627568,0.684006516870963,15
systemd,54.0,0.3711266827131874,1.350418874344384,12
discern-network,70.0,0.2710384719027594,0.2739348391097107,15
