IP_A,IP_B,TotalPackets,TotalBytes,TotalActiveSeconds,AvgRateMbps,PeakRateMbps
5.6.7.8,5.6.7.8,660,1510770,104,0.11621307692307692,0.240864
172.30.0.12,172.30.0.12,7889,982853,137,0.05739287591240876,0.174576
192.168.254.2,192.168.254.2,4307,348256,137,0.020336116788321167,0.162992
1.1.2.3,1.1.2.3,761,63216,116,0.004359724137931034,0.009488
172.30.0.1,172.30.0.1,134,13942,52,0.002144923076923077,0.00616
