Name,Duration,AvgCpuPercent,MaxCpuUsage,DataPoints
discern-file-so,148.0,41.0188157388857,82.42979124775029,31
discern-proc-so,152.0,2.7958854556972383,5.12752116508917,31
kswapd0,164.0,0.721504220306278,0.7295735182854981,31
discern-network,164.0,0.6423724752585946,0.6505175402321532,31
jbd2/vda2-8,143.0,0.3385810218616208,0.34736594260819426,27
systemd,15.0,0.5748987092206003,0.8771477267629583,3
sshd,6.0,0.7780815982388614,0.7780815982388614,1
