Name,Duration,AvgCpuPercent,MaxCpuUsage,DataPoints
discern-file-so,74.0,44.76278722438808,67.11735365438675,17
discern-proc-so,68.0,2.487450811122554,2.8167270084759832,16
python3,28.0,3.468913031964316,6.6391073418973,6
jbd2/vda2-8,74.0,0.7408789371187586,0.7928877373721208,17
kswapd0,82.0,0.6541876039742345,0.6785958632639981,17
systemd,52.0,0.5974974788649232,1.522524744155881,12
