Name,Duration,AvgCpuPercent,MaxCpuUsage,DataPoints
discern-file-so,73.0,31.1666744388257,32.15990648501828,15
discern-proc-so,73.0,2.341014622129313,2.6111359329682133,15
jbd2/vda2-8,73.0,0.783287185468841,0.8310634225068767,15
kswapd0,73.0,0.5756432927868241,0.5974149970883398,15
discern-network,42.0,0.5158903124226737,0.525114570220759,9
systemd,31.0,0.5279878504334939,0.5360245339386881,6
