Name,Duration,AvgCpuPercent,MaxCpuUsage,DataPoints
discern-file-so,69.0,77.851898278612,85.92219300855285,15
discern-proc-so,64.0,2.1590150260632197,2.6564406676891985,14
kswapd0,69.0,0.5832564189559785,0.5883293727220938,15
systemd,89.0,0.42744554046266664,1.8501943004672063,19
jbd2/vda2-8,54.0,0.23292526348544437,0.23551195679502915,12
