IP_A,IP_B,TotalPackets,TotalBytes,TotalActiveSeconds,AvgRateMbps,PeakRateMbps
10.10.10.4,10.10.10.4,972,979209,42,0.186516,3.153112
10.10.10.1,10.10.10.1,1223,379075,40,0.075815,1.023024
172.30.0.15,172.30.0.15,164,33992,18,0.015107555555555556,0.06304
192.168.254.2,192.168.254.2,116,28920,12,0.01928,0.058688
172.30.0.1,172.30.0.1,35,4150,9,0.0036888888888888887,0.009904
34.117.59.81,34.117.59.81,9,2108,3,0.005621333333333333,0.0082
104.26.13.205,104.26.13.205,10,1542,3,0.004112,0.006128
