Name,TimeWeightedAvgVmSizeMiB,MaxVmPeakMiB,MaxVmHwmMiB,DataPoints,PeakDuration
discern-file-so,1527.36328125,1527.36328125,270.63671875,16,75.0
discern-logs-so,1205.4296875,1205.4296875,13.9921875,11,52.0
discern-network,1882.74,1898.2109375,94.21875,16,75.0
discern-proc-so,1205.92578125,1205.92578125,16.44921875,16,80.0
python3,683.0980747767857,992.57421875,51.9375,5,28.0
systemd-journal,56.5225,57.26953125,18.6484375,16,75.0
