Name,Duration,AvgCpuPercent,MaxCpuUsage,DataPoints
discern-file-so,72.0,29.479556088285094,32.45768861553843,16
discern-proc-so,67.0,2.6687247098939726,2.87038056439176,15
python3,34.0,4.31260661809178,8.981850779809498,6
jbd2/vda2-8,76.0,1.1966659471740506,1.3238551481195449,16
systemd,80.0,0.746691054555149,0.8137547718951789,16
kswapd0,46.0,0.4867866447219969,0.5137899431624915,10
discern-network,5.0,0.3775915467994396,0.3775915467994396,1
