Name,Duration,AvgCpuPercent,MaxCpuUsage,DataPoints
discern-file-so,1149.0,39.45698113817382,91.89761829771378,224
discern-proc-so,1153.0,2.480029113385978,8.774902761617039,224
jbd2/vda2-8,1153.0,0.9874286029686279,2.351705922544391,224
kswapd0,1146.0,0.6115455401914158,0.6977808505190212,221
systemd,1020.0,0.3927404624480298,1.864319292054429,196
python3,94.0,1.4871841575575244,7.575064790452941,18
discern-logs-so,57.0,0.24481785933704298,0.24588698428548728,12
discern-network,5.0,0.3993241568695843,0.3993241568695843,1
