Name,Duration,AvgCpuPercent,MaxCpuUsage,DataPoints
discern-file-so,61.0,80.53960960562196,91.0111681222514,14
discern-proc-so,65.0,3.493431212207659,15.08585348442376,14
systemd,65.0,0.6196727225884309,4.298103430699953,14
kswapd0,65.0,0.5776181321800489,0.5849758483242087,14
jbd2/vda2-8,65.0,0.30068437640484785,0.3056511264750524,14
