Name,Duration,AvgCpuPercent,MaxCpuUsage,DataPoints
discern-file-so,1690.0,34.410958015413236,70.18077761009911,331
discern-proc-so,1701.0,2.740483146057386,2.7793487502815464,330
kswapd0,1710.0,0.7411932160085011,0.743280628917639,331
discern-logs-so,1718.0,0.2919454180152485,0.2940478716234061,331
discern-network,1704.0,0.15734030244041652,0.15870817555341085,327
systemd,19.0,0.6591516436142679,4.050442005344552,5
