Name,Duration,AvgCpuPercent,MaxCpuUsage,DataPoints
discern-file-so,94.0,70.61953057063921,81.76454107987858,19
discern-proc-so,83.0,2.0908859471081027,2.317400499935801,17
python3,35.0,3.139118257826082,6.746832405618296,7
jbd2/vda2-8,94.0,0.9450472229628798,1.0249866610544585,19
systemd,105.0,0.7499656300661219,3.2519488192165165,21
kswapd0,54.0,0.4879244529953682,0.5066103937663854,11
discern-network,5.0,0.36946836601126903,0.36946836601126903,1
