Name,TimeWeightedAvgVmSizeMiB,MaxVmPeakMiB,MaxVmHwmMiB,DataPoints,PeakDuration
discern-file-so,1481.9750094126507,1591.4296875,308.73046875,18,83.0
discern-logs-so,1205.4296875,1205.4296875,14.42578125,12,55.0
discern-network,1898.2109375,1898.2109375,94.44921875,18,83.0
discern-proc-so,1205.92578125,1205.92578125,16.16796875,18,87.0
python3,689.6639229910714,944.546875,53.41796875,6,28.0
systemd-journal,57.26953125,57.26953125,18.5390625,18,83.0
