Name,Duration,AvgCpuPercent,MaxCpuUsage,DataPoints
discern-file-so,78.0,44.69228440911586,67.17908564224516,18
discern-proc-so,77.0,2.334736669924955,2.642863397503709,17
python3,28.0,4.053415607749661,8.751320720949783,6
jbd2/vda2-8,86.0,0.9246990382649258,1.0077987303855023,18
systemd,65.0,0.7556569501042908,2.0164984580279923,14
kswapd0,80.0,0.6076816263204823,0.6400872921794303,17
