Name,Duration,AvgCpuPercent,MaxCpuUsage,DataPoints
discern-file-so,161.0,42.18831502327578,77.50510635017545,34
discern-proc-so,165.0,2.6659465033590815,3.6895882228422643,34
kswapd0,169.0,0.684729996670342,0.6958381566650911,34
discern-network,173.0,0.6086958473160926,0.6221822730748612,34
systemd,177.0,0.39531388057806044,1.2296360118413012,34
