Name,Duration,AvgCpuPercent,MaxCpuUsage,DataPoints
discern-file-so,164.0,30.9837709795748,34.744284126664205,41
discern-proc-so,163.0,2.0644549259609337,2.3029347132758486,40
systemd,207.0,0.7209245828890606,2.369403328063441,44
jbd2/vda2-8,180.0,0.8203997086510798,1.0976222485336122,41
kswapd0,198.0,0.4768750442879106,0.5490660534179268,39
