Name,Duration,AvgCpuPercent,MaxCpuUsage,DataPoints
discern-file-so,49.0,72.05555889277632,87.53902373479248,12
server.py,17.0,38.862752910273464,41.335721046552166,4
discern-proc-so,49.0,2.6961512753762524,3.8609359353641577,12
kswapd0,48.0,0.5412223528838126,0.546060655479506,11
python3,22.0,0.8367181113286629,1.1388825067625257,5
discern-network,32.0,0.35547465536239975,0.3591325951614019,8
jbd2/vda2-8,27.0,0.3084591051557111,0.3110135813993006,7
systemd,5.0,0.6266218180857251,0.6266218180857251,1
