Name,Duration,AvgCpuPercent,MaxCpuUsage,DataPoints
discern-file-so,75.0,43.7818379671763,69.73369762573464,17
discern-proc-so,75.0,2.448618756227961,3.3890693091472786,17
python3,22.0,3.221984675651784,6.398878773629012,6
kswapd0,83.0,0.8032270366699559,0.8087006600158972,17
systemd,58.0,0.5492892421107594,1.6961399434590225,12
discern-network,78.0,0.32643422673149436,0.3303826222063886,16
