Name,Duration,AvgCpuPercent,MaxCpuUsage,DataPoints
discern-file-so,51.0,32.801130254737764,33.29901657254231,12
discern-proc-so,51.0,2.5398718161657143,6.705131197129672,12
kswapd0,55.0,0.7100970552263138,0.7190883858567946,12
jbd2/vda2-8,55.0,0.42243578591198283,0.43058753545317885,12
systemd,55.0,0.35465948472628017,0.5267228783391112,12
