Name,Duration,AvgCpuPercent,MaxCpuUsage,DataPoints
discern-file-so,79.0,46.4742545535258,76.2328744372752,17
discern-proc-so,74.0,2.729194582230137,2.9794401044346497,16
python3,28.0,2.730346709214286,7.092318657557117,6
kswapd0,83.0,0.7740986992420694,0.7825878440825349,17
jbd2/vda2-8,78.0,0.3618617782683108,0.37197818364321605,16
systemd,19.0,0.7627141630517217,1.2777670544372153,4
discern-network,42.0,0.33100164849596325,0.33498917667516437,9
