Name,Duration,AvgCpuPercent,MaxCpuUsage,DataPoints
discern-file-so,113.0,65.50595012174318,77.2649498882328,23
python3,69.0,9.712796862026709,13.330356616238909,13
discern-proc-so,113.0,2.431889527324886,6.726647272296351,23
jbd2/vda2-8,113.0,1.2543732041606646,1.4379880042877775,23
systemd,120.0,0.7761730678181724,1.446016139738064,25
discern-network,26.0,0.4843106287560731,0.5224225863239039,6
kswapd0,11.0,0.412305661720522,0.4243822003071254,2
