Name,Duration,AvgCpuPercent,MaxCpuUsage,DataPoints
discern-file-so,54.0,76.2643989332931,85.25077351154333,13
discern-proc-so,54.0,2.9742118064721677,5.7577080673808,13
systemd,58.0,0.5661906970687888,2.879695964003877,13
kswapd0,54.0,0.5300327864499625,0.5387516964055838,13
jbd2/vda2-8,58.0,0.39921895176081923,0.40704723099445006,13
