Name,Duration,AvgCpuPercent,MaxCpuUsage,DataPoints
discern-file-so,135.0,35.28865995334857,66.11560683420622,31
discern-proc-so,138.0,2.541571077227244,2.678230476145569,30
discern-network,151.0,1.0035614765044467,1.020722866573777,31
kswapd0,155.0,0.7420359620134563,0.750345847496089,31
jbd2/vda2-8,127.0,0.466726001433514,0.4891317062173556,25
flooder,21.0,0.5560082751920492,0.6607400995068078,4
systemd,16.0,0.48588373287868203,0.5594898385752047,3
