Name,TimeWeightedAvgVmSizeMiB,MaxVmPeakMiB,MaxVmHwmMiB,DataPoints,PeakDuration
dbus-daemon,63.722445101351354,73.66015625,65.62109375,326,1702.0
discern-file-so,1526.0010099197586,1591.4296875,339.5234375,326,1698.0
discern-logs-so,1205.4296875,1205.4296875,21.890625,244,1290.0
discern-network,1898.2109375,1898.2109375,90.25390625,326,1706.0
discern-proc-so,1205.92578125,1205.92578125,14.7734375,3,16.0
python3,171.53059895833334,232.35546875,16.92578125,29,150.0
server.py,171.75390625,235.75390625,20.03125,142,744.0
systemd-journal,133.3255134110342,161.2890625,25.03125,234,1228.0
