Name,Duration,AvgCpuPercent,MaxCpuUsage,DataPoints
server.py,1649.0,60.20451045027568,63.15577299414304,315
discern-file-so,1688.0,36.541694113058966,80.09298702219291,324
discern-proc-so,1692.0,2.4898258634986705,7.066155378883393,324
kswapd0,1703.0,0.8420926527756775,0.8519008307488275,323
discern-network,1568.0,0.6037279674750269,0.6157597217079788,296
sshd,122.0,0.7290914565909717,1.150726861282373,23
python3,31.0,1.023254820719151,1.4710573247764538,6
discern-logs-so,32.0,0.4627568972389255,0.5036172551431244,7
systemd,7.0,1.8495500785594559,2.4005307266168616,2
