Name,TimeWeightedAvgVmSizeMiB,MaxVmPeakMiB,MaxVmHwmMiB,DataPoints,PeakDuration
dbus-daemon,63.23030031748376,73.1640625,65.05078125,324,1693.0
discern-file-so,1461.6252630316008,1527.61328125,375.44140625,324,1693.0
discern-logs-so,1258.2345679012346,1269.49609375,83.56640625,324,1701.0
discern-network,1898.2109375,1898.2109375,91.515625,324,1701.0
discern-proc-so,1205.92578125,1205.92578125,14.67578125,3,16.0
server.py,171.75390625,235.75390625,20.16015625,254,1352.0
systemd-journal,139.35000671561605,169.3515625,20.3984375,67,349.0
