Name,Duration,AvgCpuPercent,MaxCpuUsage,DataPoints
discern-file-so,148.0,38.69213303772402,70.36201976551824,34
discern-proc-so,155.0,2.337371215552098,2.5365677750531024,33
kswapd0,164.0,0.7223711295997304,0.7255928338475739,34
discern-network,168.0,0.6244625068470202,0.6293539463348109,34
systemd,177.0,0.31679318849926796,1.3381488000657458,35
