Name,Duration,AvgCpuPercent,MaxCpuUsage,DataPoints
discern-file-so,160.0,43.69275123784307,88.68977277757905,33
discern-proc-so,164.0,2.5682749052563993,4.020332461553722,33
kswapd0,172.0,0.6326517104346013,0.650221416758003,33
jbd2/vda2-8,166.0,0.5788135419913346,0.646899760388448,32
discern-network,132.0,0.6054796840881939,0.6234552382871223,25
systemd,46.0,0.6869486771853726,1.3398407711388174,9
