Name,TimeWeightedAvgVmSizeMiB,MaxVmPeakMiB,MaxVmHwmMiB,DataPoints,PeakDuration
dbus-daemon,19.56539351851852,20.30859375,14.29296875,33,162.0
discern-cpu-sor,1204.9662298387098,1205.046875,11.515625,7,31.0
discern-file-so,1525.895272943038,1591.1796875,289.171875,33,158.0
discern-logs-so,1205.4296875,1205.4296875,14.66796875,26,139.0
discern-network,1833.33203125,1863.1875,40.0859375,33,154.0
discern-proc-so,1205.92578125,1205.92578125,16.2421875,33,166.0
