Name,Duration,AvgCpuPercent,MaxCpuUsage,DataPoints
discern-file-so,156.0,60.81387811582377,88.48677742858577,33
discern-proc-so,160.0,2.448555434851909,7.416555385115902,33
kswapd0,159.0,0.5854196525533978,0.60360178895709,32
jbd2/vda2-8,166.0,0.5442587475386385,0.6072932286500856,32
discern-network,118.0,0.568945381960676,0.5830233398084836,23
systemd,61.0,1.0093534327078664,5.563418602935387,12
