Name,TimeWeightedAvgVmSizeMiB,MaxVmPeakMiB,MaxVmHwmMiB,DataPoints,PeakDuration
dbus-daemon,19.7767333984375,20.5703125,14.49609375,33,160.0
discern-file-so,1506.1709884751774,1590.7421875,275.98828125,34,141.0
discern-logs-so,1205.4296875,1205.4296875,25.90234375,34,149.0
discern-network,1833.33203125,1863.1875,40.75390625,34,145.0
discern-proc-so,1205.92578125,1205.92578125,15.953125,21,113.0
systemd-journal,119.1967548076923,121.2890625,29.734375,14,65.0
