Name,Duration,AvgCpuPercent,MaxCpuUsage,DataPoints
discern-file-so,48.0,34.001641970391624,34.24231097509171,10
server.py,16.0,39.100701497861664,45.14574850582602,3
discern-proc-so,48.0,2.884614984693029,3.996627154992425,10
kswapd0,48.0,0.7921314502034803,0.7957773736211091,10
jbd2/vda2-8,38.0,0.469169328358982,0.4747133954413299,8
discern-network,27.0,0.37470088557580816,0.37822000782231413,6
python3,10.0,0.9763940455004713,1.228643105233641,2
systemd,5.0,0.42202975814415894,0.42202975814415894,1
