Name,Duration,AvgCpuPercent,MaxCpuUsage,DataPoints
discern-file-so,137.0,61.32680705840969,90.93705073084276,32
discern-proc-so,140.0,1.9009019611262723,2.1264051915643254,31
kswapd0,153.0,0.568570046276578,0.5849902312506411,32
discern-network,155.0,0.5168141075446248,0.5403088999947517,31
jbd2/vda2-8,165.0,0.4642579266708889,0.5172921625529651,32
systemd,11.0,1.2566855754025152,2.134193178328097,2
