Name,TimeWeightedAvgVmSizeMiB,MaxVmPeakMiB,MaxVmHwmMiB,DataPoints,PeakDuration
dbus-daemon,15.743180071721312,16.3359375,10.71875,26,122.0
discern-cpu-sor,1205.046875,1205.046875,10.1796875,3,15.0
discern-file-so,1458.0271173007247,1462.984375,275.1640625,33,138.0
discern-logs-so,1205.4296875,1205.4296875,14.453125,30,147.0
discern-network,1825.44921875,1863.5625,38.98828125,33,121.0
discern-proc-so,1205.9169784330986,1205.92578125,16.1953125,33,142.0
systemd-journal,49.27734375,49.27734375,11.1171875,7,36.0
