Name,Duration,AvgCpuPercent,MaxCpuUsage,DataPoints
discern-file-so,167.0,37.85789775405473,67.95644432116089,33
discern-proc-so,171.0,2.220944821552333,4.747334607995313,33
kswapd0,171.0,0.6364779439049928,0.6523762001589846,33
discern-network,175.0,0.5511964112547157,0.5840951364856789,33
jbd2/vda2-8,165.0,0.45872364354822487,0.5131633972477482,31
systemd,10.0,1.4099072256566956,1.5819987100477437,2
