Name,TimeWeightedAvgVmSizeMiB,MaxVmPeakMiB,MaxVmHwmMiB,DataPoints,PeakDuration
discern-file-so,1520.5468252388534,1591.1171875,279.125,32,157.0
discern-logs-so,1205.4296875,1205.4296875,24.3984375,32,161.0
discern-network,1841.96484375,1841.96484375,37.2890625,32,157.0
discern-proc-so,1205.92578125,1205.92578125,16.24609375,32,165.0
systemd-journal,119.11635539940828,125.6015625,27.55078125,32,169.0
