IP_A,IP_B,TotalPackets,TotalBytes,TotalActiveSeconds,AvgRateMbps,PeakRateMbps
192.168.254.2,192.168.254.2,102,29238,6,0.038984,0.078624
172.30.0.12,172.30.0.12,111,28699,7,0.032798857142857143,0.078064
172.30.0.1,172.30.0.1,20,2210,4,0.00442,0.006168
fe80::18dd:e9ff:fe23:b7a7,fe80::18dd:e9ff:fe23:b7a7,2,142,1,0.001136,0.001136
fe80::3c3c:29ff:fea9:cfac,fe80::3c3c:29ff:fea9:cfac,2,142,1,0.001136,0.001136
fe80::a4ac:d0ff:fe40:ec91,fe80::a4ac:d0ff:fe40:ec91,2,142,1,0.001136,0.001136
fe80::e0c8:ccff:fef2:ffce,fe80::e0c8:ccff:fef2:ffce,2,142,1,0.001136,0.001136
