Name,Duration,AvgCpuPercent,MaxCpuUsage,DataPoints
discern-file-so,70.0,84.42809460462598,91.63831604977136,15
discern-proc-so,70.0,2.2845572299553156,3.5925029926739946,15
kswapd0,70.0,0.5900021350024878,0.5992718371603031,15
jbd2/vda2-8,70.0,0.38404816390260293,0.39671803574906683,15
systemd,70.0,0.35462092551304647,0.4812611921561429,15
