IP_A,IP_B,TotalPackets,TotalBytes,TotalActiveSeconds,AvgRateMbps,PeakRateMbps
192.168.254.2,192.168.254.2,106,29582,5,0.0473312,0.078832
172.30.0.15,172.30.0.15,107,28228,5,0.0451648,0.078648
172.30.0.1,172.30.0.1,14,1490,3,0.003973333333333333,0.006192
fe80::34ed:d3ff:feec:ec1d,fe80::34ed:d3ff:feec:ec1d,2,142,1,0.001136,0.001136
fe80::4c69:f0ff:fe3f:e594,fe80::4c69:f0ff:fe3f:e594,2,142,1,0.001136,0.001136
fe80::a06e:ddff:fe08:22d9,fe80::a06e:ddff:fe08:22d9,2,142,1,0.001136,0.001136
fe80::a4bc:8bff:feb9:7311,fe80::a4bc:8bff:feb9:7311,2,142,1,0.001136,0.001136
fe80::ccf1:48ff:fedd:41ff,fe80::ccf1:48ff:fedd:41ff,2,142,1,0.001136,0.001136
fe80::fc33:a7ff:fe82:5287,fe80::fc33:a7ff:fe82:5287,2,142,1,0.001136,0.001136
