Name,TimeWeightedAvgVmSizeMiB,MaxVmPeakMiB,MaxVmHwmMiB,DataPoints,PeakDuration
dbus-daemon,15.69140625,15.69140625,9.94921875,2,5.0
discern-file-so,1494.9719350961539,1590.8046875,262.31640625,15,65.0
discern-logs-so,1205.4296875,1205.4296875,15.25390625,15,69.0
discern-network,1898.1484375,1898.1484375,88.69140625,15,65.0
discern-proc-so,1205.9027043269232,1205.92578125,16.00390625,15,65.0
systemd-journal,55.390625,55.390625,16.73046875,13,64.0
