Name,Duration,AvgCpuPercent,MaxCpuUsage,DataPoints
discern-file-so,75.0,80.17003425998597,93.00488816727807,15
discern-proc-so,69.0,1.861081558351983,2.3099486875274895,14
jbd2/vda2-8,75.0,0.7673863704432234,0.8052695623244053,15
systemd,87.0,0.618395482339134,1.6254839648228365,17
kswapd0,69.0,0.5550117013342685,0.5719893961784691,14
