Name,Duration,AvgCpuPercent,MaxCpuUsage,DataPoints
discern-file-so,70.0,76.20281872096635,86.63358994947095,15
discern-proc-so,70.0,2.2200111519224817,5.6641718727250385,15
systemd,70.0,0.8952351586073388,4.037408316059047,15
jbd2/vda2-8,70.0,0.7056410939223657,0.7425533688405631,15
kswapd0,70.0,0.5439919577167951,0.5632067730072221,15
