Name,Duration,AvgCpuPercent,MaxCpuUsage,DataPoints
discern-file-so,80.0,79.17720845456662,88.7989814198943,17
discern-proc-so,80.0,2.4493636529003986,4.427236977864058,17
python3,21.0,4.110913006672098,7.50976463541754,4
kswapd0,80.0,0.6103942072578958,0.6181453258609764,17
systemd,64.0,0.4201304874201068,1.4752552758678499,14
jbd2/vda2-8,75.0,0.33272540673594997,0.34017752933711903,16
