Name,Duration,AvgCpuPercent,MaxCpuUsage,DataPoints
discern-file-so,50.0,30.108716473268878,30.463723428556317,11
discern-proc-so,50.0,2.9477974760134056,5.167218221998706,11
python3,10.0,9.503028895845176,12.978880373125543,2
kswapd0,50.0,0.7264522293482197,0.7337390793545205,11
discern-network,45.0,0.4137220764603495,0.41912109864646735,10
jbd2/vda2-8,40.0,0.3368870788019019,0.3406009126241452,9
systemd,5.0,0.9610835123272887,0.9610835123272887,1
