Name,TimeWeightedAvgVmSizeMiB,MaxVmPeakMiB,MaxVmHwmMiB,DataPoints,PeakDuration
dbus-daemon,25.555078125,25.8515625,19.484375,11,50.0
discern-file-so,1655.74609375,1655.74609375,300.8125,11,50.0
discern-logs-so,1205.4296875,1205.4296875,18.33203125,4,13.0
discern-network,1833.83203125,1863.1875,79.86328125,11,50.0
discern-proc-so,1205.92578125,1205.92578125,21.546875,6,32.0
python3,833.63671875,1128.890625,46.1640625,2,10.0
systemd-journal,65.265625,65.265625,19.578125,10,45.0
