Name,Duration,AvgCpuPercent,MaxCpuUsage,DataPoints
discern-file-so,206.0,29.048890523958733,33.31976199428479,46
discern-proc-so,206.0,2.033536201829517,2.287423593548008,45
jbd2/vda2-8,215.0,0.8409634750374219,1.1307771908572,46
systemd,238.0,0.6715366488786826,1.596065373257584,48
kswapd0,225.0,0.4860878814494681,0.5555476017353175,45
