Name,Duration,AvgCpuPercent,MaxCpuUsage,DataPoints
discern-file-so,164.0,38.115565187240925,70.58043460463537,33
discern-proc-so,172.0,2.974089161542219,6.075446825463167,33
kswapd0,172.0,0.6621059557899499,0.6803781963121971,33
discern-network,172.0,0.6091280059893444,0.6256829136987833,33
jbd2/vda2-8,131.0,0.3872184843212812,0.4111033836839983,24
systemd,41.0,0.7214020346795361,2.6030970242722398,9
