Name,Duration,AvgCpuPercent,MaxCpuUsage,DataPoints
discern-file-so,77.0,29.328332501012145,29.59133162833215,16
discern-proc-so,77.0,2.5209194150067566,2.6268330971396128,16
python3,32.0,4.946342222878363,11.924069111109116,6
kswapd0,77.0,0.6835401757741597,0.6912474515116839,16
discern-network,72.0,0.33707142446928684,0.3429271123669283,15
jbd2/vda2-8,42.0,0.2941453632329686,0.2993956508905918,9
systemd,8.0,0.37338390203569893,0.3846241293408299,2
