Name,Duration,AvgCpuPercent,MaxCpuUsage,DataPoints
server.py,1669.0,60.043930133892246,62.94368602029986,314
discern-file-so,1707.0,35.64106412202334,82.47193894959682,323
discern-proc-so,1715.0,2.5967532209164106,5.379165058031092,323
kswapd0,1709.0,0.8572450175465545,0.8662853250875887,322
discern-network,1597.0,0.6017018186433617,0.6100633850624783,300
sshd,94.0,0.6699927350686578,0.924143542255616,18
python3,34.0,1.014064715876951,1.4170857301885664,6
discern-logs-so,33.0,0.5481918878711912,0.5981565058502222,8
systemd,5.0,1.1624371816040968,1.1624371816040968,1
