Name,Duration,AvgCpuPercent,MaxCpuUsage,DataPoints
server.py,1660.0,66.4100046972701,73.51068640284,317
discern-file-so,1704.0,33.574025405813,79.03363555521757,326
discern-proc-so,1703.0,2.262495377146036,2.3293408920302334,325
kswapd0,1716.0,0.7352455751648136,0.7373207909955256,326
discern-network,1656.0,0.48178056604041153,0.488694176594359,314
python3,37.0,0.8324884247487782,1.326860970271166,7
sshd,27.0,0.5603742338162229,0.6167588622998352,5
jbd2/vda2-8,32.0,0.22126804753593327,0.2297565582396853,7
systemd,13.0,0.33845979123262687,0.5680506051085367,3
