Name,TimeWeightedAvgVmSizeMiB,MaxVmPeakMiB,MaxVmHwmMiB,DataPoints,PeakDuration
dbus-daemon,82.8851327016844,91.984375,85.03515625,323,1692.0
discern-file-so,1586.1084695019072,1591.4296875,357.85546875,323,1704.0
discern-logs-so,1269.49609375,1269.49609375,102.1640625,323,1696.0
discern-network,1898.2109375,1898.2109375,91.515625,323,1704.0
discern-proc-so,1205.92578125,1205.92578125,14.94921875,5,24.0
server.py,171.75390625,235.75390625,19.76953125,292,1561.0
systemd-journal,138.08727934160305,169.3515625,21.27734375,26,131.0
