Name,TimeWeightedAvgVmSizeMiB,MaxVmPeakMiB,MaxVmHwmMiB,DataPoints,PeakDuration
dbus-daemon,83.43251393606025,92.609375,85.625,326,1693.0
discern-file-so,1525.4905014986678,1527.36328125,337.0546875,326,1689.0
discern-logs-so,1205.4296875,1205.4296875,26.83203125,313,1650.0
discern-network,1898.2109375,1898.2109375,90.25390625,326,1701.0
discern-proc-so,1205.92578125,1205.92578125,14.7734375,5,24.0
python3,98.60850046641791,160.25,17.109375,13,67.0
server.py,171.75390625,235.75390625,20.171875,258,1365.0
systemd-journal,127.26762576219512,161.2890625,25.03125,63,328.0
