Name,Duration,AvgCpuPercent,MaxCpuUsage,DataPoints
discern-file-so,176.0,30.97501745954922,32.41083447453002,39
discern-proc-so,181.0,2.2024988242019385,4.863101849545886,39
kswapd0,203.0,0.539055566165953,0.5736232854393766,39
systemd,218.0,0.48434367195545236,2.9175475447778343,42
jbd2/vda2-8,188.0,0.3928016936244044,0.4520722953678439,36
