Name,Duration,AvgCpuPercent,MaxCpuUsage,DataPoints
discern-file-so,68.0,57.081098835345955,86.98248948377184,15
server.py,38.0,51.453529772493575,69.94181673818856,8
discern-proc-so,72.0,2.167841919469159,3.653647418753707,15
jbd2/vda2-8,72.0,1.018421425884754,1.0723467783150094,15
python3,37.0,1.3347699008622036,1.8814714442942282,7
kswapd0,35.0,0.7302478120063871,0.7538853104360294,8
discern-network,26.0,0.5523707990180218,0.5571181281875733,6
systemd,4.0,0.5477237899131052,0.5477237899131052,1
