Name,Duration,AvgCpuPercent,MaxCpuUsage,DataPoints
discern-file-so,79.0,62.80808401781801,78.29812533743583,16
server.py,43.0,39.63392485000476,42.77698217064428,8
discern-proc-so,79.0,2.4602118034126446,4.311212278538523,16
jbd2/vda2-8,74.0,1.0681719180104594,1.1201075258277728,15
python3,37.0,1.472110354272826,2.1652644823201634,7
discern-network,47.0,1.0066135460430536,1.0210440709053057,10
systemd,36.0,0.7276692734018783,0.7603047422820545,7
kswapd0,0.0,,0.6845006391316202,1
