Name,TimeWeightedAvgVmSizeMiB,MaxVmPeakMiB,MaxVmHwmMiB,DataPoints,PeakDuration
dbus-daemon,15.79736328125,16.16796875,10.3828125,4,16.0
discern-file-so,1430.2889019691781,1463.046875,289.2109375,15,73.0
discern-logs-so,1205.4296875,1205.4296875,14.3984375,4,20.0
discern-network,1898.4609375,1898.4609375,119.01953125,15,73.0
discern-proc-so,1205.92578125,1205.92578125,15.58203125,7,30.0
python3,96.36228197674419,232.35546875,21.3828125,16,86.0
server.py,171.75390625,235.75390625,20.28515625,8,43.0
systemd-journal,49.26171875,49.26171875,12.703125,6,24.0
