Name,Duration,AvgCpuPercent,MaxCpuUsage,DataPoints
discern-file-so,75.0,56.243454836485206,86.35592745656143,16
server.py,33.0,47.63358738112946,65.99310723257614,7
discern-proc-so,74.0,2.0618523665362276,2.1441727795791277,15
kswapd0,68.0,0.8158029654704955,0.8258220072651978,14
python3,37.0,1.3232741001028758,1.8464901490942018,7
jbd2/vda2-8,41.0,0.5882474592833749,0.5965325033851343,9
discern-network,26.0,0.5085577617394825,0.5114996566342361,6
sshd,10.0,0.8003723700718932,0.8180626103957086,2
systemd,10.0,0.4616444240922375,0.5882850977572731,2
