Name,Duration,AvgCpuPercent,MaxCpuUsage,DataPoints
discern-file-so,60.0,80.49174224795883,90.25310903718038,13
discern-proc-so,60.0,2.7735121873926487,4.364483930544824,13
python3,11.0,7.208928707788029,9.585446717768225,2
kswapd0,60.0,0.5446769089606285,0.5494603685420699,13
discern-network,55.0,0.30363525863772717,0.30783128270943605,12
jbd2/vda2-8,42.0,0.28269854509192055,0.28590205445206035,9
systemd,12.0,0.5639932884948013,0.6170188998651985,3
