Name,Duration,AvgCpuPercent,MaxCpuUsage,DataPoints
discern-file-so,70.0,83.77831792799964,91.35830326381377,14
discern-proc-so,70.0,2.6909912096270157,4.344103647206119,14
kswapd0,70.0,0.6548256692491284,0.6605138908552928,14
systemd,76.0,0.2596653067876764,0.4040713331295921,15
jbd2/vda2-8,64.0,0.219486759607181,0.2224652895948428,13
