IP_A,IP_B,TotalPackets,TotalBytes,TotalActiveSeconds,AvgRateMbps,PeakRateMbps
172.30.0.13,172.30.0.13,501,245704,13,0.15120246153846154,0.983408
192.168.254.2,192.168.254.2,582,148018,13,0.091088,0.220096
10.1.2.3,10.1.2.3,192,33529,19,0.014117473684210527,0.028696
10.1.2.2,10.1.2.2,220,22262,21,0.008480761904761904,0.015456
127.0.0.1,127.0.0.1,18,3094,3,0.008250666666666667,0.01236
192.203.230.10,192.203.230.10,10,2892,1,0.023136,0.023136
10.1.1.2,10.1.1.2,18,1792,6,0.002389333333333333,0.003008
199.7.83.42,199.7.83.42,9,1657,1,0.013256,0.013256
::1,::1,1,63,1,0.000504,0.000504
