Name,Duration,AvgCpuPercent,MaxCpuUsage,DataPoints
discern-file-so,47.0,46.56376320241263,68.40022439292369,10
discern-proc-so,42.0,1.684145376070488,2.304175444235592,9
jbd2/vda2-8,43.0,1.1262410168690926,1.235175518975803,10
systemd,57.0,0.8492560050582119,1.0405937342904434,13
kswapd0,32.0,0.5020196280682571,0.5671348443315584,8
