Name,TimeWeightedAvgVmSizeMiB,MaxVmPeakMiB,MaxVmHwmMiB,DataPoints,PeakDuration
discern-file-so,1512.3486328125,1526.98828125,273.8046875,10,68.0
discern-logs-so,1205.4296875,1205.4296875,14.58984375,10,68.0
discern-network,1833.159237132353,1863.44140625,35.19921875,10,68.0
discern-proc-so,1205.92578125,1205.92578125,15.9453125,10,68.0
named,406.5234375,406.5234375,19.7734375,10,68.0
