Name,Duration,AvgCpuPercent,MaxCpuUsage,DataPoints
discern-file-so,68.0,78.5298896543253,88.10844478777942,15
discern-proc-so,68.0,2.260927349181588,4.7841441063813,15
kswapd0,68.0,0.6283901898569428,0.6350135265549376,15
systemd,68.0,0.3202132140803139,0.7866049997398815,15
jbd2/vda2-8,72.0,0.281792744379995,0.2881052666646337,15
