IP_A,IP_B,TotalPackets,TotalBytes,TotalActiveSeconds,AvgRateMbps,PeakRateMbps
172.30.0.12,172.30.0.12,128,32230,6,0.042973333333333336,0.079136
192.168.254.2,192.168.254.2,111,28826,5,0.0461216,0.07672
172.30.0.1,172.30.0.1,22,2448,4,0.004896,0.006296
208.67.72.43,208.67.72.43,2,182,1,0.001456,0.001456
fe80::1270:fdff:fe57:e2c,fe80::1270:fdff:fe57:e2c,2,142,1,0.001136,0.001136
