Name,Duration,AvgCpuPercent,MaxCpuUsage,DataPoints
discern-file-so,67.0,33.149170166948856,33.39200464659287,15
server.py,33.0,50.33784008690895,67.08941329407023,7
discern-proc-so,62.0,2.734416569878774,3.115492406564046,14
kswapd0,71.0,0.7979330931610639,0.8021007546976601,15
python3,28.0,1.1845919177429973,1.8342727613547523,6
discern-network,39.0,0.5563199466395673,0.5578121896295127,9
systemd,13.0,0.8884001359010149,1.514405809493298,3
jbd2/vda2-8,26.0,0.2779654602281043,0.2812987727041944,6
