Name,Duration,AvgCpuPercent,MaxCpuUsage,DataPoints
discern-file-so,59.0,75.99209292665772,84.690773550142,13
discern-proc-so,59.0,2.2722511998983137,3.386339598709059,13
kswapd0,59.0,0.5430472208307019,0.547176044424216,13
systemd,59.0,0.4368421453492658,2.032560856614968,13
jbd2/vda2-8,59.0,0.2581627287328374,0.2610597783188712,13
