Name,Duration,AvgCpuPercent,MaxCpuUsage,DataPoints
discern-file-so,107.0,71.31892373113378,85.50447699605338,24
python3,64.0,9.19566593030255,12.925541128027193,13
discern-proc-so,107.0,2.4251297715720623,4.495994393156893,24
jbd2/vda2-8,107.0,1.2951611032318693,1.5169677393065755,24
systemd,125.0,0.8564038939726168,2.6983491521473955,26
discern-network,37.0,0.5094682714670239,0.556630911644515,9
