IP_A,IP_B,TotalPackets,TotalBytes,TotalActiveSeconds,AvgRateMbps,PeakRateMbps
10.10.10.1,10.10.10.1,1467,449790,22,0.16356,1.446992
10.10.10.3,10.10.10.3,1265,140516,22,0.05109672727272727,0.079648
172.30.0.14,172.30.0.14,205,45363,12,0.030242,0.078448
192.168.254.2,192.168.254.2,162,41848,8,0.041848,0.079504
172.30.0.1,172.30.0.1,41,4595,8,0.004595,0.013688
34.117.59.81,34.117.59.81,8,2040,1,0.01632,0.01632
104.26.12.205,104.26.12.205,9,1468,1,0.011744,0.011744
fe80::2c4b:3dff:feea:b48d,fe80::2c4b:3dff:feea:b48d,2,142,1,0.001136,0.001136
