Name,TimeWeightedAvgVmSizeMiB,MaxVmPeakMiB,MaxVmHwmMiB,DataPoints,PeakDuration
discern-ansible,1205.34375,1205.34375,11.3046875,2,6.0
discern-file-so,1445.814693921233,1526.92578125,297.02734375,15,73.0
discern-logs-so,1205.4296875,1205.4296875,13.87109375,10,50.0
discern-network,1833.83203125,1863.1875,66.41796875,15,73.0
discern-proc-so,1205.92578125,1205.92578125,16.5703125,15,73.0
python3,704.6516544117648,1072.7734375,47.07421875,3,17.0
systemd-journal,49.27734375,49.27734375,13.15234375,15,73.0
