Name,Duration,AvgCpuPercent,MaxCpuUsage,DataPoints
discern-file-so,63.0,73.97370277711272,87.72489253136719,15
discern-proc-so,66.0,1.931347307043756,2.333315124047647,14
jbd2/vda2-8,71.0,0.965379424568612,1.0444212350097355,15
systemd,87.0,0.6987667706803259,2.085918084241879,18
python3,15.0,3.6396310045520965,5.4345692471247835,3
kswapd0,45.0,0.41949476748624137,0.4355700815273944,10
