Name,TimeWeightedAvgVmSizeMiB,MaxVmPeakMiB,MaxVmHwmMiB,DataPoints,PeakDuration
discern-file-so,1454.9407169117646,1527.11328125,209.52734375,15,68.0
discern-logs-so,1205.4296875,1205.4296875,15.35546875,15,72.0
discern-network,1905.96484375,1905.96484375,99.80078125,15,68.0
discern-proc-so,1205.92578125,1205.92578125,16.57421875,15,68.0
python3,660.3649088541666,1032.53515625,50.6484375,3,12.0
rsyslogd,215.62109375,215.62109375,9.96875,3,16.0
systemd-journal,45.7912109375,55.39453125,13.0234375,9,40.0
