Name,Duration,AvgCpuPercent,MaxCpuUsage,DataPoints
discern-file-so,73.0,75.03341503461122,84.9888856804998,15
discern-proc-so,73.0,2.3767256192227113,5.029364479783292,15
jbd2/vda2-8,73.0,1.490406068923206,1.6841992563635024,15
systemd,83.0,0.9002382111385184,1.4361180762179586,17
python3,17.0,4.176698076091244,7.017479579669269,3
discern-network,25.0,0.48957745102724437,0.5094071435212346,5
kswapd0,21.0,0.4746061098359909,0.4903886480997203,5
