Name,Duration,AvgCpuPercent,MaxCpuUsage,DataPoints
discern-file-so,70.0,78.2582452667154,88.94448152437242,15
discern-proc-so,65.0,1.7634396070581686,2.040849816945525,14
kswapd0,70.0,0.5685833708675444,0.5789987772076753,15
jbd2/vda2-8,70.0,0.4310651171948639,0.44813677309267386,15
systemd,75.0,0.37453369385061064,0.5899815489229387,16
