Name,Duration,AvgCpuPercent,MaxCpuUsage,DataPoints
discern-file-so,69.0,30.732691289666562,31.01327880904818,15
discern-proc-so,73.0,3.3038843129115962,7.539619505471562,15
python3,32.0,5.7907643688692705,15.341439974814705,6
kswapd0,73.0,0.6873353472014309,0.6938411920584272,15
discern-network,68.0,0.34506434884034615,0.3495321527757068,14
jbd2/vda2-8,37.0,0.3168448060621184,0.32379883296042716,8
systemd,9.0,0.6661941110544822,0.9202712979173309,2
