Name,Duration,AvgCpuPercent,MaxCpuUsage,DataPoints
discern-file-so,105.0,68.91390621196456,79.54282243561718,23
python3,71.0,9.65359343638989,12.838574058745905,13
discern-proc-so,103.0,2.358514694424427,2.611555017957195,22
jbd2/vda2-8,109.0,1.3419162509699212,1.5595959192299766,23
systemd,118.0,0.7638508680044584,0.9040921024742264,24
discern-network,32.0,0.4688335264093881,0.5157784754549205,8
kswapd0,11.0,0.3984888337803318,0.42769346779284306,2
