IP_A,IP_B,TotalPackets,TotalBytes,TotalActiveSeconds,AvgRateMbps,PeakRateMbps
172.30.0.14,172.30.0.14,127,31018,7,0.03544914285714286,0.073864
192.168.254.2,192.168.254.2,113,30580,6,0.040773333333333335,0.079376
172.30.0.1,172.30.0.1,21,2393,5,0.0038288,0.006424
fe80::1024:c9ff:fe0d:d4cd,fe80::1024:c9ff:fe0d:d4cd,2,142,1,0.001136,0.001136
fe80::18db:a0ff:fe0b:9b00,fe80::18db:a0ff:fe0b:9b00,2,142,1,0.001136,0.001136
fe80::7c85:70ff:fe79:354c,fe80::7c85:70ff:fe79:354c,2,142,1,0.001136,0.001136
fe80::d02c:b1ff:fe9f:aded,fe80::d02c:b1ff:fe9f:aded,2,142,1,0.001136,0.001136
fe80::d0ce:8aff:fe4c:39f6,fe80::d0ce:8aff:fe4c:39f6,2,142,1,0.001136,0.001136
fe80::dcb4:cdff:fe33:65e7,fe80::dcb4:cdff:fe33:65e7,2,142,1,0.001136,0.001136
