Name,Duration,AvgCpuPercent,MaxCpuUsage,DataPoints
discern-file-so,99.0,78.13294586506676,95.36029269258674,23
discern-proc-so,103.0,1.8811468221561598,3.706720741000758,23
jbd2/vda2-8,107.0,1.2716327503819227,1.5385149812230372,23
systemd,116.0,0.8074897119674846,1.8531723091899617,24
discern-network,95.0,0.5336386564364518,0.6899976709565334,18
kswapd0,15.0,0.45361704560154986,0.4742735886011018,4
