Name,Duration,AvgCpuPercent,MaxCpuUsage,DataPoints
discern-file-so,142.0,26.495852172450544,27.029301866319933,39
discern-proc-so,155.0,2.087119815534873,2.266523590366585,38
kswapd0,168.0,0.6316005896569511,0.6496677247129896,39
systemd,205.0,0.3812726469188903,1.9375302929632088,40
jbd2/vda2-8,196.0,0.3493946861203749,0.38363355499546364,39
