Name,Duration,AvgCpuPercent,MaxCpuUsage,DataPoints
discern-file-so,60.0,83.22873659017115,92.16583367063308,14
discern-proc-so,55.0,2.246496424835532,3.032433703989255,13
systemd,85.0,0.5537627213151833,4.787123258844882,18
kswapd0,60.0,0.5830291739397048,0.5888485837427395,14
jbd2/vda2-8,48.0,0.25054820434742126,0.2535853718526297,11
