Name,Duration,AvgCpuPercent,MaxCpuUsage,DataPoints
discern-file-so,58.0,80.20893890170692,90.87260020240157,13
discern-proc-so,58.0,3.2182067783265262,8.700756113107742,13
systemd,62.0,0.5895914836500403,2.4591440875229056,13
kswapd0,58.0,0.5265092813718613,0.5363425354595014,13
jbd2/vda2-8,58.0,0.4334491772953767,0.4435944717328922,13
