IP_A,IP_B,TotalPackets,TotalBytes,TotalActiveSeconds,AvgRateMbps,PeakRateMbps
10.10.10.3,10.10.10.3,1479,3017550,20,1.20702,22.901424
10.10.10.1,10.10.10.1,1845,517732,21,0.1972312380952381,1.336864
172.30.0.14,172.30.0.14,204,47965,11,0.03488363636363637,0.105216
192.168.254.2,192.168.254.2,160,40082,8,0.040082,0.085904
172.30.0.1,172.30.0.1,37,4381,7,0.005006857142857143,0.009488
34.117.59.81,34.117.59.81,8,2032,1,0.016256,0.016256
172.67.74.152,172.67.74.152,10,1534,2,0.006136,0.01
