Name,Duration,AvgCpuPercent,MaxCpuUsage,DataPoints
discern-file-so,74.0,48.20071533853145,73.38579782614583,17
discern-proc-so,74.0,3.03580987920152,5.170608733594551,17
python3,27.0,2.9492347383072266,5.6716068073659995,6
kswapd0,78.0,0.7931791307381936,0.8003615389366726,17
discern-network,77.0,0.32771923860269336,0.33202016347472973,16
jbd2/vda2-8,37.0,0.29449102025167456,0.2996808398720425,8
systemd,15.0,0.7213290174768235,1.1950150596873337,4
