Name,Duration,AvgCpuPercent,MaxCpuUsage,DataPoints
discern-file-so,73.0,30.897261926223035,31.07813430398516,15
discern-proc-so,73.0,2.7677998080108575,4.246030507302893,15
python3,33.0,5.761177102926751,13.32974842368307,6
kswapd0,73.0,0.7085717567039699,0.7126725923927134,15
discern-network,67.0,0.3475156595435354,0.35047067491974243,14
systemd,46.0,0.3717452798243086,0.7997438034587846,10
