Name,Duration,AvgCpuPercent,MaxCpuUsage,DataPoints
discern-file-so,113.0,67.58190698105777,83.0631226063802,24
discern-proc-so,107.0,1.7876891877422103,2.12791215634748,23
jbd2/vda2-8,113.0,1.2368067783566181,1.4681446133835492,24
systemd,119.0,0.8980010990972901,3.1282115784169817,25
kswapd0,94.0,0.47094881133276567,0.5091467478424498,19
discern-network,23.0,0.5059630331592083,0.530299811954399,5
