Name,TimeWeightedAvgVmSizeMiB,MaxVmPeakMiB,MaxVmHwmMiB,DataPoints,PeakDuration
discern-file-so,1463.6889391447369,1591.1796875,305.43359375,24,114.0
discern-logs-so,1205.4296875,1205.4296875,15.85546875,24,118.0
discern-network,1860.2453741776317,1897.8984375,86.30859375,24,114.0
discern-proc-so,1205.92578125,1205.92578125,15.73046875,24,118.0
systemd-journal,54.39895148026316,57.27734375,21.08984375,24,114.0
