Name,Duration,AvgCpuPercent,MaxCpuUsage,DataPoints
discern-file-so,60.0,66.52219537788169,84.439918745073,14
server.py,27.0,38.84185581352353,42.05131938827977,5
discern-proc-so,64.0,2.2598462721777355,3.368782344963642,14
jbd2/vda2-8,59.0,0.6010297487516505,0.6219981654316421,13
python3,26.0,1.2535756764346466,1.8314143916471413,5
kswapd0,43.0,0.5271098217455072,0.5378548797517413,10
systemd,37.0,0.5076256961746232,1.2211937636696022,9
