Name,Duration,AvgCpuPercent,MaxCpuUsage,DataPoints
discern-file-so,71.0,81.9623349939105,89.95087129996651,15
discern-proc-so,71.0,2.575819139457933,4.162053321036935,15
python3,16.0,3.699690374761766,5.8688646618612585,3
kswapd0,71.0,0.6655747327632837,0.671585483043759,15
systemd,71.0,0.39796682575574444,1.5296981394345777,15
discern-network,55.0,0.2709275225912958,0.27385000384928626,12
