Name,Duration,AvgCpuPercent,MaxCpuUsage,DataPoints
discern-file-so,67.0,28.692232718273168,28.898963048683346,16
discern-proc-so,71.0,2.6356379103627434,3.0761074777864166,16
python3,27.0,4.6775358791845365,9.622374664223177,6
kswapd0,71.0,0.6944078767752188,0.7002550427451852,16
discern-network,69.0,0.33844697715459554,0.34254239402105086,15
systemd,50.0,0.31630040308720253,0.5154559172425326,11
