Name,Duration,AvgCpuPercent,MaxCpuUsage,DataPoints
discern-file-so,1697.0,33.68591674833093,88.51172291741534,331
discern-proc-so,1699.0,2.7716451479780178,2.8262898508845686,330
kswapd0,1705.0,0.7491006231152917,0.7500529229888617,331
discern-logs-so,1717.0,0.2859478363763153,0.28901479944231456,331
discern-network,1705.0,0.156679456853427,0.15797681593765583,327
systemd,26.0,0.8823878527785565,2.16172092570878,5
