IP_A,IP_B,TotalPackets,TotalBytes,TotalActiveSeconds,AvgRateMbps,PeakRateMbps
172.30.0.12,172.30.0.12,4803,987279,33,0.23934036363636363,0.680928
10.10.10.1,10.10.10.1,1887,691253,20,0.2765012,1.813456
192.168.254.2,192.168.254.2,4236,313282,31,0.08084696774193548,0.181264
10.10.10.2,10.10.10.2,1503,200745,19,0.08452421052631579,0.161528
172.30.0.1,172.30.0.1,41,4905,5,0.007848,0.018208
34.117.59.81,34.117.59.81,8,2040,2,0.00816,0.015264
104.26.13.205,104.26.13.205,10,1536,1,0.012288,0.012288
fe80::6ce0:fdff:fe37:c339,fe80::6ce0:fdff:fe37:c339,2,142,1,0.001136,0.001136
fe80::e483:9bff:fe64:d165,fe80::e483:9bff:fe64:d165,2,142,1,0.001136,0.001136
