Name,Duration,AvgCpuPercent,MaxCpuUsage,DataPoints
discern-file-so,112.0,71.24221995096853,80.89268699791332,23
python3,70.0,9.934233449375034,12.946533029505312,13
discern-proc-so,112.0,2.363525902602484,4.000960419345975,23
jbd2/vda2-8,112.0,1.2273547526089323,1.395337789974021,23
systemd,119.0,0.7797288570397474,1.282418450373539,25
discern-network,30.0,0.5683487798334258,0.6314300915766093,7
kswapd0,5.0,0.4780725235881086,0.4780725235881086,1
