Name,TimeWeightedAvgVmSizeMiB,MaxVmPeakMiB,MaxVmHwmMiB,DataPoints,PeakDuration
discern-file-so,1448.2279227120537,1527.11328125,291.1875,23,112.0
discern-logs-so,1205.4296875,1205.4296875,15.69140625,22,106.0
discern-network,1882.1736886160713,1898.2734375,87.5859375,23,112.0
discern-proc-so,1205.92578125,1205.92578125,16.56640625,20,96.0
python3,687.3482223731884,1064.546875,346.84375,13,69.0
systemd-journal,53.92860576923077,55.40625,17.52734375,14,65.0
