IP_A,IP_B,TotalPackets,TotalBytes,TotalActiveSeconds,AvgRateMbps,PeakRateMbps
5.6.7.8,5.6.7.8,672,1551352,109,0.11386069724770642,0.24032
172.30.0.12,172.30.0.12,8616,1160020,136,0.06823647058823529,0.726016
192.168.254.2,192.168.254.2,5011,398348,135,0.023605807407407406,0.169216
1.1.2.3,1.1.2.3,774,64720,117,0.004425299145299146,0.009488
172.30.0.1,172.30.0.1,150,15549,59,0.0021083389830508473,0.00616
fe80::f878:2bff:fe94:35f6,fe80::f878:2bff:fe94:35f6,2,142,1,0.001136,0.001136
