Name,TimeWeightedAvgVmSizeMiB,MaxVmPeakMiB,MaxVmHwmMiB,DataPoints,PeakDuration
dbus-daemon,16.061197916666668,17.20703125,11.8046875,10,45.0
discern-file-so,1511.27834375,1526.98828125,276.8984375,32,125.0
discern-logs-so,1205.4296875,1205.4296875,31.89453125,32,145.0
discern-network,1833.58203125,1833.58203125,38.28515625,32,129.0
discern-proc-so,1205.92578125,1205.92578125,16.08203125,31,161.0
systemd-journal,138.04275173611111,149.33203125,20.42578125,23,108.0
