Name,TimeWeightedAvgVmSizeMiB,MaxVmPeakMiB,MaxVmHwmMiB,DataPoints,PeakDuration
dbus-daemon,16.38856907894737,16.9765625,11.87109375,22,114.0
discern-file-so,1540.8020198170732,1591.1171875,283.421875,33,164.0
discern-logs-so,1205.4296875,1205.4296875,14.64453125,12,60.0
discern-network,1841.5859375,1841.5859375,35.57421875,33,164.0
discern-proc-so,1205.9185138081396,1205.92578125,16.2421875,33,172.0
systemd-journal,49.2734375,49.2734375,12.68359375,32,162.0
