Name,Duration,AvgCpuPercent,MaxCpuUsage,DataPoints
discern-file-so,150.0,56.61080272103909,82.58937471761462,32
discern-proc-so,157.0,2.087656516465237,2.5168617555147694,31
discern-network,162.0,0.6560698845084115,0.6732332497298534,32
kswapd0,166.0,0.6000659280875272,0.6160878345898504,32
jbd2/vda2-8,150.0,0.476199617243777,0.5308301950023265,29
systemd,15.0,0.6696656573115213,0.9598335101972152,3
sshd,6.0,0.48722893613166657,0.4872289361316665,1
