Name,Duration,AvgCpuPercent,MaxCpuUsage,DataPoints
discern-file-so,149.0,43.04280576526894,84.16456592292687,33
discern-proc-so,144.0,2.469553094179389,2.687952066118742,32
kswapd0,153.0,0.6540518692268026,0.671335706097488,33
jbd2/vda2-8,169.0,0.5649510100208144,0.6271992207262439,33
discern-network,146.0,0.6282919808055886,0.6522324658609673,31
systemd,16.0,0.6056721108996124,0.7002918637563565,3
