Name,Duration,AvgCpuPercent,MaxCpuUsage,DataPoints
discern-file-so,67.0,30.937452371303262,31.75079316598474,15
discern-proc-so,67.0,2.865531308264525,4.854912240318467,15
python3,28.0,5.597648626674259,10.755056770916706,6
jbd2/vda2-8,71.0,0.637864147770045,0.667028486914922,15
kswapd0,66.0,0.6122934357535267,0.6284657475706016,14
systemd,44.0,0.5509612044080762,1.1949184891550517,10
