Name,Duration,AvgCpuPercent,MaxCpuUsage,DataPoints
discern-file-so,200.0,31.981195458216224,36.23481382460886,41
discern-proc-so,200.0,2.093709813556423,2.330185365917969,40
jbd2/vda2-8,210.0,0.812268571921247,1.0755865351591314,41
systemd,226.0,0.697124981751973,2.367016159087923,43
kswapd0,210.0,0.4487825615121015,0.522505391742996,40
