Name,TimeWeightedAvgVmSizeMiB,MaxVmPeakMiB,MaxVmHwmMiB,DataPoints,PeakDuration
dbus-daemon,20.943161525974027,25.72265625,19.30078125,225,1155.0
discern-file-so,1585.8269471787178,1591.6796875,349.51171875,335,1708.0
discern-logs-so,1205.4296875,1205.4296875,16.3203125,334,1727.0
discern-network,1833.83203125,1863.1875,64.94921875,335,1716.0
discern-proc-so,1205.9301065095156,1206.17578125,19.8828125,111,578.0
systemd-journal,60.4127679869186,65.25,19.4453125,335,1720.0
