Name,TimeWeightedAvgVmSizeMiB,MaxVmPeakMiB,MaxVmHwmMiB,DataPoints,PeakDuration
dbus-daemon,20.694040235368956,25.46484375,19.0390625,229,1179.0
discern-ansible,1205.34375,1205.34375,11.20703125,12,59.0
discern-cpu-sor,1204.796875,1204.796875,10.609375,6,31.0
discern-file-so,1589.4320546462125,1591.7421875,328.734375,336,1703.0
discern-jupyter,1205.33203125,1205.33203125,10.4296875,32,165.0
discern-logs-so,1205.4296875,1205.4296875,18.02734375,335,1717.0
discern-network,1906.21484375,1906.21484375,126.1015625,336,1711.0
discern-proc-so,1205.92578125,1205.92578125,16.1875,200,1026.0
systemd-journal,66.2821796875,71.40234375,22.28515625,194,1000.0
