Name,Duration,AvgCpuPercent,MaxCpuUsage,DataPoints
discern-file-so,1718.0,40.39357375629115,89.71233209445288,336
discern-proc-so,1722.0,2.072785062824088,15.306794229816147,336
kswapd0,1707.0,0.6183019581752359,0.6966536616646759,333
jbd2/vda2-8,1722.0,0.5311645991984066,1.6436359082420378,336
systemd,1657.0,0.3702227526909387,1.585510710170827,321
discern-logs-so,88.0,0.2138830387884016,0.2153077690617955,18
