Name,Duration,AvgCpuPercent,MaxCpuUsage,DataPoints
discern-file-so,1718.0,34.58753777308037,81.19993772068823,335
discern-proc-so,1722.0,2.1270130178265196,2.5064377917341636,335
kswapd0,1716.0,0.6632797722636457,0.7128779796900533,333
jbd2/vda2-8,1726.0,0.4827373213120162,1.3854616568071516,335
systemd,1740.0,0.3425644108861282,1.6708093297972926,337
