Name,Duration,AvgCpuPercent,MaxCpuUsage,DataPoints
discern-file-so,21004.0,31.849666309487034,93.92296020085536,4074
discern-proc-so,21080.0,2.539717170516587,3.729808717804254,4074
kswapd0,21127.0,0.7580286733062085,0.7852202408974237,4073
discern-logs-so,19444.0,0.30790747839523297,0.36915457518697226,3738
jbd2/vda2-8,4836.0,0.36924055304149167,2.0444374333777127,935
systemd,6188.0,0.1903720270066649,1.8650687513579567,1190
discern-network,8969.0,0.1231015895297924,0.12431688590916834,1717
systemd-journal,2927.0,0.12373975321721188,0.12509262331158025,562
kworker/u2,37.0,0.24528384756344238,0.5398588163841708,7
