Name,Duration,AvgCpuPercent,MaxCpuUsage,DataPoints
discern-file-so,1682.0,32.805412052842655,86.21506133757775,333
discern-proc-so,1694.0,2.4433785573306905,3.140134660102863,333
kswapd0,1698.0,0.775766128624602,0.7786597958647312,333
python3,847.0,0.6183067991467417,15.080302299438287,163
discern-logs-so,1708.0,0.2988189682302644,0.30991888851423405,332
discern-network,860.0,0.18993458572427097,0.19042316292783953,167
systemd,17.0,0.7342398292690366,1.1595143315087246,4
