Name,Duration,AvgCpuPercent,MaxCpuUsage,DataPoints
discern-file-so,144.0,43.20378741317944,88.28207714441261,32
discern-proc-so,148.0,2.684520797664818,4.050930707102533,32
discern-network,148.0,0.9942364363305526,0.9983357126655824,32
kswapd0,148.0,0.8216458402139633,0.8246642284422467,32
jbd2/vda2-8,110.0,0.2068867412524824,0.20901611151825727,21
flooder,37.0,0.49421670293819825,0.5684009819740838,7
systemd,17.0,0.5671262139328817,0.9529179752048952,4
