Name,Duration,AvgCpuPercent,MaxCpuUsage,DataPoints
discern-file-so,192.0,30.14332266312572,31.355177345245384,42
discern-proc-so,192.0,2.0641502727015157,2.2407215235350235,41
kswapd0,202.0,0.5945391647828505,0.6262036014809346,42
systemd,224.0,0.4672679834681205,1.9167120494564915,43
jbd2/vda2-8,207.0,0.4949601851724852,0.5778970248617372,42
