Name,Duration,AvgCpuPercent,MaxCpuUsage,DataPoints
discern-file-so,65.0,83.5533083378329,94.01930118481351,14
discern-proc-so,65.0,2.014104331668264,3.35456277892571,14
systemd,65.0,0.5414780236288784,2.5165238183451444,14
kswapd0,65.0,0.5199506159778362,0.529586852206172,14
jbd2/vda2-8,65.0,0.4722723059903676,0.4858626933390096,14
