Name,Duration,AvgCpuPercent,MaxCpuUsage,DataPoints
discern-file-so,83.0,63.105180971133734,87.50164760507472,21
server.py,57.0,41.66822258346567,44.715026068151644,12
discern-proc-so,96.0,2.367004543918264,3.498524271034171,21
jbd2/vda2-8,100.0,1.6058303183719262,1.909949931293654,21
discern-network,93.0,1.1346945534904984,1.3420425013919552,19
systemd,39.0,0.8684327849853242,1.0069642873575255,9
python3,11.0,1.609862044620244,1.9249165643567738,2
