Name,TimeWeightedAvgVmSizeMiB,MaxVmPeakMiB,MaxVmHwmMiB,DataPoints,PeakDuration
discern-file-so,1483.1770833333333,1526.73828125,284.875,21,111.0
discern-logs-so,1205.4296875,1205.4296875,14.671875,9,41.0
discern-network,1898.2109375,1898.2109375,95.69921875,21,111.0
discern-proc-so,1205.92578125,1205.92578125,16.09375,9,41.0
python3,130.63359375,232.35546875,18.53515625,24,140.0
server.py,174.2890625,238.2890625,22.8515625,12,70.0
systemd-journal,47.39453125,47.39453125,12.09375,5,21.0
systemd-resolve,23.53515625,23.59765625,11.61328125,4,20.0
