Name,Duration,AvgCpuPercent,MaxCpuUsage,DataPoints
discern-file-so,70.0,58.789902746568416,75.67609228075843,21
server.py,38.0,42.77334036834496,45.12106831903952,12
discern-proc-so,79.0,2.2708280620510872,3.9654031292697254,21
jbd2/vda2-8,91.0,1.4449321801990425,1.7158331022181215,21
discern-network,89.0,1.094309954792874,1.2884065582138182,19
systemd,40.0,0.769665782036402,0.8842280930216798,9
python3,10.0,1.551091682120094,1.8339945346204818,2
