Name,TimeWeightedAvgVmSizeMiB,MaxVmPeakMiB,MaxVmHwmMiB,DataPoints,PeakDuration
discern-file-so,1536.504212622549,1590.7421875,271.296875,21,102.0
discern-logs-so,1205.4296875,1205.4296875,18.29296875,9,38.0
discern-network,1842.1484375,1842.1484375,83.07421875,21,98.0
discern-proc-so,1205.92578125,1205.92578125,14.86328125,9,38.0
python3,132.88313802083334,232.35546875,19.11328125,24,132.0
server.py,174.2890625,238.2890625,23.109375,12,64.0
systemd-journal,63.563425164473685,73.25,17.46875,9,38.0
