Name,Duration,AvgCpuPercent,MaxCpuUsage,DataPoints
discern-file-so,75.0,44.059696804529594,69.06272992579183,16
discern-proc-so,75.0,2.806538829767134,4.272433901004221,16
kswapd0,75.0,0.7350885913677282,0.7450585522489855,16
systemd,107.0,0.45565967008232894,1.2202601751740956,22
jbd2/vda2-8,38.0,0.2800690069735008,0.2851782459524587,9
named,5.0,0.42015619198877197,0.42015619198877197,1
