IP_A,IP_B,TotalPackets,TotalBytes,TotalActiveSeconds,AvgRateMbps,PeakRateMbps
192.168.254.2,192.168.254.2,114,30530,5,0.048848,0.079136
172.30.0.14,172.30.0.14,123,30108,5,0.0481728,0.078992
172.30.0.1,172.30.0.1,16,1727,3,0.004605333333333334,0.006072
fe80::34ed:d3ff:feec:ec1d,fe80::34ed:d3ff:feec:ec1d,2,142,1,0.001136,0.001136
fe80::4c69:f0ff:fe3f:e594,fe80::4c69:f0ff:fe3f:e594,2,142,1,0.001136,0.001136
fe80::8000:16ff:fe2f:ea85,fe80::8000:16ff:fe2f:ea85,2,142,1,0.001136,0.001136
fe80::ccf1:48ff:fedd:41ff,fe80::ccf1:48ff:fedd:41ff,2,142,1,0.001136,0.001136
fe80::fc33:a7ff:fe82:5287,fe80::fc33:a7ff:fe82:5287,2,142,1,0.001136,0.001136
