Name,Duration,AvgCpuPercent,MaxCpuUsage,DataPoints
discern-file-so,63.0,75.65136247363664,87.57261658978264,14
discern-proc-so,62.0,1.7641072480232511,2.081108974690885,13
jbd2/vda2-8,67.0,0.7922792711985327,0.8288250531298756,14
systemd,77.0,0.637264397446519,1.9975098961733906,16
kswapd0,62.0,0.5157562989066389,0.5308023235907838,13
