Name,TimeWeightedAvgVmSizeMiB,MaxVmPeakMiB,MaxVmHwmMiB,DataPoints,PeakDuration
discern-file-so,1509.743028846154,1590.8046875,264.84765625,14,65.0
discern-logs-so,1205.4296875,1205.4296875,16.078125,13,65.0
discern-network,1889.953125,1889.953125,95.359375,14,65.0
discern-proc-so,1205.92578125,1205.92578125,16.5703125,13,65.0
systemd-journal,57.28125,57.28125,19.57421875,14,65.0
