Name,Duration,AvgCpuPercent,MaxCpuUsage,DataPoints
discern-file-so,65.0,81.13781478609441,89.07592974345306,14
discern-proc-so,65.0,2.7145293850771726,6.723358979819238,14
jbd2/vda2-8,65.0,0.7535334855533055,0.7910520713106481,14
systemd,76.0,0.5525819476788995,1.1469052826809993,15
kswapd0,54.0,0.5039061932224663,0.5121465618036106,12
sshd,0.0,,0.6172914282265355,1
