Name,Duration,AvgCpuPercent,MaxCpuUsage,DataPoints
discern-file-so,75.0,42.733481380178674,69.00966620558404,16
discern-proc-so,75.0,2.7192171535578957,2.8948645623196625,16
kswapd0,75.0,0.7839475689892247,0.7890078715724498,16
systemd,107.0,0.51144272127004,2.0422827869911573,22
jbd2/vda2-8,43.0,0.17642474486081905,0.1784828858551252,10
