IP_A,IP_B,TotalPackets,TotalBytes,TotalActiveSeconds,AvgRateMbps,PeakRateMbps
5.6.7.8,5.6.7.8,671,1536968,102,0.12054650980392156,0.240864
172.30.0.12,172.30.0.12,7155,919851,136,0.05410888235294117,0.18248
192.168.254.2,192.168.254.2,4288,353364,136,0.020786117647058823,0.154368
1.1.2.3,1.1.2.3,766,63822,117,0.004363897435897436,0.009488
172.30.0.1,172.30.0.1,146,15242,64,0.00190525,0.006288
