Name,Duration,AvgCpuPercent,MaxCpuUsage,DataPoints
discern-file-so,151.0,35.12417135832541,65.92242817111803,32
discern-proc-so,150.0,2.547415901949673,2.6977751417534828,31
kswapd0,159.0,0.7560642011497175,0.7602462391831787,32
discern-network,167.0,0.6472933397566043,0.6508845100213282,32
jbd2/vda2-8,147.0,0.2587861380840963,0.26256868574751385,28
systemd,20.0,0.4894907500470046,0.9247598613954877,4
sshd,5.0,0.6735971598778066,0.6735971598778066,1
