IP_A,IP_B,TotalPackets,TotalBytes,TotalActiveSeconds,AvgRateMbps,PeakRateMbps
192.168.254.2,192.168.254.2,396,102040,12,0.06802666666666667,0.155968
172.30.0.14,172.30.0.14,351,99320,12,0.06621333333333333,0.155792
10.1.2.2,10.1.2.2,18,2512,6,0.0033493333333333335,0.004928
10.1.1.2,10.1.1.2,19,1904,6,0.0025386666666666665,0.003552
172.30.0.1,172.30.0.1,7,780,2,0.00312,0.003632
::1,::1,6,378,4,0.000756,0.001008
127.0.0.1,127.0.0.1,6,258,4,0.000516,0.000688
fe80::58f1:f8ff:fecb:ece,fe80::58f1:f8ff:fecb:ece,2,142,1,0.001136,0.001136
fe80::cc04:86ff:fef3:1b51,fe80::cc04:86ff:fef3:1b51,2,142,1,0.001136,0.001136
