Name,Duration,AvgCpuPercent,MaxCpuUsage,DataPoints
discern-file-so,54.0,31.15439335354627,31.42426642715349,12
discern-proc-so,54.0,2.574178566541612,3.011845490031018,12
kswapd0,54.0,0.7081009062308515,0.7138513753752637,12
systemd,54.0,0.30652424073992035,0.7808499876324293,12
jbd2/vda2-8,54.0,0.2638654853112457,0.26734277784681615,12
