Name,Duration,AvgCpuPercent,MaxCpuUsage,DataPoints
discern-file-so,75.0,49.939152941216705,69.53419242342497,15
server.py,44.0,50.35482925703865,70.27727088264679,8
discern-proc-so,70.0,2.1169752545783975,2.2348752619373395,14
kswapd0,75.0,0.7865985996723525,0.8011308414305492,15
python3,39.0,1.24381332861602,1.8397203152959019,7
jbd2/vda2-8,36.0,0.7759938745122156,0.7940752577557337,8
discern-network,25.0,0.5229315295987554,0.52668827502903,6
systemd,11.0,0.7536997572550458,1.0179007820313621,2
