Name,Duration,AvgCpuPercent,MaxCpuUsage,DataPoints
discern-file-so,48.0,70.19568453578967,83.80510136682496,12
server.py,17.0,35.86273473410134,40.58508173363905,4
discern-proc-so,48.0,2.705915266136943,5.116105878875313,12
kswapd0,50.0,0.5332689601161261,0.5420610162050155,11
jbd2/vda2-8,40.0,0.43492386406788563,0.44094098567711987,9
python3,18.0,0.8917550871706129,1.2383087439246383,4
systemd,15.0,0.7385441102129148,1.2760023870100095,3
discern-network,20.0,0.37848411929635656,0.3823034954953345,5
