Name,TimeWeightedAvgVmSizeMiB,MaxVmPeakMiB,MaxVmHwmMiB,DataPoints,PeakDuration
dbus-daemon,21.17916488647461,25.46484375,19.1015625,197,1024.0
discern-file-so,1582.387213010204,1591.7421875,297.0234375,331,1715.0
discern-logs-so,1205.4296875,1205.4296875,23.57421875,330,1718.0
discern-network,1897.2608688736184,1898.2734375,93.78515625,331,1719.0
discern-proc-so,1205.92578125,1205.92578125,16.609375,59,301.0
python3,659.1753441053262,1040.5078125,48.53125,320,1671.0
systemd-journal,69.62666297117516,71.34765625,22.08984375,87,451.0
