Name,Duration,AvgCpuPercent,MaxCpuUsage,DataPoints
discern-file-so,1678.0,29.598002920958148,83.70038735191987,331
discern-proc-so,1694.0,2.828233866294423,4.28081906362342,331
kswapd0,1615.0,0.7010314778714053,0.7430876536424296,314
jbd2/vda2-8,1718.0,0.5513159442827192,1.548173563782804,331
systemd,1677.0,0.3255163921161057,0.7952445593286184,323
python3,132.0,1.8491232441936174,9.766559979245393,25
