Name,Duration,AvgCpuPercent,MaxCpuUsage,DataPoints
discern-file-so,1705.0,40.67987758002661,85.2307776738851,331
discern-proc-so,1713.0,2.80873665233812,3.893999333592636,331
kswapd0,1574.0,0.6315405917436819,0.6912569317874822,302
jbd2/vda2-8,1717.0,0.5121671539131949,1.5528407849074655,331
systemd,1089.0,0.43072780621202733,1.0325533945053966,209
python3,122.0,1.4835705434674975,7.92152072544113,24
discern-logs-so,632.0,0.2718310318563092,0.2845468758802436,122
discern-network,21.0,0.45502185009643126,0.46532778656125723,5
