Name,TimeWeightedAvgVmSizeMiB,MaxVmPeakMiB,MaxVmHwmMiB,DataPoints,PeakDuration
dbus-daemon,21.122200460158435,25.6015625,19.07421875,207,1073.0
discern-cpu-sor,1204.796875,1204.796875,10.515625,1,5.0
discern-file-so,1612.463847046258,1655.74609375,305.546875,331,1697.0
discern-logs-so,1205.4296875,1205.4296875,16.4375,34,169.0
discern-network,1842.141106121701,1842.1484375,78.921875,331,1705.0
discern-proc-so,1205.92578125,1205.92578125,16.57421875,101,528.0
python3,659.2210928109976,992.57421875,48.01171875,320,1664.0
systemd-journal,62.2437664281542,65.2578125,19.8984375,330,1712.0
