IP_A,IP_B,TotalPackets,TotalBytes,TotalActiveSeconds,AvgRateMbps,PeakRateMbps
172.30.0.11,172.30.0.11,460,157816,24,0.05260533333333333,0.161584
192.168.254.2,192.168.254.2,444,90874,23,0.03160834782608696,0.174112
10.1.2.3,10.1.2.3,125,25346,6,0.03379466666666667,0.108296
10.1.2.2,10.1.2.2,141,12909,6,0.017212,0.054968
172.30.0.1,172.30.0.1,38,4171,7,0.004766857142857143,0.00628
fe80::10a2:b7ff:fe5b:c602,fe80::10a2:b7ff:fe5b:c602,2,142,1,0.001136,0.001136
fe80::1432:bbff:fe0f:9624,fe80::1432:bbff:fe0f:9624,2,142,1,0.001136,0.001136
