Name,Duration,AvgCpuPercent,MaxCpuUsage,DataPoints
discern-file-so,63.0,58.53338368972832,83.36275329859158,13
ettercap,22.0,48.21349912516564,58.85938912135547,4
jbd2/vda2-8,63.0,2.2305004342478276,2.3956753245959708,13
discern-proc-so,58.0,2.377786957468388,2.5894106504887837,12
kswapd0,63.0,0.7132639938214652,0.7429004931607374,13
systemd,41.0,0.7191174311199644,0.8286698744933276,9
discern-network,5.0,0.6543276818687149,0.6543276818687149,1
