Name,TimeWeightedAvgVmSizeMiB,MaxVmPeakMiB,MaxVmHwmMiB,DataPoints,PeakDuration
discern-file-so,1507.9968872070312,1591.4296875,303.15234375,13,64.0
discern-logs-so,1205.4296875,1205.4296875,20.41015625,13,63.0
discern-network,1825.07421875,1863.1875,38.58203125,13,63.0
discern-proc-so,1205.92578125,1205.92578125,15.421875,9,42.0
ettercap,264.40234375,264.40234375,24.5703125,4,21.0
systemd-journal,75.4453125,75.4453125,31.140625,13,63.0
