Name,Duration,AvgCpuPercent,MaxCpuUsage,DataPoints
discern-file-so,52.0,30.971699905286457,31.25684237545416,11
discern-proc-so,52.0,3.16307562726939,6.281504973255409,11
kswapd0,52.0,0.6949081629436515,0.7002686459638789,11
jbd2/vda2-8,52.0,0.3015762959483045,0.3059486751577856,11
systemd,52.0,0.28930229530924373,0.44985031649079565,11
