Name,Duration,AvgCpuPercent,MaxCpuUsage,DataPoints
discern-file-so,70.0,74.27249552420706,84.13165010047429,15
discern-proc-so,65.0,2.4554426089014565,3.514809189838787,14
systemd,75.0,0.5816500407817461,2.9427817753571737,16
kswapd0,70.0,0.5794337551323516,0.5857064511632417,15
jbd2/vda2-8,70.0,0.27346139527201946,0.2773439953884622,15
