Name,Duration,AvgCpuPercent,MaxCpuUsage,DataPoints
discern-file-so,146.0,60.403756537088604,88.75644890082297,32
discern-proc-so,146.0,2.2858103385579756,2.4701590401384474,31
discern-network,159.0,1.060081373269469,1.0829737204230094,32
kswapd0,158.0,0.7618154178494906,0.7913695720469959,30
jbd2/vda2-8,167.0,0.693993065449318,0.7739729414560589,31
systemd,10.0,2.129888675370192,3.570809359077999,3
sshd,0.0,,1.2081809890352133,1
