Name,TimeWeightedAvgVmSizeMiB,MaxVmPeakMiB,MaxVmHwmMiB,DataPoints,PeakDuration
dbus-daemon,16.3701171875,16.68359375,10.953125,9,44.0
discern-file-so,1511.9253136003522,1527.36328125,291.40234375,31,142.0
discern-logs-so,1205.4296875,1205.4296875,24.37890625,31,158.0
discern-network,1833.58203125,1863.1875,36.0546875,31,150.0
discern-proc-so,1205.92578125,1205.92578125,16.328125,31,158.0
systemd-journal,117.12109375,117.12109375,27.80078125,22,118.0
