Name,TimeWeightedAvgVmSizeMiB,MaxVmPeakMiB,MaxVmHwmMiB,DataPoints,PeakDuration
dbus-daemon,16.24681712962963,16.72265625,11.421875,16,81.0
discern-file-so,1472.1293372844827,1591.4296875,302.92578125,32,145.0
discern-logs-so,1205.4296875,1205.4296875,14.46875,32,158.0
discern-network,1841.8984375,1841.8984375,79.75390625,32,145.0
discern-proc-so,1205.92578125,1205.92578125,16.40234375,32,162.0
systemd-journal,49.2578125,49.2578125,11.46484375,16,85.0
