Name,Duration,AvgCpuPercent,MaxCpuUsage,DataPoints
discern-file-so,146.0,35.68595007564695,66.86741912713144,32
discern-proc-so,144.0,2.234681598902009,2.3685965945572045,31
discern-network,154.0,1.0144113509315644,1.039132365749324,32
jbd2/vda2-8,166.0,0.6613850658689008,0.7296695653147887,32
kswapd0,153.0,0.6940158578655604,0.7126089738944605,31
systemd,11.0,0.9164862524670703,1.4854406473450519,2
