Name,Duration,AvgCpuPercent,MaxCpuUsage,DataPoints
discern-file-so,206.0,33.77179499278994,41.936959710017376,40
discern-proc-so,201.0,2.119757526734613,2.3977659557170616,39
systemd,225.0,0.7366246350022976,2.9308353069810313,43
jbd2/vda2-8,206.0,0.7184537892483479,0.964052850227203,40
kswapd0,200.0,0.39089964309286174,0.4814221329440349,38
