Name,Duration,AvgCpuPercent,MaxCpuUsage,DataPoints
discern-file-so,204.0,28.5126964654743,32.65532698213857,45
discern-proc-so,204.0,2.1676886461163622,2.3886931602268295,45
jbd2/vda2-8,217.0,0.8427509152970012,1.1419468200062894,45
systemd,239.0,0.6569898705466514,1.8651503856145575,47
kswapd0,223.0,0.4756178777705828,0.5523479087320444,43
