Name,Duration,AvgCpuPercent,MaxCpuUsage,DataPoints
discern-file-so,73.0,65.54416949589232,85.59894012557685,16
server.py,43.0,39.43817191155,42.436527145764856,8
discern-proc-so,73.0,2.3859347390617356,3.9119651442184384,16
discern-network,73.0,0.956910015359995,0.96973272345418,16
python3,37.0,1.317347208646603,1.9182090870567536,7
jbd2/vda2-8,40.0,0.9122528187366562,0.9508799981352788,9
kswapd0,30.0,0.6865119155558728,0.7010723371635875,7
systemd,4.0,0.6598365460243526,0.6598365460243526,1
