Name,Duration,AvgCpuPercent,MaxCpuUsage,DataPoints
discern-file-so,78.0,53.64304605493839,81.45999204132241,16
server.py,44.0,48.422353356455226,69.05763141658002,8
discern-proc-so,78.0,2.208829629750406,3.9069097221492055,16
jbd2/vda2-8,78.0,0.8708926405476168,0.9070812688680165,16
python3,39.0,1.3202698328638558,2.1224733356370726,7
kswapd0,39.0,0.7561893633253997,0.7754243647306325,9
discern-network,30.0,0.5361082709588736,0.5391284673488852,7
systemd,4.0,0.5847096515293922,0.5847096515293922,1
