IP_A,IP_B,TotalPackets,TotalBytes,TotalActiveSeconds,AvgRateMbps,PeakRateMbps
172.30.0.13,172.30.0.13,511,315938,13,0.1944233846153846,1.463216
192.168.254.2,192.168.254.2,601,145738,13,0.08968492307692308,0.257616
10.1.2.3,10.1.2.3,211,38055,20,0.015222,0.042224
10.1.2.2,10.1.2.2,245,24609,22,0.008948727272727273,0.02088
127.0.0.1,127.0.0.1,18,3098,3,0.008261333333333334,0.012392
192.33.4.12,192.33.4.12,10,3028,1,0.024224,0.024224
192.203.230.10,192.203.230.10,10,2892,1,0.023136,0.023136
10.1.1.2,10.1.1.2,20,2016,5,0.0032256,0.004512
::1,::1,1,63,1,0.000504,0.000504
