Name,Duration,AvgCpuPercent,MaxCpuUsage,DataPoints
discern-file-so,78.0,45.99607217731204,81.48132433898218,16
discern-proc-so,73.0,2.104252335696232,2.3202909980518447,15
systemd,98.0,0.7369312047233993,2.3074699030931867,20
kswapd0,78.0,0.6709546397701731,0.6923214346347435,16
jbd2/vda2-8,58.0,0.49996881008494326,0.5163051387390228,12
named,5.0,0.7161748705408822,0.7161748705408822,1
