Name,TimeWeightedAvgVmSizeMiB,MaxVmPeakMiB,MaxVmHwmMiB,DataPoints,PeakDuration
discern-file-so,1556.4443221830986,1591.0546875,291.6171875,15,71.0
discern-jupyter,1205.33203125,1205.33203125,10.49609375,5,22.0
discern-logs-so,1205.4296875,1205.4296875,14.3984375,4,20.0
discern-network,1898.4609375,1898.4609375,119.01953125,15,71.0
discern-proc-so,1205.92578125,1205.92578125,16.5703125,8,31.0
python3,113.630517578125,232.60546875,16.79296875,14,80.0
server.py,174.2890625,238.2890625,22.796875,7,40.0
systemd-journal,48.19453125,49.26171875,12.19140625,7,30.0
