Name,Duration,AvgCpuPercent,MaxCpuUsage,DataPoints
discern-file-so,67.0,47.8026453727468,69.18002544873994,15
server.py,31.0,49.051234278274784,68.42696335388553,7
discern-proc-so,71.0,2.365350376629697,5.319531112412545,15
jbd2/vda2-8,71.0,1.5987728745381993,1.7571447274851686,15
python3,33.0,1.3773642430487916,2.203683761012942,6
systemd,42.0,0.7005775288999115,0.7534050074279961,9
discern-network,25.0,0.6489674951170694,0.6684379601565472,5
kswapd0,11.0,0.6502452783430055,0.67260348509291,3
