Name,Duration,AvgCpuPercent,MaxCpuUsage,DataPoints
discern-file-so,69.0,75.53490783706754,85.62782341596908,15
discern-proc-so,64.0,1.8247901539331408,2.366015919127937,14
kswapd0,69.0,0.67196455290175,0.6759085318664795,15
systemd,74.0,0.22695303746608136,0.24911758621134017,16
jbd2/vda2-8,64.0,0.18289103826716643,0.18531829723474633,14
discern-logs-so,5.0,0.16413320076236118,0.16413320076236118,1
