Name,Duration,AvgCpuPercent,MaxCpuUsage,DataPoints
discern-file-so,63.0,80.5319586638533,90.58510895788623,13
discern-proc-so,63.0,3.293941639463966,8.46756151837976,13
systemd,63.0,0.5784940228829549,1.7553265551070745,13
kswapd0,63.0,0.5333362923296081,0.541056756740443,13
jbd2/vda2-8,63.0,0.3739109159712201,0.38105526184649435,13
