Name,Duration,AvgCpuPercent,MaxCpuUsage,DataPoints
discern-file-so,213.0,30.724574090880445,34.13497237874626,43
discern-proc-so,218.0,2.104475181206891,3.9559935853775,43
jbd2/vda2-8,218.0,0.9277397274029864,1.2571140962642755,43
systemd,243.0,0.6690481000029936,1.7060196115518567,46
kswapd0,209.0,0.47583849971472936,0.5375276275289931,40
