IP_A,IP_B,TotalPackets,TotalBytes,TotalActiveSeconds,AvgRateMbps,PeakRateMbps
172.30.0.14,172.30.0.14,127,40180,6,0.053573333333333334,0.136912
192.168.254.2,192.168.254.2,119,30944,6,0.041258666666666666,0.080288
172.30.0.1,172.30.0.1,13,1348,4,0.002696,0.00428
