Name,Duration,AvgCpuPercent,MaxCpuUsage,DataPoints
discern-file-so,64.0,77.82950151398873,86.39170387359395,13
discern-proc-so,64.0,3.3319885356265813,9.94974742425209,13
kswapd0,64.0,0.5387865220382385,0.5446197965815572,13
systemd,64.0,0.36869383186170357,1.247356334274793,13
jbd2/vda2-8,64.0,0.29625231510116784,0.30004377022250556,13
