Name,Duration,AvgCpuPercent,MaxCpuUsage,DataPoints
discern-file-so,71.0,31.19173664210746,31.703636702578425,15
server.py,34.0,51.95867631767077,68.68365907338627,7
discern-proc-so,71.0,2.737531745790305,4.694306421577721,15
kswapd0,71.0,0.753211009704109,0.7615648621408497,15
python3,33.0,1.3337966830260843,2.178755945839403,6
discern-network,38.0,0.5904413783496875,0.5945941712540393,9
jbd2/vda2-8,28.0,0.4877003205813679,0.5005877405056797,7
systemd,5.0,1.9999319903127375,1.9999319903127375,1
