IP_A,IP_B,TotalPackets,TotalBytes,TotalActiveSeconds,AvgRateMbps,PeakRateMbps
172.30.0.12,172.30.0.12,109,28302,5,0.0452832,0.079584
192.168.254.2,192.168.254.2,101,27692,5,0.0443072,0.078832
172.30.0.1,172.30.0.1,18,2108,3,0.005621333333333333,0.007568
fe80::1270:fdff:fe57:e2c,fe80::1270:fdff:fe57:e2c,2,142,1,0.001136,0.001136
fe80::9859:52ff:fe53:80aa,fe80::9859:52ff:fe53:80aa,2,142,1,0.001136,0.001136
fe80::a457:daff:fe14:2fd,fe80::a457:daff:fe14:2fd,2,142,1,0.001136,0.001136
