Name,Duration,AvgCpuPercent,MaxCpuUsage,DataPoints
discern-file-so,206.0,28.709419021145113,29.280776946843005,47
discern-proc-so,209.0,2.086929034194276,2.3006849855262725,46
kswapd0,218.0,0.6181275399949381,0.6354290073864196,47
systemd,241.0,0.3537497392431835,1.2957978776011236,48
jbd2/vda2-8,235.0,0.32170111880747015,0.35783618377900894,47
