Name,Duration,AvgCpuPercent,MaxCpuUsage,DataPoints
discern-file-so,98.0,66.38345629425731,82.70021028632077,23
discern-proc-so,96.0,1.7852353147575881,2.372264828911516,22
jbd2/vda2-8,106.0,1.3407405109671529,1.5899592466249712,23
systemd,130.0,0.8089526816495182,1.6406873199697047,26
kswapd0,96.0,0.4554340043150306,0.4902214349099658,19
discern-network,8.0,0.4169006099307205,0.4191609641809022,2
