Name,Duration,AvgCpuPercent,MaxCpuUsage,DataPoints
discern-file-so,73.0,43.274341359326755,70.5210036710105,16
discern-proc-so,68.0,2.340867548838009,4.082837904033054,15
kswapd0,73.0,0.7315109194814894,0.7430022363501092,16
systemd,89.0,0.5002319909653655,1.493565791753848,19
jbd2/vda2-8,59.0,0.3263297269364574,0.3346737950748111,13
