Name,Duration,AvgCpuPercent,MaxCpuUsage,DataPoints
discern-file-so,80.0,51.403591860571716,85.86687563573727,17
discern-proc-so,84.0,2.992475894973432,4.105292536405254,17
python3,27.0,3.81884392432963,7.558779712220487,5
kswapd0,84.0,0.7983661255453258,0.8045849812724846,17
systemd,26.0,0.9879138682242968,2.463788220096834,5
discern-network,78.0,0.32790244983288563,0.331721500199006,16
jbd2/vda2-8,37.0,0.2780403893412441,0.2826355491780901,8
