Name,TimeWeightedAvgVmSizeMiB,MaxVmPeakMiB,MaxVmHwmMiB,DataPoints,PeakDuration
dbus-daemon,13.8828125,13.8828125,8.61328125,1,5.0
discern-file-so,1415.2393188476562,1462.671875,249.31640625,14,64.0
discern-jupyter,1205.33203125,1205.33203125,10.44921875,2,10.0
discern-logs-so,1205.4296875,1205.4296875,13.74609375,9,36.0
discern-network,1834.14453125,1863.1875,75.9765625,14,64.0
discern-proc-so,1205.92578125,1205.92578125,16.125,9,36.0
python3,116.75237165178571,304.609375,18.62109375,10,56.0
server.py,171.75390625,235.75390625,20.07421875,5,28.0
systemd-journal,47.38671875,47.38671875,12.83984375,6,21.0
