Name,TimeWeightedAvgVmSizeMiB,MaxVmPeakMiB,MaxVmHwmMiB,DataPoints,PeakDuration
discern-file-so,1418.1128329918033,1462.671875,203.421875,13,61.0
discern-logs-so,1205.4296875,1205.4296875,20.7421875,10,43.0
discern-network,1834.20703125,1834.20703125,84.09375,13,61.0
discern-proc-so,1205.92578125,1205.92578125,16.1640625,8,33.0
python3,128.12771739130434,248.61328125,18.7109375,8,46.0
server.py,171.75390625,235.75390625,20.0546875,5,28.0
systemd-journal,70.7528409090909,77.328125,17.46484375,8,33.0
