Name,Duration,AvgCpuPercent,MaxCpuUsage,DataPoints
discern-file-so,70.0,64.85401864391518,82.61846340526728,14
server.py,28.0,37.40777818188832,41.63381217012679,5
discern-proc-so,64.0,1.9691537610011502,2.0480012850615346,13
jbd2/vda2-8,70.0,0.9747401890463625,1.0300653801763275,14
systemd,58.0,0.5767007314437673,1.119375588252685,12
python3,23.0,1.3910091294132139,1.9490498894389108,4
kswapd0,37.0,0.49222143682558966,0.5120340722446612,8
