Name,Duration,AvgCpuPercent,MaxCpuUsage,DataPoints
discern-file-so,61.0,61.50162788141933,70.3527796528518,13
server.py,28.0,36.02160296479365,40.40762024200868,5
discern-proc-so,61.0,2.2888464385863996,3.9627891601306566,13
jbd2/vda2-8,61.0,1.1364311056517122,1.2208676564079177,13
python3,22.0,1.577274889946213,2.1461968362924897,4
discern-network,39.0,0.8857541972939779,0.9131680744500843,9
systemd,28.0,0.7056162726345104,0.7361938262257806,7
sshd,5.0,0.9416883218411793,0.9416883218411795,1
