Name,Duration,AvgCpuPercent,MaxCpuUsage,DataPoints
discern-file-so,70.0,51.26555668556236,85.97057848240742,17
discern-proc-so,78.0,2.8194990999756127,5.750447320108972,17
python3,27.0,2.7030838720371757,8.3949866927603,6
kswapd0,78.0,0.8012541824466174,0.8092350991430016,17
discern-network,77.0,0.326848245157086,0.3302922555722594,16
systemd,16.0,0.7994587750396717,1.0696308756687833,3
jbd2/vda2-8,40.0,0.3164391624574463,0.32438660723428203,9
