Name,Duration,AvgCpuPercent,MaxCpuUsage,DataPoints
discern-file-so,55.0,32.79037364730345,33.10005472801429,12
discern-proc-so,55.0,2.6236981975400173,4.9862389859569545,12
kswapd0,55.0,0.7304074648354476,0.7360970165792751,12
jbd2/vda2-8,55.0,0.3325440852801296,0.3373638417668736,12
systemd,55.0,0.312479185280296,0.4990707581962011,12
