Name,Duration,AvgCpuPercent,MaxCpuUsage,DataPoints
discern-file-so,148.0,30.166710415265932,30.58879878970596,39
discern-proc-so,165.0,2.086652015778368,3.326319736426327,39
kswapd0,178.0,0.6371739210534878,0.6481007870336629,39
systemd,215.0,0.3484970166880869,2.2177789415400277,42
jbd2/vda2-8,181.0,0.27274310425347337,0.2918357278705346,36
