Name,Duration,AvgCpuPercent,MaxCpuUsage,DataPoints
discern-file-so,74.0,31.47789535942202,31.71946842224888,15
discern-proc-so,74.0,2.4000664285511815,2.955080039231919,15
kswapd0,74.0,0.7303761796407916,0.7353802338254181,15
discern-network,74.0,0.39999679742355204,0.40043281961225763,15
systemd,74.0,0.26950060946269383,0.7311810766004885,15
