IP_A,IP_B,TotalPackets,TotalBytes,TotalActiveSeconds,AvgRateMbps,PeakRateMbps
172.30.0.14,172.30.0.14,125,31860,5,0.050976,0.077144
192.168.254.2,192.168.254.2,124,31396,5,0.0502336,0.08112
172.30.0.1,172.30.0.1,16,1743,3,0.004648,0.006992
