Name,TimeWeightedAvgVmSizeMiB,MaxVmPeakMiB,MaxVmHwmMiB,DataPoints,PeakDuration
discern-file-so,1442.060515873016,1462.609375,249.3203125,14,63.0
discern-logs-so,1205.4296875,1205.4296875,21.078125,14,63.0
discern-network,1898.2109375,1898.2109375,97.046875,14,63.0
discern-proc-so,1205.92578125,1205.92578125,15.75,14,63.0
systemd-journal,65.3515625,65.3515625,21.8984375,14,63.0
