Name,Duration,AvgCpuPercent,MaxCpuUsage,DataPoints
discern-file-so,53.0,82.66776556876407,92.58647098800081,13
discern-proc-so,57.0,2.036031291519457,3.289728962849453,13
jbd2/vda2-8,57.0,1.1574042047304713,1.2401045594057067,13
systemd,67.0,0.7968697705751187,2.4678794385613765,15
kswapd0,47.0,0.5014837214952528,0.5131728614687585,11
