Name,Duration,AvgCpuPercent,MaxCpuUsage,DataPoints
discern-file-so,63.0,73.07068533612838,85.2819038060172,13
discern-proc-so,58.0,1.7389959125239918,2.0024136462561515,12
jbd2/vda2-8,63.0,1.1110358033686103,1.1929412717376846,13
systemd,74.0,0.8775295126519478,2.580322714175613,15
kswapd0,52.0,0.48208311499940326,0.4986052535149283,11
discern-network,5.0,0.45247887771315015,0.4524788777131501,1
