Name,Duration,AvgCpuPercent,MaxCpuUsage,DataPoints
discern-file-so,49.0,69.40212034694676,84.71089829703631,12
server.py,17.0,38.67543100076698,41.567784867548376,4
discern-proc-so,53.0,2.4140840121292078,2.816366064862327,12
jbd2/vda2-8,48.0,0.6213363998819096,0.639575255870926,11
python3,21.0,0.9414144939906619,1.2027491334767477,4
kswapd0,37.0,0.5255506857979255,0.538081187872053,9
systemd,32.0,0.5875837957759639,1.4172897140358214,8
