IP_A,IP_B,TotalPackets,TotalBytes,TotalActiveSeconds,AvgRateMbps,PeakRateMbps
192.168.254.2,192.168.254.2,115,30516,5,0.0488256,0.078272
172.30.0.12,172.30.0.12,120,29886,5,0.0478176,0.077568
172.30.0.1,172.30.0.1,15,1800,4,0.0036,0.005704
fe80::7ce1:ddff:fe22:629d,fe80::7ce1:ddff:fe22:629d,2,142,1,0.001136,0.001136
fe80::a0c9:41ff:fe80:47b1,fe80::a0c9:41ff:fe80:47b1,2,142,1,0.001136,0.001136
fe80::b850:f4ff:fe52:4c76,fe80::b850:f4ff:fe52:4c76,2,142,1,0.001136,0.001136
fe80::d82d:b0ff:fe7a:d605,fe80::d82d:b0ff:fe7a:d605,2,142,1,0.001136,0.001136
fe80::f0b9:25ff:fe1f:5472,fe80::f0b9:25ff:fe1f:5472,2,142,1,0.001136,0.001136
