Name,Duration,AvgCpuPercent,MaxCpuUsage,DataPoints
discern-file-so,74.0,45.270822205173175,72.44108854555083,16
discern-proc-so,78.0,2.207998852888892,3.907960954155241,16
jbd2/vda2-8,78.0,0.8191965036659278,0.8693962626330295,16
kswapd0,78.0,0.7105377995697513,0.7330307984762816,16
discern-network,78.0,0.49205251293192465,0.5010454961254622,16
