Name,Duration,AvgCpuPercent,MaxCpuUsage,DataPoints
discern-file-so,75.0,79.94135840403004,92.53609134844737,15
discern-proc-so,75.0,2.2587294340431296,6.017577594484718,15
systemd,75.0,0.609180107230226,2.4060595638066404,15
kswapd0,75.0,0.5673525093990991,0.5781673456197125,15
jbd2/vda2-8,75.0,0.41203262437451776,0.4218591797547023,15
