Name,TimeWeightedAvgVmSizeMiB,MaxVmPeakMiB,MaxVmHwmMiB,DataPoints,PeakDuration
dbus-daemon,47.58140901548673,54.046875,47.2421875,332,1695.0
discern-file-so,1586.098520198847,1591.6796875,397.69140625,332,1691.0
discern-logs-so,1205.4296875,1205.4296875,26.52734375,332,1719.0
discern-network,1906.21484375,1906.21484375,88.9296875,332,1683.0
discern-proc-so,1205.9264255798969,1206.17578125,16.4296875,150,776.0
systemd-journal,65.75202531019008,97.22265625,24.49609375,182,947.0
