Name,TimeWeightedAvgVmSizeMiB,MaxVmPeakMiB,MaxVmHwmMiB,DataPoints,PeakDuration
dbus-daemon,47.73219740447275,54.26953125,47.4765625,331,1688.0
discern-cpu-sor,1205.359375,1205.359375,11.58984375,4,21.0
discern-file-so,1589.8866908482144,1591.6796875,314.2578125,331,1680.0
discern-logs-so,1205.4296875,1205.4296875,19.58203125,331,1712.0
discern-network,1833.83203125,1863.1875,70.18359375,331,1692.0
discern-proc-so,1205.92578125,1205.92578125,16.25390625,60,307.0
systemd-journal,76.4579005599711,95.41015625,21.48046875,267,1384.0
