Name,Duration,AvgCpuPercent,MaxCpuUsage,DataPoints
discern-file-so,1703.0,37.128750971553345,88.12374632920773,332
discern-proc-so,1706.0,2.403194901462771,2.8300241845345293,331
kswapd0,1719.0,0.7196382814483991,0.7237912421249102,332
discern-logs-so,1723.0,0.2857370803384469,0.29664624117540717,332
discern-network,1709.0,0.15958317202005193,0.1640252612300169,327
systemd,23.0,0.7027986002260455,1.8657082180260354,5
sshd,0.0,,0.999465035340369,1
