Name,Duration,AvgCpuPercent,MaxCpuUsage,DataPoints
discern-file-so,20524.0,44.46070471718891,89.353089943097,3977
discern-proc-so,20956.0,2.7743566741305825,2.7972592036250243,4041
discern-logs-so,20922.0,1.478936617646265,8.118958497323284,4019
kswapd0,21093.0,0.8440031352931241,0.8804297353441565,4042
systemd-journal,17640.0,0.18248879537473642,0.21943154420661395,3368
kworker/0,3979.0,0.3334875972140671,1.1497437847541683,758
systemd,27.0,0.5456122212677476,1.5978131434543323,5
