Name,Duration,AvgCpuPercent,MaxCpuUsage,DataPoints
discern-file-so,1715.0,34.534023478481636,90.36539046209728,331
discern-proc-so,1719.0,2.7814591472715673,3.616245063288476,331
kswapd0,1727.0,0.7378969841302627,0.7427464082156444,331
discern-logs-so,1727.0,0.20668961982090328,0.21815986757900097,331
discern-network,1713.0,0.1565084528840813,0.16207336904428304,328
systemd,14.0,0.601548465877335,0.7578682062854263,3
