IP_A,IP_B,TotalPackets,TotalBytes,TotalActiveSeconds,AvgRateMbps,PeakRateMbps
192.168.254.2,192.168.254.2,114,30540,5,0.048864,0.08072
172.30.0.15,172.30.0.15,115,28047,5,0.0448752,0.07008
172.30.0.1,172.30.0.1,16,1807,3,0.004818666666666666,0.007248
fe80::6ce0:fdff:fe37:c339,fe80::6ce0:fdff:fe37:c339,2,142,1,0.001136,0.001136
fe80::e483:9bff:fe64:d165,fe80::e483:9bff:fe64:d165,2,142,1,0.001136,0.001136
