Name,TimeWeightedAvgVmSizeMiB,MaxVmPeakMiB,MaxVmHwmMiB,DataPoints,PeakDuration
discern-file-so,1466.5239207474226,1591.4296875,289.23046875,23,97.0
discern-jupyter,1205.33203125,1205.33203125,10.5,1,5.0
discern-logs-so,1205.4296875,1205.4296875,18.5625,23,105.0
discern-network,1833.8629590850514,1863.1875,87.8671875,23,97.0
discern-proc-so,1205.92578125,1205.92578125,16.60546875,23,109.0
systemd-journal,61.78173828125,63.44921875,22.60546875,22,96.0
