Name,TimeWeightedAvgVmSizeMiB,MaxVmPeakMiB,MaxVmHwmMiB,DataPoints,PeakDuration
discern-file-so,1407.7688382056451,1527.11328125,292.22265625,25,124.0
discern-jupyter,1205.33203125,1205.33203125,9.79296875,3,10.0
discern-logs-so,1205.4296875,1205.4296875,15.48046875,25,124.0
discern-network,1841.8359375,1863.1875,82.48046875,25,124.0
discern-proc-so,1205.92578125,1205.92578125,16.61328125,25,124.0
systemd-journal,54.97717927631579,55.3984375,16.265625,22,114.0
