Name,Duration,AvgCpuPercent,MaxCpuUsage,DataPoints
discern-file-so,119.0,68.31834242709232,84.87600330857487,25
discern-proc-so,114.0,1.8563558045980617,2.2215291934997428,24
jbd2/vda2-8,119.0,1.150581740943367,1.3577309891332874,25
systemd,134.0,0.7616218723142985,2.3917172287580977,28
kswapd0,103.0,0.4604045940881212,0.508586621189055,21
discern-network,10.0,0.4118724619063713,0.4126326867778893,2
