Name,Duration,AvgCpuPercent,MaxCpuUsage,DataPoints
discern-file-so,107.0,72.58091103476762,88.34179857866125,23
discern-proc-so,101.0,1.806674602941129,2.4640449254395573,22
jbd2/vda2-8,107.0,1.283542167557636,1.5173430387785016,23
systemd,117.0,0.7759781134136043,1.1190762137762897,24
kswapd0,91.0,0.4182273497558878,0.4578311952925659,18
discern-network,24.0,0.43166299693154614,0.4488092783916089,5
