Name,Duration,AvgCpuPercent,MaxCpuUsage,DataPoints
discern-file-so,77.0,53.61169325604292,87.90885579851378,17
discern-proc-so,72.0,2.0629477187100886,2.2209781046496353,16
jbd2/vda2-8,81.0,1.0196128081544784,1.097987458519615,17
kswapd0,76.0,0.6465221886752031,0.6785628940895675,16
systemd,56.0,0.6261706581204509,1.2530236897389713,11
discern-network,35.0,0.5285888164317494,0.538845307054002,8
