Name,TimeWeightedAvgVmSizeMiB,MaxVmPeakMiB,MaxVmHwmMiB,DataPoints,PeakDuration
discern-file-so,1456.658474392361,1591.4296875,295.53125,17,72.0
discern-logs-so,1205.4296875,1205.4296875,16.37890625,17,80.0
discern-network,1898.2109375,1898.2109375,89.75390625,17,76.0
discern-proc-so,1205.92578125,1205.92578125,17.171875,17,80.0
systemd-journal,57.265625,57.265625,17.015625,17,80.0
