Name,Duration,AvgCpuPercent,MaxCpuUsage,DataPoints
discern-file-so,65.0,65.11039820683321,81.93925855568045,14
server.py,28.0,36.84409336397852,41.36718400285098,5
discern-proc-so,65.0,2.1589342348734393,3.3592263959598694,14
python3,34.0,1.2130592165773155,1.7835680101620977,6
kswapd0,59.0,0.558966308739466,0.5637794696367794,13
discern-network,37.0,0.3215614756668884,0.32462108199896145,9
jbd2/vda2-8,32.0,0.3058885701164649,0.3097894006577957,8
systemd,5.0,0.6412607823110932,0.6412607823110932,1
