IP_A,IP_B,TotalPackets,TotalBytes,TotalActiveSeconds,AvgRateMbps,PeakRateMbps
10.10.10.1,10.10.10.1,1539,432065,23,0.15028347826086957,1.347184
10.10.10.4,10.10.10.4,1265,136218,23,0.04738017391304348,0.078376
172.30.0.15,172.30.0.15,192,42574,12,0.028382666666666667,0.077872
192.168.254.2,192.168.254.2,151,40456,8,0.040456,0.077392
172.30.0.1,172.30.0.1,40,4406,8,0.004406,0.011472
34.117.59.81,34.117.59.81,8,2040,1,0.01632,0.01632
104.26.12.205,104.26.12.205,10,1534,1,0.012272,0.012272
fe80::2c4b:3dff:feea:b48d,fe80::2c4b:3dff:feea:b48d,2,142,1,0.001136,0.001136
fe80::306e:d3ff:feff:e987,fe80::306e:d3ff:feff:e987,2,142,1,0.001136,0.001136
