Name,TimeWeightedAvgVmSizeMiB,MaxVmPeakMiB,MaxVmHwmMiB,DataPoints,PeakDuration
discern-ansible,1205.34375,1205.34375,11.46875,9,41.0
discern-file-so,1444.6395399305557,1526.67578125,270.54296875,15,72.0
discern-logs-so,1205.4296875,1205.4296875,15.30078125,12,57.0
discern-network,1833.8715533088234,1833.89453125,70.34375,15,68.0
discern-proc-so,1205.92578125,1205.92578125,14.78515625,15,72.0
python3,721.8030790441177,984.48046875,48.10546875,4,17.0
systemd-journal,49.26171875,49.26171875,11.37890625,5,25.0
