Name,Duration,AvgCpuPercent,MaxCpuUsage,DataPoints
discern-file-so,75.0,76.97791478445545,89.52683711512309,16
discern-proc-so,79.0,2.172202114788023,3.2644091768616375,16
jbd2/vda2-8,79.0,1.436331098488211,1.6113305937561957,16
python3,17.0,4.764119854265209,9.7749409923626,4
systemd,84.0,0.9060363578615542,1.3060320668695105,17
discern-network,53.0,0.6491249978550993,0.7073066794421999,11
