Name,Duration,AvgCpuPercent,MaxCpuUsage,DataPoints
discern-file-so,59.0,70.51068419205143,84.23264996361375,15
discern-proc-so,71.0,2.5659439196842677,8.37818967211008,15
python3,17.0,4.848735258518536,9.995494677582908,4
jbd2/vda2-8,71.0,1.08734645214978,1.1855172548467965,15
systemd,87.0,0.7025997640008315,1.8784122473780893,18
kswapd0,34.0,0.4160187410995872,0.42914860745467365,8
