Name,TimeWeightedAvgVmSizeMiB,MaxVmPeakMiB,MaxVmHwmMiB,DataPoints,PeakDuration
discern-ansible,1205.34375,1205.34375,11.21484375,7,37.0
discern-file-so,1461.691357421875,1527.11328125,297.7265625,16,80.0
discern-logs-so,1205.4296875,1205.4296875,14.765625,9,43.0
discern-network,1898.16484375,1898.2734375,95.3828125,16,80.0
discern-proc-so,1205.92578125,1205.92578125,16.4609375,16,80.0
python3,745.8497869318181,1024.53125,46.640625,4,22.0
systemd-journal,47.81970635775862,57.33984375,12.35546875,12,58.0
