Name,TimeWeightedAvgVmSizeMiB,MaxVmPeakMiB,MaxVmHwmMiB,DataPoints,PeakDuration
dbus-daemon,32.92370292467949,40.50390625,32.953125,333,1716.0
discern-cpu-sor,1205.359375,1205.359375,11.5234375,1,5.0
discern-file-so,1578.7092034170562,1591.7421875,297.828125,333,1712.0
discern-logs-so,1205.4296875,1205.4296875,27.89453125,333,1724.0
discern-network,1898.2734375,1898.2734375,93.78515625,333,1712.0
discern-proc-so,1205.92578125,1205.92578125,16.20703125,8,39.0
python3,659.2344781043791,1096.78515625,46.69921875,322,1667.0
systemd-journal,119.23828125,119.23828125,22.08984375,2,5.0
