Name,Duration,AvgCpuPercent,MaxCpuUsage,DataPoints
discern-file-so,1710.0,32.39833628606278,69.64732528240306,333
discern-proc-so,1710.0,2.489864553774781,4.595040399204612,333
kswapd0,1710.0,0.755459960711291,0.7624621999727089,333
python3,722.0,0.6402282274732324,10.161248422539614,139
jbd2/vda2-8,1708.0,0.2303233530658346,0.281267057399232,331
discern-logs-so,973.0,0.2187794442023285,0.2296652106255304,188
systemd,37.0,0.3822780051123276,0.9525564329318248,8
