Name,TimeWeightedAvgVmSizeMiB,MaxVmPeakMiB,MaxVmHwmMiB,DataPoints,PeakDuration
dbus-daemon,33.0246082361516,40.640625,33.12109375,333,1715.0
discern-file-so,1527.5493109328909,1655.74609375,305.546875,333,1695.0
discern-logs-so,1205.4296875,1205.4296875,20.953125,176,900.0
discern-network,1842.1484375,1842.1484375,78.921875,333,1707.0
discern-proc-so,1205.92578125,1205.92578125,16.05078125,1,6.0
python3,659.4953266616315,1064.85546875,48.03515625,322,1655.0
systemd-journal,75.49562191492451,81.22265625,21.3984375,167,861.0
