Name,Duration,AvgCpuPercent,MaxCpuUsage,DataPoints
discern-file-so,1682.0,41.02122617822765,93.5417851757505,333
discern-proc-so,1690.0,2.3892324399995966,3.3599821130680216,333
kswapd0,1698.0,0.7016161657054936,0.7130018623536399,333
discern-logs-so,1709.0,0.31142440845614994,0.3214674350865408,332
python3,431.0,0.7604489161526311,14.071486755016089,83
discern-network,1259.0,0.2234173838838204,0.2270177143359314,244
systemd,10.0,0.601424992134886,0.6531587834848422,2
jbd2/vda2-8,23.0,0.24086924096984497,0.24176833005216128,5
