Name,Duration,AvgCpuPercent,MaxCpuUsage,DataPoints
discern-file-so,21077.0,32.66353215582314,85.58713319402233,4124
discern-proc-so,21148.0,2.3128911403505272,9.50231162972574,4122
kswapd0,21200.0,0.8174924356144395,0.8458286234213414,4121
discern-logs-so,21275.0,0.5314460367070649,0.7443480757809697,4120
systemd-journal,20922.0,0.1502467114390382,0.1746671177037554,4039
python3,395.0,0.5019777908953358,7.611350476328284,77
systemd,28.0,0.7748709380106427,2.2914172225104457,6
discern-network,6.0,0.13062071966719183,0.13062071966719183,1
