IP_A,IP_B,TotalPackets,TotalBytes,TotalActiveSeconds,AvgRateMbps,PeakRateMbps
10.10.10.3,10.10.10.3,1248,1584453,23,0.5511140869565218,11.616496
10.10.10.1,10.10.10.1,1533,450934,24,0.15031133333333332,1.312352
172.30.0.14,172.30.0.14,199,57438,12,0.038292,0.133984
192.168.254.2,192.168.254.2,164,41628,9,0.03700266666666667,0.081952
172.30.0.1,172.30.0.1,41,4814,7,0.005501714285714286,0.012816
34.117.59.81,34.117.59.81,9,2100,1,0.0168,0.0168
172.67.74.152,172.67.74.152,10,1534,1,0.012272,0.012272
