Name,Duration,AvgCpuPercent,MaxCpuUsage,DataPoints
discern-file-so,80.0,52.63110748417948,86.15979072898921,17
discern-proc-so,84.0,3.095607633104091,4.980198510762441,17
python3,26.0,3.4617606105880228,6.215705643275382,5
kswapd0,84.0,0.8159333881994714,0.820531275832103,17
systemd,53.0,0.5535960697343403,1.7633101005325245,11
discern-network,84.0,0.3259193985419333,0.32853840754033414,17
sshd,5.0,0.7849458617854721,0.7849458617854721,1
