Name,Duration,AvgCpuPercent,MaxCpuUsage,DataPoints
discern-file-so,57.0,32.64852719589744,32.883384803410564,12
discern-proc-so,57.0,2.791963890837133,4.590868375332174,12
kswapd0,57.0,0.7342804316232517,0.7393563627375971,12
systemd,56.0,0.30963803926704514,0.6362870264994189,12
jbd2/vda2-8,57.0,0.2896764340227247,0.2933914995064726,12
