Name,TimeWeightedAvgVmSizeMiB,MaxVmPeakMiB,MaxVmHwmMiB,DataPoints,PeakDuration
dbus-daemon,32.876340133693745,40.51171875,33.0078125,335,1711.0
discern-file-so,1526.8178765413975,1591.7421875,364.1796875,335,1703.0
discern-logs-so,1205.4296875,1205.4296875,23.48046875,335,1719.0
discern-network,1906.21484375,1906.21484375,88.9296875,335,1695.0
discern-proc-so,1205.92578125,1205.92578125,16.4296875,242,1243.0
systemd-journal,81.21484375,81.21484375,24.49609375,93,480.0
