Name,Duration,AvgCpuPercent,MaxCpuUsage,DataPoints
discern-file-so,1691.0,38.84231748492558,83.71302344686138,335
discern-proc-so,1698.0,2.0704297224562374,2.6500837273047426,334
kswapd0,1707.0,0.7012515596328045,0.7158160069751076,335
discern-logs-so,1708.0,0.24825104704196072,0.2700940326031767,332
jbd2/vda2-8,1232.0,0.19678531132767468,0.23950454375975938,240
systemd,408.0,0.18401760344630433,1.3489459837890578,79
discern-network,99.0,0.15774393998573358,0.15854970605027702,20
