Name,Duration,AvgCpuPercent,MaxCpuUsage,DataPoints
discern-file-so,21081.0,32.73074636264348,84.41403151127966,4096
discern-proc-so,21153.0,2.7632922204907953,3.325167637145992,4096
kswapd0,21233.0,0.7999252858819775,0.8201979190938992,4095
discern-logs-so,21313.0,0.5317483803074377,0.7344394878671123,4095
systemd-journal,17775.0,0.14650786918510078,0.16770406770588853,3406
discern-network,3567.0,0.12462472396101534,0.12595518466693506,684
systemd,27.0,0.667219860720047,1.994703477155133,5
scp,0.0,,9.380271008786613,1
sshd,0.0,,7.293591449248869,2
