Name,TimeWeightedAvgVmSizeMiB,MaxVmPeakMiB,MaxVmHwmMiB,DataPoints,PeakDuration
dbus-daemon,33.13151345536756,40.734375,33.54296875,333,1714.0
discern-cpu-sor,1205.359375,1205.359375,11.58984375,11,58.0
discern-file-so,1589.8405884502924,1591.7421875,314.2578125,333,1710.0
discern-logs-so,1205.4296875,1205.4296875,18.23828125,333,1722.0
discern-network,1833.83203125,1863.1875,70.18359375,333,1706.0
discern-proc-so,1205.92578125,1205.92578125,15.796875,35,179.0
systemd-journal,68.5391835016835,71.4375,18.484375,287,1485.0
