Name,Duration,AvgCpuPercent,MaxCpuUsage,DataPoints
discern-file-so,1682.0,33.90246396318627,76.31926731504629,333
discern-proc-so,1698.0,2.2600843678187124,4.0531688956443475,333
kswapd0,1710.0,0.7298919647463915,0.7367325252222261,333
systemd,1354.0,0.18527654463699095,1.6211248033896797,261
discern-logs-so,1291.0,0.19173975742892582,0.19621554323837867,251
jbd2/vda2-8,670.0,0.20048582860774544,0.22530924523442555,130
discern-network,121.0,0.1594710606483347,0.16015881257928666,24
