Name,Duration,AvgCpuPercent,MaxCpuUsage,DataPoints
discern-file-so,65.0,77.38395633273592,87.41053149865778,15
discern-proc-so,65.0,2.6540157300940934,5.130932799742125,15
kswapd0,69.0,0.6894970741672908,0.6937524797185382,15
python3,12.0,3.7074106109078837,5.6641504882902565,3
systemd,58.0,0.36312179570150904,1.4655438527498565,13
discern-network,64.0,0.2704007180087681,0.272694420914687,14
