Name,Duration,AvgCpuPercent,MaxCpuUsage,DataPoints
discern-file-so,116.0,72.55718676880579,89.2954252127075,25
discern-proc-so,120.0,2.227341067216831,9.031652843553397,25
jbd2/vda2-8,120.0,1.1526032544779323,1.352515347120356,25
systemd,141.0,0.7604497030328551,1.9306576105816389,29
kswapd0,98.0,0.40622939527539537,0.43797275511010214,20
discern-network,1.0,0.3695194014103041,0.3695194014103041,1
