IP_A,IP_B,TotalPackets,TotalBytes,TotalActiveSeconds,AvgRateMbps,PeakRateMbps
172.30.0.14,172.30.0.14,123,30100,8,0.0301,0.079792
192.168.254.2,192.168.254.2,107,29414,6,0.039218666666666666,0.077952
172.30.0.1,172.30.0.1,21,2377,6,0.0031693333333333335,0.006296
fe80::989f:48ff:fe1e:7e3e,fe80::989f:48ff:fe1e:7e3e,2,142,1,0.001136,0.001136
fe80::b0b2:2bff:fe01:a53e,fe80::b0b2:2bff:fe01:a53e,2,142,1,0.001136,0.001136
