Name,Duration,AvgCpuPercent,MaxCpuUsage,DataPoints
discern-file-so,107.0,74.99680485850958,90.93167817965575,23
discern-proc-so,106.0,2.242116927017577,8.754766688120457,23
jbd2/vda2-8,110.0,1.1964700758102884,1.4015368617953718,23
systemd,125.0,0.7482192559875548,1.9093527573809015,25
kswapd0,91.0,0.4103723143271684,0.4480218026503908,18
discern-network,12.0,0.4153519194263425,0.42560691757831437,3
