Name,Duration,AvgCpuPercent,MaxCpuUsage,DataPoints
discern-file-so,76.0,79.86947586149802,87.87710426244617,17
discern-proc-so,76.0,2.862472646662989,9.017070445996612,17
python3,17.0,4.260802594349517,7.8211920132211725,4
kswapd0,76.0,0.6403697692338153,0.6475653034524095,17
systemd,27.0,0.704980944413955,1.3500298080844,5
jbd2/vda2-8,59.0,0.26554333649980344,0.2694587826328449,13
discern-network,53.0,0.2676325595769166,0.27014335901754266,12
