Name,Duration,AvgCpuPercent,MaxCpuUsage,DataPoints
discern-file-so,55.0,69.52511383647753,83.79956449396477,12
server.py,21.0,38.309611460176164,41.04932871466666,4
discern-proc-so,55.0,2.4701663786481194,3.3458347325335365,12
kswapd0,50.0,0.5359728895904656,0.5426909301722886,11
python3,26.0,0.8138303282482204,1.199152627669387,5
jbd2/vda2-8,34.0,0.4063318320563255,0.4123061552216364,8
discern-network,27.0,0.37383550396399917,0.37797841803428583,6
systemd,7.0,1.0096737640370992,1.2539529251500965,2
