Name,Duration,AvgCpuPercent,MaxCpuUsage,DataPoints
discern-file-so,50.0,29.856174151784522,30.303192666679298,12
discern-proc-so,50.0,3.545706084135516,9.275855869655155,12
python3,10.0,9.391275524201566,12.60942249120146,2
kswapd0,54.0,0.7052421362615225,0.7143529334728789,12
systemd,17.0,1.1308452079811353,1.9124653784480072,4
discern-network,42.0,0.4032496357641385,0.40859643896707065,9
jbd2/vda2-8,39.0,0.3973795021517246,0.40167856572734034,9
