Name,Duration,AvgCpuPercent,MaxCpuUsage,DataPoints
discern-file-so,70.0,82.26659240915531,90.21432202339327,15
discern-proc-so,70.0,2.373292945268958,3.5059129541717846,15
kswapd0,70.0,0.637477382902094,0.6438883240172993,15
systemd,75.0,0.2831056996658173,0.43644846369349716,16
jbd2/vda2-8,65.0,0.26247006317808474,0.2676339432833638,14
