Name,Duration,AvgCpuPercent,MaxCpuUsage,DataPoints
discern-file-so,171.0,30.718031625789934,31.323310030273348,38
discern-proc-so,176.0,2.1908141847831524,2.580545936385549,37
kswapd0,190.0,0.5975576047127167,0.6168742298711699,38
systemd,210.0,0.36364684928102387,1.490556986117623,41
jbd2/vda2-8,191.0,0.2798163537106384,0.3060634109137535,36
