Name,Duration,AvgCpuPercent,MaxCpuUsage,DataPoints
discern-file-so,72.0,74.0684502776807,82.88674641980855,15
discern-proc-so,72.0,2.619162173034278,4.578214039252674,15
python3,16.0,3.84034461193024,6.052258065224007,3
kswapd0,72.0,0.697189100879645,0.7018276130066681,15
systemd,61.0,0.4857592152775812,2.7471987668095794,13
discern-network,67.0,0.2691811314232158,0.27129904467033167,14
