Name,Duration,AvgCpuPercent,MaxCpuUsage,DataPoints
discern-file-so,79.0,49.555257394543396,85.11005829425007,17
discern-proc-so,73.0,2.857297307638546,3.3800528128230214,16
python3,22.0,3.3934307030458326,6.585007483605636,5
kswapd0,79.0,0.8071079990291159,0.81253192032911,17
systemd,68.0,0.48472526842340025,1.582896445955798,14
discern-network,78.0,0.32708838851156324,0.33087724656265866,16
