Name,Duration,AvgCpuPercent,MaxCpuUsage,DataPoints
discern-file-so,138.0,36.0994908406999,64.76583097760576,32
discern-proc-so,138.0,2.589609164788039,2.731768079955391,31
kswapd0,151.0,0.7684382039792803,0.7718805597997008,32
discern-network,159.0,0.6497472375968497,0.6529805657346698,32
kworker/0,64.0,0.434304939678846,1.1002364897821781,13
jbd2/vda2-8,48.0,0.23977167598026705,0.24243188532209337,10
sshd,35.0,0.2949505078790768,0.5035639854371209,6
systemd,16.0,0.4733763007623596,0.7438274563592332,3
systemd-journal,5.0,0.2243444325205302,0.22434443252053018,1
