Name,TimeWeightedAvgVmSizeMiB,MaxVmPeakMiB,MaxVmHwmMiB,DataPoints,PeakDuration
discern-file-so,1497.4047475961538,1527.36328125,280.921875,14,65.0
discern-logs-so,1205.4296875,1205.4296875,21.00390625,14,65.0
discern-network,1825.07421875,1863.1875,38.58203125,14,65.0
discern-proc-so,1205.92578125,1205.92578125,15.89453125,10,44.0
ettercap,264.40234375,264.40234375,24.640625,4,21.0
systemd-journal,75.4453125,75.4453125,31.140625,14,65.0
