Name,Duration,AvgCpuPercent,MaxCpuUsage,DataPoints
discern-file-so,65.0,53.02089076117437,73.62261247600466,14
ettercap,21.0,46.03557105700624,55.991534915157594,4
discern-proc-so,65.0,2.4574084085110806,3.8348829775872186,14
jbd2/vda2-8,65.0,1.7880206605301787,1.896149686752707,14
kswapd0,65.0,0.7745965543297374,0.7960890093525268,14
systemd,44.0,0.7739472614824465,1.7075071431483868,10
