Name,Duration,AvgCpuPercent,MaxCpuUsage,DataPoints
discern-file-so,21114.0,32.32720869760671,86.09965274440343,4096
discern-proc-so,21177.0,2.774994874905076,2.8352766909389864,4095
kswapd0,21270.0,0.8076806978883578,0.8302293944784097,4096
discern-logs-so,21326.0,0.5198253911210499,0.7252967107655219,4096
systemd-journal,21357.0,0.14493457322326403,0.16960795431245104,4092
systemd,26.0,0.7967755638666236,1.976919877559586,5
