Name,Duration,AvgCpuPercent,MaxCpuUsage,DataPoints
discern-file-so,1700.0,34.55613880491368,87.70993391424861,332
discern-proc-so,1716.0,2.7352592276035566,3.1990110009247386,332
kswapd0,1724.0,0.7274996473482989,0.7339169587347586,332
discern-logs-so,1319.0,0.19368451892300623,0.19954425583360277,253
jbd2/vda2-8,1008.0,0.19750830986316079,0.23337731249761856,194
systemd,921.0,0.18848498473925163,1.2793543947860833,177
discern-network,204.0,0.16046119353428634,0.16116170171195887,39
sshd,0.0,,1.0565322013027496,1
