Name,TimeWeightedAvgVmSizeMiB,MaxVmPeakMiB,MaxVmHwmMiB,DataPoints,PeakDuration
dbus-daemon,33.123958787020904,40.765625,34.6875,332,1722.0
discern-file-so,1622.6967339983833,1655.49609375,349.51171875,331,1701.0
discern-logs-so,1205.4296875,1205.4296875,18.609375,327,1703.0
discern-network,1833.83203125,1863.1875,64.94921875,332,1714.0
discern-proc-so,1205.92578125,1205.92578125,15.7734375,6,32.0
systemd-journal,70.12137891077636,73.25,20.4140625,332,1726.0
