Name,Duration,AvgCpuPercent,MaxCpuUsage,DataPoints
discern-file-so,1681.0,38.12892877492884,93.09030534512796,335
discern-proc-so,1693.0,2.10584553819935,9.551575696618663,335
kswapd0,1697.0,0.7072876070361296,0.718724656716582,335
discern-logs-so,1687.0,0.24160022473623965,0.26403875931857357,331
jbd2/vda2-8,1207.0,0.19967568707574626,0.24509821894120518,235
systemd,532.0,0.212290195030158,4.77811504049701,104
