Name,Duration,AvgCpuPercent,MaxCpuUsage,DataPoints
discern-file-so,84.0,45.12709421976937,81.75504961030886,18
discern-proc-so,88.0,2.4308103361045856,3.3139286857737873,18
python3,28.0,3.3369651087741126,8.1910871690397,6
kswapd0,88.0,0.6994610908189625,0.7158461808112373,18
jbd2/vda2-8,88.0,0.6273357587801653,0.6643110312696587,18
systemd,56.0,0.5463053137186203,1.3258955630648535,12
