Name,TimeWeightedAvgVmSizeMiB,MaxVmPeakMiB,MaxVmHwmMiB,DataPoints,PeakDuration
dbus-daemon,16.84765625,16.84765625,11.50390625,1,6.0
discern-file-so,1543.8397943037974,1591.1796875,312.15625,18,79.0
discern-logs-so,1205.4296875,1205.4296875,18.5703125,18,83.0
discern-network,1898.2109375,1898.2109375,94.44921875,18,83.0
discern-proc-so,1205.92578125,1205.92578125,16.27734375,12,55.0
python3,719.3135190217391,1160.90234375,53.6328125,6,23.0
systemd-journal,57.26953125,57.26953125,18.5390625,17,82.0
