IP_A,IP_B,TotalPackets,TotalBytes,TotalActiveSeconds,AvgRateMbps,PeakRateMbps
10.10.10.1,10.10.10.1,1659,555800,11,0.4042181818181818,1.732664
10.10.10.2,10.10.10.2,1353,150615,11,0.10953818181818181,0.160072
172.30.0.12,172.30.0.12,230,51878,14,0.02964457142857143,0.07752
192.168.254.2,192.168.254.2,160,41568,9,0.036949333333333334,0.0816
142.250.101.109,142.250.101.109,42,11224,3,0.029930666666666668,0.044528
172.30.0.1,172.30.0.1,49,5618,8,0.005618,0.013184
34.117.59.81,34.117.59.81,8,2040,2,0.00816,0.008664
172.67.74.152,172.67.74.152,9,1468,2,0.005872,0.0112
fe80::9410:6eff:fe0e:aae1,fe80::9410:6eff:fe0e:aae1,2,142,1,0.001136,0.001136
