Name,Duration,AvgCpuPercent,MaxCpuUsage,DataPoints
discern-file-so,115.0,68.72507979343972,86.27145348783404,25
discern-proc-so,114.0,1.9422111450070814,3.8546869481187476,25
jbd2/vda2-8,122.0,1.2560679320144854,1.5108718901792408,25
systemd,138.0,0.8772277986152807,2.891282693627207,28
kswapd0,94.0,0.4360702168405087,0.46891296218760264,19
discern-network,12.0,0.44643228405743646,0.456374600432544,3
