Name,Duration,AvgCpuPercent,MaxCpuUsage,DataPoints
discern-file-so,63.0,31.445148774589477,31.623508158448132,15
discern-proc-so,67.0,2.4375831453857577,2.826076486793763,15
kswapd0,71.0,0.7265187224055831,0.730630732946629,15
discern-network,71.0,0.40554722194497567,0.40700465170595945,15
systemd,71.0,0.2478871983571316,0.415795957447712,15
