Name,Duration,AvgCpuPercent,MaxCpuUsage,DataPoints
discern-file-so,71.0,48.00297966996986,79.97152923929154,16
discern-proc-so,71.0,2.7693380070953895,3.469509421238591,16
kswapd0,71.0,0.7632582715179328,0.7725514265223141,16
systemd,103.0,0.44489959976716525,1.4432962399031308,22
jbd2/vda2-8,43.0,0.24556059776091377,0.25063298328919986,10
