Name,TimeWeightedAvgVmSizeMiB,MaxVmPeakMiB,MaxVmHwmMiB,DataPoints,PeakDuration
discern-file-so,1469.0036861795775,1591.4296875,297.95703125,32,142.0
discern-logs-so,1205.4296875,1205.4296875,18.0234375,32,158.0
discern-network,1833.33203125,1863.1875,36.0546875,32,142.0
discern-proc-so,1205.92578125,1205.92578125,16.71875,32,154.0
systemd-journal,56.74950520833333,65.28515625,18.92578125,32,150.0
