Name,TimeWeightedAvgVmSizeMiB,MaxVmPeakMiB,MaxVmHwmMiB,DataPoints,PeakDuration
discern-file-so,1519.3209891732283,1527.36328125,287.21484375,30,127.0
discern-logs-so,1205.4296875,1205.4296875,14.46875,28,146.0
discern-network,1841.843811515748,1841.8984375,79.75390625,30,127.0
discern-proc-so,1205.92578125,1205.92578125,16.046875,30,135.0
systemd-journal,44.22038898601399,49.2578125,11.46484375,30,143.0
systemd-resolve,23.53515625,23.59765625,11.6328125,2,9.0
