Name,Duration,AvgCpuPercent,MaxCpuUsage,DataPoints
discern-file-so,147.0,60.26860017892982,83.42330537528345,32
discern-proc-so,155.0,2.3838272258023503,4.647955236788767,32
jbd2/vda2-8,159.0,1.5636020325199858,2.002881074090013,32
systemd,159.0,1.313633752656649,1.7044972412299886,32
discern-network,163.0,0.970079057538978,1.1378091733566107,32
