Name,Duration,AvgCpuPercent,MaxCpuUsage,DataPoints
discern-file-so,135.0,38.924229598900745,71.19579957379983,30
discern-proc-so,138.0,2.231586587933972,2.4634750466872006,29
jbd2/vda2-8,149.0,1.4936551089996877,1.925315120334679,30
discern-network,153.0,1.0513530610123512,1.1252276200070417,30
systemd,157.0,0.8024342013955209,1.0172426589709376,30
kswapd0,6.0,0.40024004820400855,0.40024004820400855,1
