IP_A,IP_B,TotalPackets,TotalBytes,TotalActiveSeconds,AvgRateMbps,PeakRateMbps
10.10.10.3,10.10.10.3,1131,2153525,24,0.7178416666666667,8.293536
10.10.10.1,10.10.10.1,1387,440243,25,0.14087776,1.4604
172.30.0.14,172.30.0.14,192,42765,12,0.02851,0.078384
192.168.254.2,192.168.254.2,155,39646,8,0.039646,0.0816
172.30.0.1,172.30.0.1,36,4266,8,0.004266,0.009392
34.117.59.81,34.117.59.81,8,2032,2,0.008128,0.015664
104.26.13.205,104.26.13.205,10,1534,2,0.006136,0.006704
