Name,TimeWeightedAvgVmSizeMiB,MaxVmPeakMiB,MaxVmHwmMiB,DataPoints,PeakDuration
dbus-daemon,16.71875,16.71875,11.0703125,4,15.0
discern-file-so,1548.3502917921687,1591.1796875,289.78125,18,83.0
discern-logs-so,1205.4296875,1205.4296875,16.96875,16,77.0
discern-network,1898.2109375,1898.2109375,97.453125,18,79.0
discern-proc-so,1205.9107210090363,1205.92578125,16.01953125,18,83.0
python3,685.5928819444445,984.56640625,56.22265625,6,27.0
systemd-journal,57.33984375,57.33984375,15.28515625,10,51.0
