Name,Duration,AvgCpuPercent,MaxCpuUsage,DataPoints
discern-file-so,89.0,47.834831905549386,77.38170142217655,18
discern-proc-so,84.0,2.356510162916836,2.6661588744301694,17
python3,32.0,3.1146051299271,6.332989481341935,6
kswapd0,89.0,0.6880478007846694,0.7062387280986107,18
jbd2/vda2-8,89.0,0.6244860044496303,0.6596190540167086,18
systemd,62.0,0.5993062695195573,1.5941291462812883,13
