Name,Duration,AvgCpuPercent,MaxCpuUsage,DataPoints
discern-file-so,86.0,81.41173539087411,91.27653976736426,18
discern-proc-so,86.0,2.400949465645849,5.753573928098605,18
python3,32.0,2.8409580035754227,6.146751315370024,6
jbd2/vda2-8,86.0,0.6583037346147922,0.6948960949320738,18
kswapd0,86.0,0.5762894886544644,0.5921256379652208,18
systemd,54.0,0.5766028442564034,1.7695819988605803,11
sshd,0.0,,1.6369592971306672,1
