Name,Duration,AvgCpuPercent,MaxCpuUsage,DataPoints
discern-file-so,136.0,37.31694819145584,68.1703069803992,31
discern-proc-so,143.0,2.617205446982208,2.782368696218693,30
discern-network,156.0,0.9936021886106311,0.9994471220714468,31
kswapd0,156.0,0.8093681449079708,0.812793532204453,31
jbd2/vda2-8,115.0,0.23875760078327235,0.24142520249145746,22
flooder,36.0,0.5343506903198532,0.72880966972659,7
systemd,14.0,0.4016411564594106,0.6044528134742284,3
