Name,Duration,AvgCpuPercent,MaxCpuUsage,DataPoints
discern-file-so,73.0,54.243623226397645,91.34770714145047,17
discern-proc-so,73.0,2.8216219049456432,4.494415644740856,17
python3,32.0,3.1469732107272854,6.2137428864907465,6
kswapd0,77.0,0.8289139090005152,0.8339349770417745,17
discern-network,76.0,0.3201201407790849,0.32258881016371244,16
systemd,54.0,0.4272379785013373,1.493352191145867,12
