Name,Duration,AvgCpuPercent,MaxCpuUsage,DataPoints
discern-file-so,57.0,71.30139075109936,85.4964415225863,13
discern-proc-so,61.0,1.9156389622430254,2.7108458749025117,13
jbd2/vda2-8,61.0,1.4842316082661646,1.6350838998430226,13
systemd,72.0,0.9284790270709963,2.0334962683967475,15
kswapd0,43.0,0.48527200826259637,0.4948328434041386,9
discern-network,7.0,0.46800739572367744,0.47050096782359146,2
