Name,TimeWeightedAvgVmSizeMiB,MaxVmPeakMiB,MaxVmHwmMiB,DataPoints,PeakDuration
discern-file-so,1462.5180288461538,1527.11328125,284.65234375,13,52.0
discern-logs-so,1205.4296875,1205.4296875,18.578125,13,56.0
discern-network,1905.96484375,1905.96484375,91.67578125,13,52.0
discern-proc-so,1205.92578125,1205.92578125,16.08203125,13,60.0
systemd-journal,57.23768028846154,63.39453125,21.82421875,13,52.0
