Name,TimeWeightedAvgVmSizeMiB,MaxVmPeakMiB,MaxVmHwmMiB,DataPoints,PeakDuration
discern-file-so,1466.694730718085,1527.11328125,285.265625,13,47.0
discern-logs-so,1205.4296875,1205.4296875,15.25390625,13,63.0
discern-network,1833.83203125,1833.83203125,84.2578125,13,47.0
discern-proc-so,1205.92578125,1205.92578125,15.95703125,13,55.0
systemd-journal,51.536892361111114,55.390625,16.73046875,12,54.0
systemd-resolve,23.53515625,23.59765625,11.65234375,1,5.0
