Name,Duration,AvgCpuPercent,MaxCpuUsage,DataPoints
discern-file-so,68.0,83.58710761554975,93.42606337030482,14
discern-proc-so,67.0,1.9598284619063793,2.5400459259099746,13
jbd2/vda2-8,72.0,1.3420307756482803,1.4897001813688862,14
systemd,83.0,0.9264589309233763,2.9449090012762342,16
kswapd0,57.0,0.4935798909875885,0.514417158558341,10
discern-network,9.0,0.4392563998661875,0.4415330281165198,2
sshd,0.0,,3.073152725131086,1
