Name,Duration,AvgCpuPercent,MaxCpuUsage,DataPoints
discern-file-so,48.0,47.21635470869415,72.47390137936308,10
discern-proc-so,43.0,2.3638562036057946,3.4328424063169325,9
kswapd0,44.0,0.7560732295441206,0.7637514387831907,10
systemd,55.0,0.40149235256084925,1.2977322730244096,13
jbd2/vda2-8,36.0,0.23662094005484555,0.23964899367688072,8
