Name,Duration,AvgCpuPercent,MaxCpuUsage,DataPoints
discern-file-so,189.0,30.16632687343992,30.570018181224963,40
discern-proc-so,198.0,2.3489935350316506,8.854808475790795,40
kswapd0,198.0,0.6253637041009418,0.6357318391053811,40
systemd,219.0,0.3218636110015537,1.1919731931570157,44
jbd2/vda2-8,189.0,0.25497511483395113,0.27281932412095367,36
