Name,Duration,AvgCpuPercent,MaxCpuUsage,DataPoints
discern-file-so,75.0,51.07587295073019,87.03684691500462,16
discern-proc-so,70.0,2.206316258041854,2.286826158979093,15
kswapd0,75.0,0.8914568001735178,0.8975381012810355,16
discern-network,79.0,0.4166825916534182,0.41955662116220727,16
jbd2/vda2-8,74.0,0.2812840744085617,0.28407812326692006,15
systemd,10.0,0.28314927657898276,0.33688803012311946,2
