Name,Duration,AvgCpuPercent,MaxCpuUsage,DataPoints
discern-file-so,47.0,55.69104828583768,92.23270115555155,9
discern-proc-so,47.0,2.777448641860793,6.211500942460169,9
kswapd0,43.0,0.7720410029496942,0.7777728619065218,9
systemd,58.0,0.30106211245485426,0.6303074175991944,12
jbd2/vda2-8,26.0,0.19000882041791398,0.19196990346903703,6
