IP_A,IP_B,TotalPackets,TotalBytes,TotalActiveSeconds,AvgRateMbps,PeakRateMbps
5.6.7.8,5.6.7.8,654,1499408,106,0.1131628679245283,0.180704
172.30.0.12,172.30.0.12,8095,1172980,131,0.07163236641221374,1.022528
192.168.254.2,192.168.254.2,4666,364916,131,0.022284946564885496,0.12904
1.1.2.3,1.1.2.3,760,63230,113,0.004476460176991151,0.00768
172.30.0.1,172.30.0.1,147,15348,57,0.0021541052631578947,0.007088
