Name,Duration,AvgCpuPercent,MaxCpuUsage,DataPoints
discern-file-so,84.0,45.45710704052079,71.87836677676647,17
discern-proc-so,84.0,2.6866743377585953,5.288751320334123,17
python3,33.0,3.731417290887464,8.597335987881182,6
jbd2/vda2-8,84.0,0.7467144296678656,0.7956353003759085,17
kswapd0,84.0,0.6622700069789212,0.6867006141338149,17
systemd,51.0,0.5764993403562613,1.0278990499644058,11
