Name,Duration,AvgCpuPercent,MaxCpuUsage,DataPoints
discern-file-so,68.0,49.64448622247551,71.91016043287274,14
ettercap,22.0,46.27680603934505,57.49262241270686,4
discern-proc-so,68.0,2.5362684016647496,3.9330545245169657,14
jbd2/vda2-8,68.0,1.494784096718287,1.5727815180235964,14
kswapd0,68.0,0.811356099017666,0.8294890978133368,14
systemd,46.0,0.7724653620372546,1.3155643261013352,10
