Name,TimeWeightedAvgVmSizeMiB,MaxVmPeakMiB,MaxVmHwmMiB,DataPoints,PeakDuration
discern-file-so,1539.2261603860295,1591.4296875,280.921875,14,68.0
discern-logs-so,1205.4296875,1205.4296875,21.375,14,68.0
discern-network,1825.07421875,1863.1875,38.58203125,14,68.0
discern-proc-so,1205.92578125,1205.92578125,16.16796875,10,47.0
ettercap,264.40234375,264.40234375,24.59765625,4,21.0
systemd-journal,75.4453125,75.4453125,31.140625,14,68.0
