IP_A,IP_B,TotalPackets,TotalBytes,TotalActiveSeconds,AvgRateMbps,PeakRateMbps
10.10.10.3,10.10.10.3,941,948845,41,0.18514048780487805,5.670272
10.10.10.1,10.10.10.1,1254,387576,41,0.07562458536585366,0.804192
172.30.0.14,172.30.0.14,175,48234,16,0.024117,0.171936
192.168.254.2,192.168.254.2,122,29538,11,0.021482181818181817,0.079744
172.30.0.1,172.30.0.1,38,4490,13,0.0027630769230769232,0.00672
34.117.59.81,34.117.59.81,9,2108,2,0.008432,0.008664
104.26.12.205,104.26.12.205,10,1542,3,0.004112,0.006208
fe80::bc91:3fff:fee8:c961,fe80::bc91:3fff:fee8:c961,2,142,1,0.001136,0.001136
