Name,Duration,AvgCpuPercent,MaxCpuUsage,DataPoints
discern-file-so,61.0,30.305282015819547,34.01387506171621,16
python3,28.0,6.238429333593324,12.3934787827459,6
discern-proc-so,65.0,2.5901050752401167,5.424253050148685,16
jbd2/vda2-8,70.0,1.236868460632934,1.3790807979765074,16
systemd,76.0,0.7634007917589584,0.8606956388139709,17
kswapd0,39.0,0.48459038062967635,0.5070903748478602,9
