Name,TimeWeightedAvgVmSizeMiB,MaxVmPeakMiB,MaxVmHwmMiB,DataPoints,PeakDuration
discern-file-so,1527.11328125,1527.11328125,258.625,16,76.0
discern-logs-so,1205.4296875,1205.4296875,14.953125,9,44.0
discern-network,1897.8984375,1897.8984375,85.40625,15,79.0
discern-proc-so,1205.92578125,1205.92578125,18.78125,15,79.0
python3,682.2477318548387,960.55859375,65.28125,6,31.0
systemd-journal,56.12771954113924,57.2421875,18.0859375,15,79.0
