Name,Duration,AvgCpuPercent,MaxCpuUsage,DataPoints
discern-file-so,1129.0,41.322458182045565,83.0735512073657,224
discern-proc-so,1140.0,2.3148618566948294,2.5355861224033496,223
jbd2/vda2-8,1145.0,1.034554060920775,2.4661476504076956,224
kswapd0,1066.0,0.602177732410511,0.6773016767021695,208
systemd,1107.0,0.3896098878678249,1.8741319313726998,215
python3,129.0,1.9715228783280268,13.626226613776405,25
discern-network,5.0,0.37964057371332327,0.37964057371332327,1
