Name,Duration,AvgCpuPercent,MaxCpuUsage,DataPoints
discern-file-so,73.0,43.244731404718834,69.634180489377,16
discern-proc-so,73.0,2.6274995541372976,3.495196329739073,16
kswapd0,73.0,0.7531961875824895,0.7590451955235643,16
systemd,103.0,0.528953603231777,1.9938765432731553,22
systemd-journal,37.0,0.24305595660837812,0.24392087372470328,8
named,5.0,0.48573889936029835,0.48573889936029835,1
sshd,1.0,0.5180654193470123,0.5180654193470123,1
