Name,Duration,AvgCpuPercent,MaxCpuUsage,DataPoints
discern-file-so,69.0,84.97138715838291,96.07679692648848,15
discern-proc-so,63.0,2.1713294597984474,2.6466354152627316,14
systemd,95.0,0.6239048688365072,3.937271753895632,20
kswapd0,69.0,0.5830527807689633,0.5879060446914424,15
jbd2/vda2-8,49.0,0.24112734589365892,0.24417569131413444,11
