Name,Duration,AvgCpuPercent,MaxCpuUsage,DataPoints
server.py,700.0,59.36035896169002,64.86802890588557,135
discern-file-so,1047.0,39.21415458064821,83.10612565613856,203
discern-proc-so,1051.0,2.190447750583021,2.6608359661706533,203
kswapd0,1050.0,0.6673498689362888,0.6975800587089245,202
discern-network,1028.0,0.5199310663907226,0.5504168864793438,197
jbd2/vda2-8,368.0,0.39289008095683736,0.5618508101325603,72
python3,10.0,1.28041525415416,1.2804987943685553,2
systemd,5.0,0.9341522815338543,0.9341522815338543,1
