Name,TimeWeightedAvgVmSizeMiB,MaxVmPeakMiB,MaxVmHwmMiB,DataPoints,PeakDuration
discern-file-so,1527.11328125,1527.11328125,299.8359375,14,63.0
discern-logs-so,1205.4296875,1205.4296875,14.53515625,7,30.0
discern-network,1897.8984375,1897.8984375,96.76171875,14,63.0
discern-proc-so,1205.92578125,1205.92578125,16.3203125,7,30.0
python3,101.11793550531915,232.60546875,16.96484375,9,47.0
server.py,171.75390625,235.75390625,20.05859375,7,33.0
systemd-journal,57.28515625,57.28515625,21.515625,12,57.0
