Name,Duration,AvgCpuPercent,MaxCpuUsage,DataPoints
server.py,33.0,87.0157259621705,92.01734434533878,7
discern-file-so,63.0,26.59819086528158,28.33496801908847,14
discern-proc-so,57.0,2.1794766406637045,2.5924034461564327,13
jbd2/vda2-8,67.0,1.1248122828790599,1.2053426797643854,14
discern-network,45.0,0.7692492204278212,0.7978153399649215,10
python3,22.0,1.263780314827408,1.8236001123267744,4
kswapd0,22.0,0.6161603208012107,0.6392622411025237,5
systemd,14.0,0.6596527759090357,0.6655028158637506,3
