IP_A,IP_B,TotalPackets,TotalBytes,TotalActiveSeconds,AvgRateMbps,PeakRateMbps
172.30.0.14,172.30.0.14,358,101094,13,0.06221169230769231,0.191168
192.168.254.2,192.168.254.2,396,100386,13,0.061776,0.194736
10.1.2.2,10.1.2.2,18,2512,6,0.0033493333333333335,0.004928
10.1.1.2,10.1.1.2,19,1904,6,0.0025386666666666665,0.003552
172.30.0.1,172.30.0.1,7,807,2,0.003228,0.003632
::1,::1,6,378,4,0.000756,0.001008
127.0.0.1,127.0.0.1,6,258,4,0.000516,0.000688
