Name,Duration,AvgCpuPercent,MaxCpuUsage,DataPoints
discern-file-so,70.0,41.854201663900085,67.52755912876339,15
discern-proc-so,70.0,3.174116942496021,7.629312061587226,15
kswapd0,70.0,0.7720984369877406,0.7787524225323541,15
systemd,91.0,0.3959840765439113,1.1193519568261294,19
jbd2/vda2-8,44.0,0.21139497710008798,0.21389577419059141,10
sshd,5.0,1.7533018783670928,1.753301878367093,1
