Name,Duration,AvgCpuPercent,MaxCpuUsage,DataPoints
discern-file-so,71.0,29.973618314286746,30.55554594934934,16
discern-proc-so,75.0,2.596663125996644,3.1440007513470114,16
python3,32.0,4.439742740500792,10.234935301815874,6
kswapd0,75.0,0.6461163215435264,0.65898942207793,16
jbd2/vda2-8,70.0,0.47842744820128424,0.49761632294373237,15
systemd,48.0,0.4049750674743718,0.5203950881210008,11
