IP_A,IP_B,TotalPackets,TotalBytes,TotalActiveSeconds,AvgRateMbps,PeakRateMbps
10.10.10.3,10.10.10.3,1098,1804114,22,0.6560414545454546,13.492976
10.10.10.1,10.10.10.1,1423,415856,23,0.1446455652173913,1.451648
172.30.0.14,172.30.0.14,154,32936,7,0.03764114285714286,0.078384
192.168.254.2,192.168.254.2,103,27620,6,0.03682666666666667,0.077952
172.30.0.1,172.30.0.1,34,4123,4,0.008246,0.017248
34.117.59.81,34.117.59.81,9,2108,1,0.016864,0.016864
104.26.12.205,104.26.12.205,10,1542,1,0.012336,0.012336
