Name,Duration,AvgCpuPercent,MaxCpuUsage,DataPoints
discern-file-so,76.0,30.788882395001565,31.461187810914723,16
discern-proc-so,76.0,2.7932742687700616,4.583769141391638,16
python3,33.0,5.529357132303453,12.653227070763391,6
kswapd0,76.0,0.630205669193629,0.6426324303638915,16
jbd2/vda2-8,70.0,0.553437180552581,0.5788335989774087,15
systemd,49.0,0.5643793550351835,1.290564446299435,11
