Name,Duration,AvgCpuPercent,MaxCpuUsage,DataPoints
discern-file-so,64.0,80.35019040931164,87.65406461297796,14
discern-proc-so,59.0,2.127008529656523,2.513792804482689,13
jbd2/vda2-8,64.0,0.654843311312971,0.6814725362598149,14
systemd,69.0,0.5574779225367361,1.9895602343006804,15
kswapd0,64.0,0.5067629986420182,0.5199385817892084,14
