Name,TimeWeightedAvgVmSizeMiB,MaxVmPeakMiB,MaxVmHwmMiB,DataPoints,PeakDuration
discern-file-so,1499.5364583333333,1590.7421875,272.98828125,15,69.0
discern-logs-so,1205.4296875,1205.4296875,15.25390625,15,69.0
discern-network,1898.1484375,1898.1484375,88.69140625,15,69.0
discern-proc-so,1205.92578125,1205.92578125,15.9765625,15,69.0
systemd-journal,55.390625,55.390625,16.73046875,15,69.0
