Name,Duration,AvgCpuPercent,MaxCpuUsage,DataPoints
discern-file-so,68.0,79.22889627493325,88.46805661437418,14
discern-proc-so,62.0,1.8684743347568316,2.2852905227069487,13
jbd2/vda2-8,68.0,0.9079108126360045,0.9645422129360134,14
systemd,80.0,0.6266249380204727,1.0534285170257607,16
kswapd0,62.0,0.5403912052816192,0.5547065368457219,12
sshd,0.0,,0.8395448105573432,1
