Name,TimeWeightedAvgVmSizeMiB,MaxVmPeakMiB,MaxVmHwmMiB,DataPoints,PeakDuration
discern-file-so,1484.8101438492063,1526.73828125,270.35546875,14,63.0
discern-logs-so,1205.4296875,1205.4296875,19.50390625,14,63.0
discern-network,1906.21484375,1906.21484375,99.56640625,14,63.0
discern-proc-so,1205.92578125,1205.92578125,15.99609375,14,67.0
systemd-journal,63.39453125,63.39453125,21.82421875,14,67.0
