Name,Duration,AvgCpuPercent,MaxCpuUsage,DataPoints
discern-file-so,69.0,74.33929000585495,85.42639265783684,15
discern-proc-so,64.0,1.9296635804839748,2.569212177519287,14
jbd2/vda2-8,69.0,0.833945065671926,0.886962371696961,15
systemd,80.0,0.7057615792658046,1.64280785199168,17
kswapd0,63.0,0.5396036039407476,0.5585894775671978,14
