Name,Duration,AvgCpuPercent,MaxCpuUsage,DataPoints
discern-file-so,107.0,62.27782999535719,81.73128773058,22
server.py,75.0,41.528110024386315,44.972865471084035,14
discern-proc-so,107.0,2.242224835932819,3.943829687021162,22
jbd2/vda2-8,107.0,1.3650913177500805,1.5687619554913423,22
discern-network,96.0,0.9526229571170673,1.1571023440992176,20
systemd,32.0,0.7498556386947474,0.8290538774308475,8
python3,11.0,1.6266581522107586,2.0288791594983064,2
