Name,TimeWeightedAvgVmSizeMiB,MaxVmPeakMiB,MaxVmHwmMiB,DataPoints,PeakDuration
discern-file-so,1439.8230698529412,1527.11328125,287.71484375,22,102.0
discern-logs-so,1205.4296875,1205.4296875,15.24609375,8,32.0
discern-network,1898.194393382353,1898.2109375,87.42578125,22,102.0
discern-proc-so,1205.92578125,1205.92578125,15.8359375,8,32.0
python3,132.36490091463415,232.35546875,18.76953125,24,123.0
server.py,174.2890625,238.2890625,22.85546875,14,70.0
systemd-journal,56.33999115566038,57.24609375,19.6015625,12,53.0
