Name,Duration,AvgCpuPercent,MaxCpuUsage,DataPoints
discern-file-so,72.0,55.24193749653288,80.82354009864409,15
server.py,43.0,48.67075320406751,68.84609962568311,8
discern-proc-so,72.0,2.371088562545564,2.605714039633469,15
kswapd0,72.0,0.8488925938441534,0.8540222306911487,15
python3,37.0,1.3492479361065275,2.077958038740059,7
discern-network,35.0,0.4984239129820665,0.5011824081727521,8
jbd2/vda2-8,29.0,0.4034696562286872,0.40662714199225286,7
