IP_A,IP_B,TotalPackets,TotalBytes,TotalActiveSeconds,AvgRateMbps,PeakRateMbps
10.10.10.1,10.10.10.1,1761,463381,20,0.1853524,1.277792
10.10.10.4,10.10.10.4,1474,164570,20,0.065828,0.11248
172.30.0.15,172.30.0.15,189,42086,11,0.030608,0.077328
192.168.254.2,192.168.254.2,152,40556,8,0.040556,0.08112
172.30.0.1,172.30.0.1,40,4556,8,0.004556,0.015096
34.117.59.81,34.117.59.81,7,1972,1,0.015776,0.015776
172.67.74.152,172.67.74.152,10,1534,1,0.012272,0.012272
