Name,Duration,AvgCpuPercent,MaxCpuUsage,DataPoints
discern-file-so,73.0,73.45821580537472,83.98526445580904,15
discern-proc-so,73.0,2.1097095741901035,2.4556082311283145,15
python3,21.0,4.605943301822952,9.07608630728561,4
jbd2/vda2-8,73.0,0.69876352005456,0.7351374889598481,15
kswapd0,73.0,0.599533087913457,0.6186358745593236,15
systemd,26.0,0.7910845582250853,1.8420395075181133,5
discern-network,26.0,0.5018959982542248,0.5094717417203368,6
