Name,Duration,AvgCpuPercent,MaxCpuUsage,DataPoints
discern-file-so,71.0,79.67399055929329,87.91439136692779,16
discern-proc-so,71.0,3.073851830987482,9.525045133831052,16
python3,17.0,4.098988094978891,7.59567643373422,4
jbd2/vda2-8,75.0,0.609043904933425,0.637615629202022,16
kswapd0,75.0,0.532586930197451,0.5475171172243216,16
systemd,54.0,0.49399160445526613,1.226818350978309,11
sshd,0.0,,1.11495034102607,1
