Name,TimeWeightedAvgVmSizeMiB,MaxVmPeakMiB,MaxVmHwmMiB,DataPoints,PeakDuration
dbus-daemon,16.400462962962962,16.84765625,11.4453125,17,81.0
discern-file-so,1551.072337962963,1591.1796875,292.25,17,81.0
discern-logs-so,1205.4296875,1205.4296875,15.30078125,2,7.0
discern-network,1833.89453125,1833.89453125,70.34375,17,77.0
discern-proc-so,1205.92578125,1205.92578125,16.1328125,17,81.0
python3,720.625,1080.77734375,46.4921875,4,21.0
systemd-journal,49.26171875,49.26171875,11.578125,11,53.0
