Name,TimeWeightedAvgVmSizeMiB,MaxVmPeakMiB,MaxVmHwmMiB,DataPoints,PeakDuration
dbus-daemon,15.54296875,15.671875,10.3671875,2,10.0
discern-file-so,1471.8967141544117,1526.67578125,289.98828125,15,68.0
discern-logs-so,1205.4296875,1205.4296875,19.328125,15,72.0
discern-network,1898.2734375,1898.2734375,95.3828125,15,68.0
discern-proc-so,1205.92578125,1205.92578125,15.25390625,15,72.0
python3,717.6047794117648,1008.5234375,47.15234375,4,17.0
systemd-journal,70.1475800304878,73.26953125,14.30078125,9,41.0
