Name,Duration,AvgCpuPercent,MaxCpuUsage,DataPoints
discern-file-so,76.0,41.08109509518093,64.0464806661576,16
discern-proc-so,71.0,1.8281705322929231,1.8768685510314316,15
jbd2/vda2-8,76.0,0.9738210450603484,1.0814200791715989,16
systemd,91.0,0.8016177094964928,0.9017805163020441,19
kswapd0,66.0,0.504937133140233,0.5604811803997365,14
