Name,TimeWeightedAvgVmSizeMiB,MaxVmPeakMiB,MaxVmHwmMiB,DataPoints,PeakDuration
discern-file-so,1501.3732524671052,1527.05078125,276.67578125,16,76.0
discern-logs-so,1205.4296875,1205.4296875,13.72265625,16,76.0
discern-network,1833.285978618421,1833.33203125,30.59375,16,76.0
discern-proc-so,1205.909333881579,1205.92578125,16.4453125,16,76.0
systemd-journal,45.59133429276316,49.27734375,11.2421875,16,76.0
