Name,Duration,AvgCpuPercent,MaxCpuUsage,DataPoints
discern-file-so,115.0,73.82470852212896,92.94177003987433,24
discern-proc-so,115.0,1.9273168181683056,3.2446958488505873,24
jbd2/vda2-8,115.0,1.1525931980598574,1.3605382571915812,24
systemd,125.0,0.7948705681742625,2.433766787171087,26
discern-network,94.0,0.4398189894581622,0.5409260945966188,18
kswapd0,15.0,0.4085272004026098,0.4347942626414141,4
