Name,Duration,AvgCpuPercent,MaxCpuUsage,DataPoints
discern-file-so,63.0,76.44954867305333,85.96375213543674,13
discern-proc-so,58.0,1.9606912210288665,2.115898692125401,12
python3,11.0,7.667886801581608,10.363489980282528,2
kswapd0,63.0,0.5307990154926614,0.5390021501265219,13
jbd2/vda2-8,58.0,0.43021458612146013,0.4382142735636538,12
systemd,57.0,0.38899047102992745,0.632869588698394,12
discern-network,5.0,0.3216425804624252,0.3216425804624252,1
