Name,Duration,AvgCpuPercent,MaxCpuUsage,DataPoints
discern-file-so,74.0,29.82322558602681,30.648809130644715,16
discern-proc-so,74.0,2.6842081723236726,3.7326830438075493,16
python3,29.0,3.6560171669255,9.036585818015636,6
jbd2/vda2-8,78.0,0.619886634192902,0.6525173066007849,16
kswapd0,78.0,0.6154876138231827,0.6341305702095734,16
systemd,45.0,0.45968867927991375,0.5169291222135234,10
