IP_A,IP_B,TotalPackets,TotalBytes,TotalActiveSeconds,AvgRateMbps,PeakRateMbps
192.168.254.2,192.168.254.2,105,29486,6,0.039314666666666664,0.074304
172.30.0.15,172.30.0.15,108,28397,7,0.03245371428571429,0.070464
172.30.0.1,172.30.0.1,19,2154,5,0.0034464,0.006296
fe80::18db:a0ff:fe0b:9b00,fe80::18db:a0ff:fe0b:9b00,2,142,1,0.001136,0.001136
fe80::5025:9fff:feb0:d12a,fe80::5025:9fff:feb0:d12a,2,142,1,0.001136,0.001136
fe80::7420:f4ff:feff:3563,fe80::7420:f4ff:feff:3563,2,142,1,0.001136,0.001136
fe80::bcbc:38ff:fe75:492,fe80::bcbc:38ff:fe75:492,2,142,1,0.001136,0.001136
fe80::d0ce:8aff:fe4c:39f6,fe80::d0ce:8aff:fe4c:39f6,2,142,1,0.001136,0.001136
fe80::d439:adff:fecf:5810,fe80::d439:adff:fecf:5810,2,142,1,0.001136,0.001136
