Name,Duration,AvgCpuPercent,MaxCpuUsage,DataPoints
discern-file-so,114.0,69.737994496661,87.25874755136566,24
discern-proc-so,109.0,1.85182820248355,3.377536276428377,23
jbd2/vda2-8,113.0,1.2727994970471563,1.5317051224451834,23
systemd,133.0,0.8443349226656273,2.5334189201062025,26
kswapd0,99.0,0.45323541054516775,0.4920821823802248,19
discern-network,6.0,0.43754059346613233,0.4375405934661324,1
