IP_A,IP_B,TotalPackets,TotalBytes,TotalActiveSeconds,AvgRateMbps,PeakRateMbps
192.168.254.2,192.168.254.2,101,29172,5,0.0466752,0.079168
172.30.0.12,172.30.0.12,112,28811,6,0.038414666666666666,0.078064
172.30.0.1,172.30.0.1,17,1892,3,0.005045333333333333,0.006168
fe80::6c38:3eff:feb8:5046,fe80::6c38:3eff:feb8:5046,2,142,1,0.001136,0.001136
fe80::80e9:6ff:fe0c:fb17,fe80::80e9:6ff:fe0c:fb17,2,142,1,0.001136,0.001136
fe80::8895:9bff:fe24:4e45,fe80::8895:9bff:fe24:4e45,2,142,1,0.001136,0.001136
fe80::e8be:d6ff:fe8d:edab,fe80::e8be:d6ff:fe8d:edab,2,142,1,0.001136,0.001136
