Name,TimeWeightedAvgVmSizeMiB,MaxVmPeakMiB,MaxVmHwmMiB,DataPoints,PeakDuration
discern-file-so,1453.218410326087,1591.0546875,272.171875,15,69.0
discern-logs-so,1205.4296875,1205.4296875,16.640625,15,69.0
discern-network,1906.21484375,1906.21484375,95.20703125,15,69.0
discern-proc-so,1205.92578125,1205.92578125,16.48828125,15,69.0
systemd-journal,57.25,57.25,16.71484375,15,69.0
