Name,Duration,AvgCpuPercent,MaxCpuUsage,DataPoints
discern-file-so,70.0,75.86290084429241,86.0423753780343,15
discern-proc-so,70.0,1.9385902769983472,3.8250291772986578,15
jbd2/vda2-8,70.0,0.5727326167405442,0.6034187227716843,15
systemd,76.0,0.4772399238330019,0.7004463527840713,16
kswapd0,64.0,0.5031295412339197,0.5153406940155512,14
