Name,Duration,AvgCpuPercent,MaxCpuUsage,DataPoints
discern-file-so,64.0,79.08380109746038,86.87855432012701,15
discern-proc-so,63.0,1.8171681620794267,2.1649094797695416,14
jbd2/vda2-8,68.0,0.8325145363688166,0.8851627763855597,15
systemd,73.0,0.5606927533085604,0.5917615617606264,16
kswapd0,63.0,0.5496248113635392,0.5671266533745278,14
discern-network,5.0,0.29549175525521065,0.29549175525521065,1
