Name,TimeWeightedAvgVmSizeMiB,MaxVmPeakMiB,MaxVmHwmMiB,DataPoints,PeakDuration
discern-file-so,1554.0551339285714,1591.4296875,286.96875,15,70.0
discern-logs-so,1205.4296875,1205.4296875,16.18359375,15,70.0
discern-network,1833.83203125,1833.83203125,71.5078125,15,70.0
discern-proc-so,1205.92578125,1205.92578125,15.48046875,15,70.0
systemd-journal,57.265625,57.265625,18.75390625,15,70.0
