Name,Duration,AvgCpuPercent,MaxCpuUsage,DataPoints
discern-file-so,68.0,30.846022992048788,31.207383017831763,15
discern-proc-so,63.0,2.7029258774863383,2.8566427665386347,14
python3,28.0,5.373556889350553,13.880663032790961,6
kswapd0,72.0,0.6784507021576578,0.6872582300356112,15
jbd2/vda2-8,67.0,0.36745399988140687,0.37652295095311616,14
discern-network,40.0,0.34881858310198555,0.35263010893009455,9
systemd,10.0,0.6197300258447964,0.9052084117856719,2
