Name,Duration,AvgCpuPercent,MaxCpuUsage,DataPoints
discern-file-so,152.0,29.97220948497748,30.48621670327877,41
discern-proc-so,170.0,2.387521110335711,6.850295538826354,41
kswapd0,174.0,0.6485571854421477,0.6597406214231999,41
systemd,193.0,0.31610776295435444,0.9868756395570942,44
jbd2/vda2-8,192.0,0.2643053786065524,0.2826099493948108,38
