Name,Duration,AvgCpuPercent,MaxCpuUsage,DataPoints
discern-file-so,65.0,59.74379584970818,83.53703642014042,14
ettercap,21.0,47.16416254342946,58.05424627063381,4
discern-proc-so,65.0,2.4319310006911916,3.8630688055183224,14
jbd2/vda2-8,65.0,0.9143483187329745,0.9404319910542324,14
kswapd0,65.0,0.9043729670560934,0.9163338526349304,14
discern-network,33.0,0.39512744516822923,0.39822233410641417,8
systemd,11.0,1.017599252380335,1.1525482765461839,2
