IP_A,IP_B,TotalPackets,TotalBytes,TotalActiveSeconds,AvgRateMbps,PeakRateMbps
172.30.0.12,172.30.0.12,4609,955260,36,0.21228,0.669552
10.10.10.1,10.10.10.1,1266,492831,24,0.164277,1.016176
192.168.254.2,192.168.254.2,3554,268480,33,0.0650860606060606,0.16768
10.10.10.2,10.10.10.2,1059,150736,23,0.052429913043478264,0.147368
172.30.0.1,172.30.0.1,44,5251,8,0.005251,0.011696
34.117.59.81,34.117.59.81,10,2168,2,0.008672,0.009768
172.67.74.152,172.67.74.152,10,1536,2,0.006144,0.0112
fe80::b046:8bff:fe42:de2e,fe80::b046:8bff:fe42:de2e,2,142,1,0.001136,0.001136
