Name,Duration,AvgCpuPercent,MaxCpuUsage,DataPoints
discern-file-so,110.0,67.06640993423312,79.0788458453755,23
python3,65.0,9.633867520072718,12.98395611680282,13
discern-proc-so,110.0,2.1796988875944585,3.578929672497469,23
jbd2/vda2-8,114.0,1.1549213823528315,1.3169600776952397,23
systemd,119.0,0.7545368954090896,2.179364912738218,25
discern-network,36.0,0.46857573841501865,0.5200104047902617,8
