Name,Duration,AvgCpuPercent,MaxCpuUsage,DataPoints
discern-file-so,49.0,31.009839683190183,31.46637219441358,12
discern-proc-so,53.0,2.4910218142318663,3.918906079629355,12
kswapd0,53.0,0.6673200567774427,0.6771268046603384,12
jbd2/vda2-8,53.0,0.40797796512303985,0.41610416303298003,12
systemd,53.0,0.40443512712953544,1.1446633269615865,12
