Name,TimeWeightedAvgVmSizeMiB,MaxVmPeakMiB,MaxVmHwmMiB,DataPoints,PeakDuration
discern-file-so,1457.3878249446902,1526.98828125,271.859375,23,113.0
discern-logs-so,1205.4296875,1205.4296875,18.5625,22,108.0
discern-network,1833.83203125,1833.83203125,68.66015625,23,109.0
discern-proc-so,1205.92578125,1205.92578125,16.6171875,12,55.0
python3,695.4917346014493,1024.49609375,339.69140625,13,69.0
systemd-journal,63.66672751168224,71.359375,17.89453125,22,107.0
