Name,Duration,AvgCpuPercent,MaxCpuUsage,DataPoints
discern-file-so,109.0,74.1961888010034,90.41058023889121,23
python3,66.0,9.543083621250915,13.411169461761109,13
discern-proc-so,108.0,2.356072219694549,2.580107955671754,22
jbd2/vda2-8,113.0,1.252005795228831,1.4489979718392647,23
systemd,107.0,0.7529155656243226,0.8742245523236859,22
discern-network,32.0,0.5103588271694872,0.5587730228925174,8
kswapd0,16.0,0.4349189585324639,0.45577289871191884,3
kworker/u2,6.0,0.8985885547426661,0.8985885547426661,1
