Name,TimeWeightedAvgVmSizeMiB,MaxVmPeakMiB,MaxVmHwmMiB,DataPoints,PeakDuration
discern-ansible,1205.34375,1205.34375,11.01953125,5,20.0
discern-file-so,1496.3897931134259,1527.11328125,266.4140625,23,108.0
discern-logs-so,1205.4296875,1205.4296875,13.8828125,10,54.0
discern-network,1898.088169642857,1898.1484375,88.2734375,23,112.0
discern-proc-so,1205.92578125,1205.92578125,16.71484375,23,112.0
python3,692.4236680327868,1000.57421875,335.6953125,13,61.0
systemd-journal,46.833567415730336,49.26171875,11.27734375,18,89.0
