Name,Duration,AvgCpuPercent,MaxCpuUsage,DataPoints
discern-file-so,109.0,67.66135291467417,82.25210221033377,23
python3,68.0,9.341124236241265,12.910593175743585,13
discern-proc-so,113.0,2.6028281411690295,7.302859970607986,23
jbd2/vda2-8,113.0,1.23296194515389,1.4170822277676132,23
systemd,118.0,0.7469506655549714,1.0047589308221963,24
discern-network,30.0,0.5243512350409598,0.5642586109299779,7
kswapd0,10.0,0.45449064479582263,0.45861696930507007,2
