IP_A,IP_B,TotalPackets,TotalBytes,TotalActiveSeconds,AvgRateMbps,PeakRateMbps
172.30.0.12,172.30.0.12,130,32528,6,0.04337066666666667,0.079584
192.168.254.2,192.168.254.2,115,30456,5,0.0487296,0.078288
172.30.0.1,172.30.0.1,21,2460,5,0.003936,0.00656
