Name,Duration,AvgCpuPercent,MaxCpuUsage,DataPoints
discern-file-so,81.0,47.32271550905394,75.65892939577765,16
discern-proc-so,81.0,2.2203305167919343,4.591689730341542,16
jbd2/vda2-8,81.0,1.3541323204929014,1.4848112889049168,16
systemd,86.0,0.6979194480121342,0.7566584110025805,17
discern-network,71.0,0.5740118234296706,0.5852766533312107,13
kswapd0,5.0,0.5800441724660592,0.58267779532276,2
