Name,Duration,AvgCpuPercent,MaxCpuUsage,DataPoints
discern-file-so,81.0,73.52733760676922,84.05580159612293,17
discern-proc-so,81.0,2.125029275855722,3.6621218777129734,17
python3,22.0,4.3351418372258275,8.714404836998627,4
jbd2/vda2-8,81.0,0.7127921057954386,0.7568621783658448,17
systemd,70.0,0.5913656816356567,1.4651852333105508,15
kswapd0,70.0,0.5055671822533887,0.5198268320015732,15
