Name,Duration,AvgCpuPercent,MaxCpuUsage,DataPoints
discern-file-so,81.0,76.41042113337909,86.12103732514693,16
discern-proc-so,81.0,2.450514987593048,7.021652930944311,16
python3,22.0,4.495492846033403,8.454990367206928,4
jbd2/vda2-8,81.0,0.8395575237341563,0.8946159907268783,16
systemd,71.0,0.670425847433251,1.6173971821379578,14
kswapd0,69.0,0.5707688539926179,0.5872515484871114,14
