Name,TimeWeightedAvgVmSizeMiB,MaxVmPeakMiB,MaxVmHwmMiB,DataPoints,PeakDuration
discern-file-so,1483.1353202160494,1591.1171875,273.01171875,16,81.0
discern-logs-so,1205.4296875,1205.4296875,18.34375,16,81.0
discern-network,1898.2734375,1898.2734375,95.3828125,16,81.0
discern-proc-so,1205.92578125,1205.92578125,15.48828125,16,81.0
python3,722.2208806818181,1104.5703125,46.8984375,4,22.0
systemd-journal,65.26953125,65.26953125,14.30078125,12,59.0
