Name,TimeWeightedAvgVmSizeMiB,MaxVmPeakMiB,MaxVmHwmMiB,DataPoints,PeakDuration
dbus-daemon,15.380108173076923,15.55859375,10.2734375,6,26.0
discern-file-so,1448.835888671875,1526.73828125,278.703125,17,80.0
discern-logs-so,1205.4296875,1205.4296875,15.30078125,8,38.0
discern-network,1833.89453125,1833.89453125,70.34375,17,80.0
discern-proc-so,1205.91015625,1205.92578125,17.55078125,17,80.0
python3,724.3686079545455,1064.51953125,46.53125,4,22.0
systemd-journal,49.26171875,49.26171875,11.37890625,16,74.0
