Name,Duration,AvgCpuPercent,MaxCpuUsage,DataPoints
discern-file-so,66.0,80.4910960865686,88.56943231389607,15
discern-proc-so,60.0,1.822232795749424,2.0119877042816308,14
python3,12.0,4.722121806930482,6.246925461850664,3
kswapd0,66.0,0.5925442146124876,0.6063234539798366,15
jbd2/vda2-8,70.0,0.4764662362280796,0.49485886515961364,15
systemd,60.0,0.4572728171479015,1.109357370569344,13
