IP_A,IP_B,TotalPackets,TotalBytes,TotalActiveSeconds,AvgRateMbps,PeakRateMbps
10.10.10.1,10.10.10.1,1164,346886,24,0.11562866666666667,0.58632
192.168.254.2,192.168.254.2,457,117012,21,0.044576,0.126928
172.30.0.11,172.30.0.11,421,110826,22,0.040300363636363634,0.12016
10.10.10.3,10.10.10.3,986,94355,21,0.0359447619047619,0.10692
10.10.10.4,10.10.10.4,859,82827,19,0.034874526315789474,0.090888
172.30.0.1,172.30.0.1,43,4534,7,0.005181714285714286,0.009872
fe80::2c4b:3dff:feea:b48d,fe80::2c4b:3dff:feea:b48d,2,142,1,0.001136,0.001136
