Name,Duration,AvgCpuPercent,MaxCpuUsage,DataPoints
discern-file-so,62.0,62.60252838761907,77.16761870542047,13
server.py,28.0,36.97308022351933,41.36710846817358,5
discern-proc-so,57.0,1.8323973592756315,2.2896645432538523,12
jbd2/vda2-8,62.0,1.2287094679321637,1.3186753579001895,13
python3,23.0,1.3847579804680192,1.7098886113199803,4
systemd,39.0,0.6325836984035622,0.6675822025488793,9
discern-network,19.0,0.519800028568068,0.5284416412398145,4
kswapd0,15.0,0.5082233108550647,0.5115913178404762,4
kworker/u2,5.0,0.46801333503468906,0.4680133350346891,1
