Name,Duration,AvgCpuPercent,MaxCpuUsage,DataPoints
discern-file-so,57.0,66.54263285675871,81.89223639951926,13
server.py,28.0,35.975688045937,40.48081936176232,5
discern-proc-so,57.0,2.6811599223776366,5.369793063586635,13
jbd2/vda2-8,57.0,1.5598927902790738,1.7194902424567418,13
discern-network,44.0,1.1644849774368,1.2935419222633124,10
systemd,33.0,0.8995562190430219,0.9784909328914567,8
python3,17.0,1.6317309262453092,1.8965446209944141,3
