Name,TimeWeightedAvgVmSizeMiB,MaxVmPeakMiB,MaxVmHwmMiB,DataPoints,PeakDuration
discern-file-so,1419.8719128024193,1526.67578125,260.95703125,13,62.0
discern-logs-so,1205.4296875,1205.4296875,19.1484375,8,34.0
discern-network,1834.1707409274193,1834.20703125,84.09375,13,62.0
discern-proc-so,1205.92578125,1205.92578125,15.953125,8,34.0
python3,94.89404296875,232.35546875,16.9765625,10,56.0
server.py,174.2890625,238.2890625,22.8359375,5,28.0
systemd-journal,57.26953125,65.2734375,17.2265625,8,34.0
