Name,Duration,AvgCpuPercent,MaxCpuUsage,DataPoints
discern-file-so,47.0,33.67263971737802,33.98282770742958,10
server.py,11.0,38.167115759786036,49.648236215594736,3
discern-proc-so,42.0,2.56621816713836,2.69520308313905,9
kswapd0,47.0,0.7847078577638607,0.7895301505211084,10
jbd2/vda2-8,37.0,0.5139554271274459,0.5194971913407042,8
discern-network,27.0,0.3781778830579903,0.3825513358510227,6
python3,10.0,0.8502613417591343,1.0600579951321678,2
systemd,10.0,0.39803791776620834,0.469375950967411,2
