Name,Duration,AvgCpuPercent,MaxCpuUsage,DataPoints
discern-file-so,46.0,30.181880613108365,30.436357376098428,11
discern-proc-so,46.0,2.493401480305455,3.121777432081302,11
python3,6.0,9.61130828701001,10.44171165155135,2
kswapd0,46.0,0.7428516619626586,0.749208126182904,11
discern-network,45.0,0.41352280801746016,0.41670253211776925,10
jbd2/vda2-8,37.0,0.2876502149175444,0.29020141401664395,8
systemd,8.0,0.9249362836038761,1.2526951135117463,2
