Name,Duration,AvgCpuPercent,MaxCpuUsage,DataPoints
discern-file-so,205.0,31.35229913966675,35.21070277079365,43
discern-proc-so,205.0,2.1022392159871317,2.4711622047259234,42
jbd2/vda2-8,218.0,0.8863770482282517,1.1940372051826533,43
systemd,238.0,0.7921481916298919,5.988696144389189,46
kswapd0,211.0,0.4838368250558192,0.5576878004905322,41
