Name,Duration,AvgCpuPercent,MaxCpuUsage,DataPoints
discern-file-so,115.0,71.47261188648446,87.53444230719337,25
discern-proc-so,110.0,1.7998925415618505,2.0006389540865865,24
jbd2/vda2-8,119.0,1.2817404494568954,1.5541377742330258,25
systemd,134.0,0.8197508800767949,2.1278880055091873,28
kswapd0,98.0,0.4365217880029631,0.47085152806964986,20
discern-network,15.0,0.4313319457340382,0.44617135705994204,3
