IP_A,IP_B,TotalPackets,TotalBytes,TotalActiveSeconds,AvgRateMbps,PeakRateMbps
172.30.0.12,172.30.0.12,81,21672,4,0.043344,0.066848
192.168.254.2,192.168.254.2,77,20294,4,0.040588,0.075952
172.30.0.1,172.30.0.1,11,1288,2,0.005152,0.00656
fe80::64e5:e7ff:fed8:fdb4,fe80::64e5:e7ff:fed8:fdb4,2,142,1,0.001136,0.001136
