Name,Duration,AvgCpuPercent,MaxCpuUsage,DataPoints
discern-file-so,75.0,30.578326496019113,31.938873405603214,16
discern-proc-so,75.0,2.5387797642281265,4.00279796378228,16
jbd2/vda2-8,75.0,0.9787169548700742,1.0475329366724784,16
systemd,75.0,0.6095062507109607,0.6428443683573908,16
discern-network,64.0,0.5599971283668898,0.5706688597122385,12
kswapd0,15.0,0.5527339400658821,0.5588812692049036,4
