Name,Duration,AvgCpuPercent,MaxCpuUsage,DataPoints
discern-file-so,1031.0,39.024235903421875,88.10053219366463,207
discern-proc-so,1042.0,2.0403158932466097,2.217986603765521,206
kswapd0,1047.0,0.6981969450605428,0.7179154691082519,207
jbd2/vda2-8,1055.0,0.410444110172607,0.5273318124802048,207
discern-logs-so,603.0,0.21587958375178803,0.22116719741366953,118
systemd,461.0,0.2473333916730398,2.1096747231360995,90
