Name,TimeWeightedAvgVmSizeMiB,MaxVmPeakMiB,MaxVmHwmMiB,DataPoints,PeakDuration
discern-ansible,1205.34375,1205.34375,11.8984375,1,5.0
discern-file-so,1527.36328125,1527.36328125,305.94921875,16,79.0
discern-jupyter,1205.33203125,1205.33203125,10.46875,3,15.0
discern-logs-so,1205.6796875,1205.6796875,14.21484375,15,74.0
discern-network,1898.2109375,1898.2109375,96.65234375,16,79.0
discern-proc-so,1205.92578125,1205.92578125,17.0390625,16,79.0
systemd-journal,55.453125,55.453125,16.17578125,13,64.0
