Name,TimeWeightedAvgVmSizeMiB,MaxVmPeakMiB,MaxVmHwmMiB,DataPoints,PeakDuration
dbus-daemon,26.44291294642857,26.88671875,20.80859375,15,70.0
discern-file-so,1453.4418526785714,1463.046875,251.4921875,15,70.0
discern-logs-so,1205.4296875,1205.4296875,15.25390625,2,8.0
discern-network,1841.96484375,1863.81640625,33.69921875,15,70.0
discern-proc-so,1205.9017427884614,1205.92578125,15.70703125,11,52.0
named,340.51953125,402.0078125,19.9921875,2,10.0
systemd-journal,65.2734375,65.2734375,22.99609375,15,70.0
