IP_A,IP_B,TotalPackets,TotalBytes,TotalActiveSeconds,AvgRateMbps,PeakRateMbps
192.168.254.2,192.168.254.2,118,30734,5,0.0491744,0.0812
172.30.0.14,172.30.0.14,113,28967,6,0.038622666666666666,0.078104
172.30.0.1,172.30.0.1,16,1759,3,0.004690666666666667,0.006992
208.67.72.50,208.67.72.50,2,182,1,0.001456,0.001456
fe80::30cc:c1ff:fe3d:608c,fe80::30cc:c1ff:fe3d:608c,2,142,1,0.001136,0.001136
fe80::480:e1ff:fe8f:2d7e,fe80::480:e1ff:fe8f:2d7e,2,142,1,0.001136,0.001136
fe80::8499:74ff:fe5f:5848,fe80::8499:74ff:fe5f:5848,2,142,1,0.001136,0.001136
fe80::9cff:51ff:fe2f:6cf6,fe80::9cff:51ff:fe2f:6cf6,2,142,1,0.001136,0.001136
fe80::a445:acff:fe5c:c841,fe80::a445:acff:fe5c:c841,2,142,1,0.001136,0.001136
