Name,Duration,AvgCpuPercent,MaxCpuUsage,DataPoints
discern-file-so,59.0,80.86706669445452,90.92165262746738,13
discern-proc-so,54.0,2.219450458788454,2.329922632471638,12
kswapd0,59.0,0.54349273845219,0.5476402909021583,13
systemd,64.0,0.3478187127129852,1.2282771577018776,14
jbd2/vda2-8,59.0,0.2479181876491757,0.25054921468748387,13
