Name,Duration,AvgCpuPercent,MaxCpuUsage,DataPoints
discern-file-so,107.0,58.81151567004604,72.6696104703683,22
server.py,67.0,41.9975997438255,44.89261535940923,13
discern-proc-so,106.0,2.3209513913493347,2.5699529848799165,21
jbd2/vda2-8,111.0,1.550196930898929,1.8336772861818402,22
systemd,72.0,0.8090628853778759,1.0246398663167942,15
discern-network,52.0,0.8405701947010087,1.0368142077960842,11
python3,22.0,1.2062541155693116,1.8693842960905231,4
sshd,5.0,0.6742847765289777,0.6742847765289777,1
kswapd0,5.0,0.4985455511931748,0.4985455511931748,1
