Name,TimeWeightedAvgVmSizeMiB,MaxVmPeakMiB,MaxVmHwmMiB,DataPoints,PeakDuration
discern-ansible,1205.34375,1205.34375,10.890625,4,16.0
discern-file-so,1525.835863095238,1590.8046875,288.2109375,22,105.0
discern-jupyter,1205.33203125,1205.33203125,10.46875,1,5.0
discern-logs-so,1205.4296875,1205.4296875,14.59765625,4,18.0
discern-network,1889.8633972772277,1889.953125,91.97265625,22,101.0
discern-proc-so,1205.92578125,1205.92578125,16.6796875,9,39.0
python3,130.63359375,232.35546875,16.5,26,140.0
server.py,174.2890625,238.2890625,24.65625,13,70.0
systemd-journal,44.56490384615385,49.28515625,13.43359375,9,39.0
