Name,Duration,AvgCpuPercent,MaxCpuUsage,DataPoints
discern-file-so,71.0,30.82733326941245,31.12516115702968,15
discern-proc-so,71.0,2.8178567125393994,5.0162176448350015,15
python3,33.0,5.504886535194159,13.009164912343389,6
kswapd0,71.0,0.6982207162567515,0.7033199730237307,15
discern-network,65.0,0.3446997452619999,0.34847587128248886,14
systemd,44.0,0.3790675846448633,0.7963988079790407,10
