Name,TimeWeightedAvgVmSizeMiB,MaxVmPeakMiB,MaxVmHwmMiB,DataPoints,PeakDuration
dbus-daemon,28.480039267015705,37.125,30.75,507,2292.0
discern-file-so,1529.2296241554054,1591.4296875,306.71484375,116,518.0
discern-interfa,1435.368266334569,1499.265625,24.7421875,461,2158.0
discern-logs-so,1205.4296875,1205.4296875,46.54296875,692,3106.0
discern-network,1844.1815794518889,1873.5,96.66796875,691,3097.0
discern-proc-so,1205.92578125,1205.92578125,16.30078125,223,1002.0
ettercap,310.85010494402985,328.40234375,26.5625,206,1072.0
python3,661.201171875,1016.57421875,48.1171875,60,106.0
systemd-journal,136.29865024797115,164.9609375,33.46875,503,2218.0
