Name,TimeWeightedAvgVmSizeMiB,MaxVmPeakMiB,MaxVmHwmMiB,DataPoints,PeakDuration
discern-file-so,1403.1915594362745,1462.671875,268.4921875,11,51.0
discern-logs-so,1205.4296875,1205.4296875,21.62890625,8,35.0
discern-network,1889.953125,1889.953125,100.05078125,11,51.0
discern-proc-so,1205.92578125,1205.92578125,17.66015625,7,30.0
python3,93.43391047297297,232.35546875,16.9765625,7,37.0
server.py,171.75390625,235.75390625,20.2578125,4,21.0
systemd-journal,103.60546875,103.60546875,17.3203125,7,30.0
