Name,Duration,AvgCpuPercent,MaxCpuUsage,DataPoints
discern-file-so,59.0,68.82087297348134,83.20509644771322,12
server.py,22.0,37.21645179781687,40.77394328241507,4
discern-proc-so,53.0,2.0607708097204367,2.195263282738156,11
jbd2/vda2-8,59.0,0.9579611014600151,1.0011213990043002,12
systemd,48.0,0.6138551230652648,0.8597652201627538,10
python3,16.0,1.0941613497033544,1.2429512792283037,3
kswapd0,26.0,0.5125801033946789,0.53083910939098,6
sshd,6.0,0.628519413310414,0.628519413310414,1
discern-network,6.0,0.5034197585033704,0.5034197585033704,1
