Name,Duration,AvgCpuPercent,MaxCpuUsage,DataPoints
discern-file-so,51.0,71.3054319457378,87.58175734326312,11
server.py,21.0,37.296130054607666,40.68037424228765,4
discern-proc-so,51.0,2.2121735837883434,3.1082057475613483,11
jbd2/vda2-8,51.0,1.1031199095023627,1.1559589903369434,11
discern-network,40.0,1.0199313311050422,1.0319642004100777,9
systemd,30.0,0.601546338718942,0.6161729884203211,7
python3,11.0,1.1570226436318602,1.2899166630120102,2
