Name,TimeWeightedAvgVmSizeMiB,MaxVmPeakMiB,MaxVmHwmMiB,DataPoints,PeakDuration
discern-ansible,1205.34375,1205.34375,10.921875,5,27.0
discern-file-so,1448.1583024364406,1590.7421875,268.9140625,12,59.0
discern-jupyter,1205.33203125,1205.33203125,10.27734375,3,10.0
discern-logs-so,1205.4296875,1205.4296875,14.66796875,5,27.0
discern-network,1897.9609375,1897.9609375,104.45703125,12,59.0
discern-proc-so,1205.92578125,1205.92578125,16.328125,8,37.0
python3,82.4267578125,232.60546875,18.47265625,8,44.0
server.py,171.75390625,235.75390625,20.26953125,4,22.0
systemd-journal,49.33984375,49.33984375,10.7578125,3,10.0
