Name,Duration,AvgCpuPercent,MaxCpuUsage,DataPoints
discern-file-so,90.0,48.027732190971165,80.03617136386997,18
discern-proc-so,90.0,2.5758562129965283,3.378946902176175,18
python3,32.0,3.2019973638815964,6.639652996472057,6
kswapd0,90.0,0.8118434457071315,0.8187656079665703,18
discern-network,84.0,0.32245862365165473,0.3252702148517849,17
systemd,28.0,0.6946521415709669,1.3512974948418712,5
jbd2/vda2-8,36.0,0.2810828213644728,0.2871917123413289,8
