Name,TimeWeightedAvgVmSizeMiB,MaxVmPeakMiB,MaxVmHwmMiB,DataPoints,PeakDuration
dbus-daemon,29.64747242647059,30.10546875,24.40234375,17,85.0
discern-file-so,1545.5534007352942,1591.4296875,270.546875,17,85.0
discern-logs-so,1205.4296875,1205.4296875,18.73046875,8,38.0
discern-network,1898.2109375,1898.2109375,94.44921875,17,85.0
discern-proc-so,1205.92578125,1205.92578125,16.0234375,4,21.0
python3,696.587890625,1120.8828125,53.21484375,6,32.0
systemd-journal,65.26953125,65.26953125,19.95703125,16,79.0
