Name,Duration,AvgCpuPercent,MaxCpuUsage,DataPoints
discern-file-so,83.0,42.55670801249647,67.59655628666755,17
discern-proc-so,83.0,2.586787538049835,2.8898815407212703,17
kswapd0,83.0,0.8710410311825698,0.8789550327962864,17
discern-network,83.0,0.42138618259134186,0.42458423327535877,17
jbd2/vda2-8,77.0,0.33379374086260205,0.34069027665014023,16
systemd,6.0,1.0493537000916895,1.0493537000916895,1
