Name,Duration,AvgCpuPercent,MaxCpuUsage,DataPoints
discern-file-so,75.0,74.5743136260285,84.6112803539144,16
discern-proc-so,75.0,2.7974912859472036,12.324679103203188,16
python3,17.0,4.293796153066944,6.878776341660257,3
jbd2/vda2-8,75.0,0.8688494329240304,0.9221749064156759,16
systemd,72.0,0.7145494754444626,2.0172151684163766,15
kswapd0,65.0,0.5633241094733192,0.5802507583300214,14
