Name,TimeWeightedAvgVmSizeMiB,MaxVmPeakMiB,MaxVmHwmMiB,DataPoints,PeakDuration
discern-file-so,1471.0790625,1591.1796875,292.0234375,16,75.0
discern-logs-so,1205.4296875,1205.4296875,17.17578125,16,75.0
discern-network,1905.96484375,1905.96484375,99.80078125,16,75.0
discern-proc-so,1205.92578125,1205.92578125,16.3828125,16,79.0
python3,684.615234375,1096.81640625,47.0546875,3,12.0
systemd-journal,63.39453125,63.39453125,14.89453125,13,63.0
