Name,TimeWeightedAvgVmSizeMiB,MaxVmPeakMiB,MaxVmHwmMiB,DataPoints,PeakDuration
discern-file-so,1455.0105698529412,1527.36328125,278.97265625,15,68.0
discern-logs-so,1205.4296875,1205.4296875,13.87109375,12,53.0
discern-network,1833.83203125,1863.1875,66.41796875,15,68.0
discern-proc-so,1205.9073988970588,1205.92578125,16.203125,15,68.0
python3,664.57421875,1040.5078125,46.74609375,3,15.0
systemd-journal,49.27734375,49.27734375,13.20703125,15,72.0
