Name,Duration,AvgCpuPercent,MaxCpuUsage,DataPoints
discern-file-so,57.0,32.77598800728167,33.08698273390077,12
discern-proc-so,57.0,2.737621168013414,3.423320966572648,12
kswapd0,57.0,0.7320963477095963,0.7375922227457004,12
jbd2/vda2-8,57.0,0.31680386230509283,0.32121715328681083,12
systemd,57.0,0.3039150273383969,0.47586744513212903,12
