Name,Duration,AvgCpuPercent,MaxCpuUsage,DataPoints
discern-file-so,54.0,30.94436828157803,31.321264077820544,12
discern-proc-so,54.0,2.668479777624054,3.254531354791333,12
kswapd0,54.0,0.6815210288514701,0.6875066269402285,12
jbd2/vda2-8,54.0,0.3571196391858267,0.36363040556091464,12
systemd,54.0,0.3472347224061665,0.7937762172229073,12
