Name,Duration,AvgCpuPercent,MaxCpuUsage,DataPoints
discern-file-so,109.0,70.64276486846387,87.03714494121655,24
discern-proc-so,108.0,1.876104759593205,2.3544302197776483,23
jbd2/vda2-8,113.0,1.2615572538937752,1.523350327360887,24
systemd,123.0,0.8124468916857285,1.9046003136342158,26
kswapd0,99.0,0.4635487376809144,0.5011071254022522,20
discern-network,13.0,0.4410430537899991,0.44921107964731494,3
