Name,Duration,AvgCpuPercent,MaxCpuUsage,DataPoints
discern-file-so,76.0,72.46371480741875,83.23156438450832,15
discern-proc-so,76.0,2.8076425249380965,6.40475449349516,15
python3,16.0,3.659404399518207,5.826345452371996,3
kswapd0,76.0,0.6259721071297695,0.6361604535625467,15
jbd2/vda2-8,76.0,0.3861311404982347,0.3964659824078188,15
systemd,60.0,0.4620871810528657,1.548716642893023,12
