Name,Duration,AvgCpuPercent,MaxCpuUsage,DataPoints
discern-file-so,115.0,66.37450043287748,78.64192147699515,23
python3,69.0,9.619856847842433,13.143661553100605,13
discern-proc-so,115.0,2.379047128963687,2.9048999822107993,23
jbd2/vda2-8,115.0,1.3469289072684363,1.5704802164593927,23
systemd,121.0,0.8177041039185382,1.01369496885128,24
discern-network,29.0,0.515095335126039,0.5646176257312638,7
kswapd0,11.0,0.4286466687654919,0.4381287654336412,2
