Name,Duration,AvgCpuPercent,MaxCpuUsage,DataPoints
discern-file-so,71.0,47.332564742999345,83.40575664070519,15
discern-proc-so,66.0,2.07872273465252,2.3218503359290685,14
systemd,86.0,0.7748757859809832,1.6065010522268623,18
jbd2/vda2-8,71.0,0.6780961113186109,0.7198604432855232,15
kswapd0,56.0,0.620811602766136,0.6449843634403156,12
named,5.0,0.7389367993286734,0.7389367993286734,1
