Name,TimeWeightedAvgVmSizeMiB,MaxVmPeakMiB,MaxVmHwmMiB,DataPoints,PeakDuration
dbus-daemon,16.41623975409836,16.8515625,11.5859375,13,61.0
discern-file-so,1547.3627860915492,1590.7421875,322.4296875,15,71.0
discern-logs-so,1205.4296875,1205.4296875,15.25390625,1,5.0
discern-network,1841.96484375,1863.81640625,33.69921875,15,71.0
discern-proc-so,1205.92578125,1205.92578125,15.59375,15,71.0
named,340.51953125,402.0078125,19.9140625,2,10.0
systemd-journal,49.2734375,49.2734375,13.7421875,14,66.0
