Name,Duration,AvgCpuPercent,MaxCpuUsage,DataPoints
discern-file-so,22148.0,41.84622544886362,89.21005154588566,4147
discern-logs-so,20105.0,4.323323673321879,19.33243113019913,3774
discern-proc-so,22630.0,3.0427909200610888,6.181566498026973,4202
kswapd0,22737.0,1.0224802703941742,1.4004342123865177,4203
kworker/0,18397.0,0.46625346323915967,5.09717825485074,3354
systemd-journal,7193.0,0.25598433165924067,0.42208716132812135,1331
systemd,16.0,0.7146069122993174,1.3717780346264485,3
discern-network,15.0,0.14000889435542938,0.1400364752263423,3
