Name,TimeWeightedAvgVmSizeMiB,MaxVmPeakMiB,MaxVmHwmMiB,DataPoints,PeakDuration
dbus-daemon,61.59660386029412,70.7109375,61.546875,331,1700.0
discern-file-so,1585.893305940448,1591.7421875,306.328125,331,1696.0
discern-logs-so,1205.4296875,1205.4296875,23.04296875,331,1716.0
discern-network,1833.83203125,1863.1875,64.94921875,331,1704.0
discern-proc-so,1205.92578125,1205.92578125,16.328125,331,1724.0
