Name,TimeWeightedAvgVmSizeMiB,MaxVmPeakMiB,MaxVmHwmMiB,DataPoints,PeakDuration
dbus-daemon,61.356201171875,70.58203125,61.25390625,332,1728.0
discern-ansible,1205.34375,1205.34375,11.20703125,2,6.0
discern-file-so,1583.3334802698207,1591.6796875,307.15625,332,1728.0
discern-jupyter,1205.33203125,1205.33203125,10.640625,1,5.0
discern-logs-so,1205.4296875,1205.4296875,33.1640625,332,1728.0
discern-network,1906.21484375,1906.21484375,126.1015625,332,1728.0
discern-proc-so,1205.92578125,1205.92578125,17.29296875,272,1421.0
systemd-journal,127.163125,131.34765625,22.28515625,57,300.0
