Name,Duration,AvgCpuPercent,MaxCpuUsage,DataPoints
discern-file-so,1676.0,31.302603076869627,68.23265367483549,331
discern-proc-so,1678.0,2.7486627197593645,2.793224358475319,330
kswapd0,1692.0,0.7372767088652091,0.739757148515863,331
discern-logs-so,1704.0,0.23932812691481706,0.2501954446717046,331
discern-network,1700.0,0.15607071838599126,0.159975017938393,327
systemd,26.0,0.8015777353592947,2.3508472381157617,5
