Name,Duration,AvgCpuPercent,MaxCpuUsage,DataPoints
discern-file-so,1694.0,39.343015567284795,86.468089002392,332
discern-proc-so,1697.0,2.723290639491742,2.823547803373129,331
kswapd0,1714.0,0.7310582598911154,0.7353455710140621,332
discern-logs-so,1718.0,0.31275266542498836,0.3278311483451686,332
discern-network,1708.0,0.15927908274102337,0.16232863273880982,328
systemd,23.0,0.8200914444999631,2.33663258792926,5
