Name,Duration,AvgCpuPercent,MaxCpuUsage,DataPoints
discern-file-so,61.0,81.51564146182419,89.95324123966309,13
discern-proc-so,61.0,2.9017974367636428,4.847169285613236,13
kswapd0,61.0,0.5380147468047455,0.5432915923447161,13
systemd,61.0,0.3986802280730523,1.6153115263278186,13
jbd2/vda2-8,61.0,0.31209599502083424,0.31725675724367125,13
