Name,TimeWeightedAvgVmSizeMiB,MaxVmPeakMiB,MaxVmHwmMiB,DataPoints,PeakDuration
discern-cpu-sor,1204.484375,1204.484375,10.3046875,1,5.0
discern-file-so,1456.1756198347107,1591.1796875,287.5078125,24,121.0
discern-jupyter,1205.33203125,1205.33203125,10.64453125,5,21.0
discern-logs-so,1205.4296875,1205.4296875,14.46484375,23,116.0
discern-network,1898.0761234504132,1898.2109375,94.24609375,24,121.0
discern-proc-so,1205.92578125,1205.92578125,16.2578125,24,121.0
systemd-journal,53.6250390625,57.38671875,17.2109375,19,100.0
