Name,Duration,AvgCpuPercent,MaxCpuUsage,DataPoints
discern-file-so,121.0,70.74068237890121,86.31065161589676,24
discern-proc-so,115.0,1.819186397166281,2.217795079115782,23
jbd2/vda2-8,121.0,1.2968783107225654,1.5524824364713505,24
systemd,132.0,0.9097158121198187,3.43469535299801,26
kswapd0,79.0,0.46949991046081835,0.5075051284084011,16
discern-network,37.0,0.5466727295359252,0.5932150925004066,7
