Name,Duration,AvgCpuPercent,MaxCpuUsage,DataPoints
discern-file-so,64.0,58.35040537925662,83.27107679643117,14
ettercap,21.0,46.45585262478285,57.627350307336556,4
discern-proc-so,64.0,2.389179402039067,4.466571330619774,14
jbd2/vda2-8,64.0,1.0087100989813724,1.0391212907828857,14
kswapd0,64.0,0.8884057319600184,0.9029062364951128,14
systemd,33.0,0.6974733247207459,1.685097119648496,7
discern-network,10.0,0.40497029519832733,0.40502551032703205,3
