Name,Duration,AvgCpuPercent,MaxCpuUsage,DataPoints
discern-file-so,73.0,80.95308808219119,90.3268076381603,15
discern-proc-so,72.0,2.6078416794436357,4.468788382667806,15
python3,16.0,3.7279535780222113,5.798115955827877,3
kswapd0,72.0,0.6469621165697057,0.6546966149751938,15
systemd,61.0,0.4494267362402911,1.5829220807671578,13
jbd2/vda2-8,67.0,0.31427259092454163,0.32184535257186675,14
