Name,Duration,AvgCpuPercent,MaxCpuUsage,DataPoints
discern-file-so,39.0,34.30392540172991,34.585590070653694,10
server.py,16.0,82.58743347921761,87.01156189257361,3
discern-proc-so,39.0,2.9943709008641823,5.393146654789635,10
kswapd0,43.0,0.8021328320964197,0.808400907494042,10
jbd2/vda2-8,30.0,0.3887544033329044,0.3916189380541862,7
python3,10.0,0.7591948068522827,0.9915056894549729,2
discern-network,20.0,0.363871998877147,0.3653999726895693,5
systemd,4.0,0.543298518822199,0.543298518822199,1
