Name,TimeWeightedAvgVmSizeMiB,MaxVmPeakMiB,MaxVmHwmMiB,DataPoints,PeakDuration
discern-file-so,1511.7414265422078,1591.1171875,279.125,33,154.0
discern-logs-so,1205.4296875,1205.4296875,17.94921875,33,166.0
discern-network,1841.96484375,1841.96484375,36.0390625,33,154.0
discern-proc-so,1205.92578125,1205.92578125,16.24609375,33,166.0
systemd-journal,70.43018196202532,81.265625,27.55078125,33,158.0
