Name,Duration,AvgCpuPercent,MaxCpuUsage,DataPoints
discern-file-so,139.0,38.26069053758495,68.6408398455915,33
discern-proc-so,151.0,2.3163038283742208,6.559143602179737,33
jbd2/vda2-8,163.0,0.6375387109435486,0.7417064639427086,33
kswapd0,157.0,0.5982866405622103,0.6282653116902492,32
systemd,107.0,0.6733459390506406,2.1870754842060185,20
discern-network,70.0,0.5554931481444598,0.5648614994777843,14
