Name,TimeWeightedAvgVmSizeMiB,MaxVmPeakMiB,MaxVmHwmMiB,DataPoints,PeakDuration
apt-get,57.00390625,57.00390625,49.328125,1,6.0
dbus-daemon,33.668052294075146,41.26171875,34.0625,335,1730.0
discern-file-so,1464.1058407738096,1590.7421875,271.50390625,36,189.0
discern-interfa,1507.51953125,1571.26953125,22.5546875,182,950.0
discern-logs-so,1279.0571202996475,1333.5625,132.45703125,335,1702.0
discern-network,1841.96484375,1841.96484375,47.2890625,335,1702.0
discern-os-sorc,1205.66015625,1205.66015625,11.5703125,5,26.0
discern-proc-so,1205.9302908328636,1206.17578125,18.71484375,169,887.0
systemd-journal,112.76922083772855,151.5,68.88671875,277,1422.0
