Name,Duration,AvgCpuPercent,MaxCpuUsage,DataPoints
discern-file-so,164.0,57.31773138550251,85.4388561500878,33
discern-proc-so,164.0,1.959444926852775,4.181758581113924,33
jbd2/vda2-8,164.0,0.6286720195627387,0.7364440901476079,33
systemd,151.0,0.682507404841302,2.2024417793655755,28
kswapd0,140.0,0.5175386298753067,0.5480254971883752,27
discern-network,53.0,0.5332548200931754,0.5418747970056511,11
