Name,Duration,AvgCpuPercent,MaxCpuUsage,DataPoints
discern-file-so,146.0,61.21530125961133,90.09693412539526,32
discern-proc-so,145.0,1.8770584886621828,2.341703826282107,31
systemd,181.0,0.9193666247967834,2.402354888199376,36
jbd2/vda2-8,158.0,1.0402468841116697,1.385441818012067,32
kswapd0,113.0,0.3899244353284231,0.4651708676128825,22
discern-network,39.0,0.45247505006154437,0.4640569193782019,7
