Name,Duration,AvgCpuPercent,MaxCpuUsage,DataPoints
discern-file-so,135.0,40.58739109000901,73.14387846432471,32
discern-proc-so,142.0,2.063219860970754,2.4082806414800415,31
jbd2/vda2-8,164.0,1.0761280682816656,1.4392220589089375,32
systemd,179.0,0.9082786086893999,2.9819656295003547,35
kswapd0,149.0,0.5047372824793689,0.5732037216114177,29
discern-network,5.0,0.5059402734017526,0.5059402734017526,1
