Name,TimeWeightedAvgVmSizeMiB,MaxVmPeakMiB,MaxVmHwmMiB,DataPoints,PeakDuration
discern-file-so,1500.3545822251774,1527.05078125,274.94921875,32,141.0
discern-logs-so,1205.4296875,1205.4296875,14.56640625,29,149.0
discern-network,1841.7727296560402,1841.96484375,36.0390625,32,149.0
discern-proc-so,1205.92578125,1205.92578125,16.22265625,32,161.0
systemd-journal,48.193197651273884,65.265625,19.78515625,32,157.0
systemd-resolve,23.53515625,23.59765625,11.69921875,3,16.0
