Name,TimeWeightedAvgVmSizeMiB,MaxVmPeakMiB,MaxVmHwmMiB,DataPoints,PeakDuration
discern-file-so,1464.4608857615895,1526.73828125,251.38671875,32,151.0
discern-logs-so,1205.4296875,1205.4296875,14.453125,25,120.0
discern-network,1825.2112220612582,1863.5625,37.3671875,32,151.0
discern-proc-so,1205.92578125,1205.92578125,16.25390625,31,147.0
systemd,161.09765625,223.92578125,10.14453125,1,4.0
systemd-journal,44.77215101047904,49.27734375,11.1171875,32,167.0
systemd-resolve,23.53515625,23.59765625,11.8359375,7,35.0
