Name,TimeWeightedAvgVmSizeMiB,MaxVmPeakMiB,MaxVmHwmMiB,DataPoints,PeakDuration
dbus-daemon,14.873003472222223,15.4296875,10.4921875,26,135.0
discern-file-so,1520.142822265625,1527.05078125,287.08984375,33,144.0
discern-logs-so,1205.4296875,1205.4296875,14.66796875,33,164.0
discern-network,1833.2191840277778,1863.1875,35.96875,33,144.0
discern-proc-so,1205.92578125,1205.92578125,18.8203125,33,152.0
systemd-resolve,23.53515625,23.59765625,11.81640625,7,37.0
