Name,TimeWeightedAvgVmSizeMiB,MaxVmPeakMiB,MaxVmHwmMiB,DataPoints,PeakDuration
dbus-daemon,14.94140625,15.43359375,10.68359375,6,33.0
discern-file-so,1513.7374904141104,1527.05078125,276.3515625,34,163.0
discern-logs-so,1205.4296875,1205.4296875,14.12890625,27,137.0
discern-network,1829.9577262269938,1863.1875,37.57421875,34,163.0
discern-proc-so,1205.92578125,1205.92578125,16.70703125,34,167.0
systemd-journal,53.01528666338583,65.36328125,20.7421875,25,127.0
systemd-resolve,23.53515625,23.59765625,11.69140625,10,49.0
