Name,Duration,AvgCpuPercent,MaxCpuUsage,DataPoints
discern-file-so,164.0,43.51627370488514,82.6889064629938,33
discern-proc-so,163.0,2.3840768874645044,2.5485370237877873,32
jbd2/vda2-8,173.0,1.3468219262389536,1.8115867883151504,33
systemd,183.0,1.091017858263617,1.7847353105910162,35
kswapd0,113.0,0.4885603659205268,0.5724571803900368,22
discern-network,55.0,0.5536807149313847,0.5647511544511822,10
