Name,Duration,AvgCpuPercent,MaxCpuUsage,DataPoints
discern-file-so,149.0,59.86922564543138,84.78697385102177,34
discern-proc-so,144.0,2.260857693378516,3.1020230417485695,33
systemd,189.0,1.1539217614705608,3.171253153379178,39
jbd2/vda2-8,157.0,1.2584378165393209,1.6622678746632025,34
kswapd0,88.0,0.3792248157924856,0.43241517385601463,17
discern-network,62.0,0.4883411928126514,0.5085644301105147,13
