Name,Duration,AvgCpuPercent,MaxCpuUsage,DataPoints
discern-file-so,47.0,56.53185327492429,92.78456333556815,9
discern-proc-so,47.0,2.865270963826871,6.88086108306625,9
kswapd0,43.0,0.7669532733639978,0.773610396522482,9
systemd,47.0,0.30250982754582834,0.4520134271619129,10
jbd2/vda2-8,37.0,0.20610176736464209,0.20858670804212895,8
