Name,Duration,AvgCpuPercent,MaxCpuUsage,DataPoints
discern-file-so,57.0,73.88351300603351,85.29223691498747,12
discern-proc-so,52.0,2.060557993614545,2.4822035640724844,11
python3,10.0,8.329740489147957,11.106434211409459,2
jbd2/vda2-8,57.0,0.8505510907257678,0.8958537543060203,12
systemd,62.0,0.6442576698844485,1.3325205603447414,13
kswapd0,42.0,0.531493336406477,0.5432316437883107,9
discern-network,5.0,0.3749048116383957,0.3749048116383957,1
