Name,TimeWeightedAvgVmSizeMiB,MaxVmPeakMiB,MaxVmHwmMiB,DataPoints,PeakDuration
dbus-daemon,26.86908421705776,28.9453125,23.0859375,108,554.0
discern-file-so,1500.6615287162163,1527.36328125,291.3671875,14,74.0
discern-interfa,1435.4436328895463,1499.265625,24.7421875,99,507.0
discern-logs-so,1205.4296875,1205.4296875,30.51953125,108,550.0
discern-network,1873.5,1873.5,96.66796875,108,550.0
discern-proc-so,1205.9407066231342,1206.17578125,18.8359375,13,67.0
python3,661.0724139636076,1160.89453125,47.21875,62,316.0
systemd-journal,133.125,133.125,24.00390625,28,140.0
