Name,TimeWeightedAvgVmSizeMiB,MaxVmPeakMiB,MaxVmHwmMiB,DataPoints,PeakDuration
discern-file-so,1466.728283898305,1590.7421875,279.33984375,13,59.0
discern-logs-so,1205.4296875,1205.4296875,16.11328125,13,59.0
discern-network,1898.2734375,1898.2734375,92.4375,13,59.0
discern-proc-so,1205.92578125,1205.92578125,16.0859375,11,49.0
python3,801.333984375,1016.5859375,46.90625,2,10.0
systemd-journal,57.27734375,57.27734375,19.5390625,13,59.0
