Name,Duration,AvgCpuPercent,MaxCpuUsage,DataPoints
discern-file-so,54.0,78.62651121578884,88.69690675656682,13
discern-proc-so,54.0,2.419289731408782,5.227562639342512,13
python3,11.0,6.827148591370885,8.204795388625316,2
jbd2/vda2-8,54.0,0.8849109257142793,0.928459223382893,13
systemd,59.0,0.5786247123491851,0.7132116226763324,14
kswapd0,42.0,0.4970671021810066,0.508763874708249,10
