IP_A,IP_B,TotalPackets,TotalBytes,TotalActiveSeconds,AvgRateMbps,PeakRateMbps
172.30.0.15,172.30.0.15,117,29252,6,0.039002666666666665,0.079792
192.168.254.2,192.168.254.2,98,28742,6,0.038322666666666665,0.077056
172.30.0.1,172.30.0.1,21,2361,5,0.0037776,0.006296
fe80::3c37:8dff:fe17:3727,fe80::3c37:8dff:fe17:3727,2,142,1,0.001136,0.001136
fe80::74f1:67ff:fe3b:e655,fe80::74f1:67ff:fe3b:e655,2,142,1,0.001136,0.001136
fe80::8012:48ff:fe17:57b2,fe80::8012:48ff:fe17:57b2,2,142,1,0.001136,0.001136
fe80::9c29:2aff:feeb:af5b,fe80::9c29:2aff:feeb:af5b,2,142,1,0.001136,0.001136
fe80::cc91:9eff:fe94:f0ad,fe80::cc91:9eff:fe94:f0ad,2,142,1,0.001136,0.001136
fe80::f00a:a3ff:feb4:271a,fe80::f00a:a3ff:feb4:271a,2,142,1,0.001136,0.001136
