Name,TimeWeightedAvgVmSizeMiB,MaxVmPeakMiB,MaxVmHwmMiB,DataPoints,PeakDuration
dbus-daemon,26.139322916666668,26.640625,21.01171875,15,72.0
discern-file-so,1527.36328125,1527.36328125,299.8359375,15,72.0
discern-logs-so,1205.4296875,1205.4296875,19.12109375,6,22.0
discern-network,1897.8984375,1897.8984375,96.76171875,15,72.0
discern-proc-so,1205.92578125,1205.92578125,15.75,2,11.0
python3,176.609375,232.35546875,17.14453125,1,5.0
server.py,171.75390625,235.75390625,20.30078125,7,39.0
systemd-journal,65.28125,65.28125,22.96484375,14,67.0
