Name,Duration,AvgCpuPercent,MaxCpuUsage,DataPoints
discern-file-so,45.0,60.21601463018448,68.58477010281528,11
server.py,17.0,39.29692015501747,41.18991657573518,3
discern-proc-so,49.0,2.480516262949428,4.89970693113449,11
discern-network,53.0,1.5382397076159466,1.7019877008695445,11
jbd2/vda2-8,45.0,1.7938361517362378,1.9554886963896374,11
systemd,36.0,0.8800985049977064,0.9462863257106172,8
