Name,TimeWeightedAvgVmSizeMiB,MaxVmPeakMiB,MaxVmHwmMiB,DataPoints,PeakDuration
discern-file-so,1422.72265625,1526.92578125,250.78125,11,47.0
discern-logs-so,1205.4296875,1205.4296875,21.07421875,10,43.0
discern-network,1889.953125,1889.953125,100.05078125,11,47.0
discern-proc-so,1205.8841145833333,1205.92578125,16.33203125,8,36.0
python3,118.0788043478261,232.35546875,17.15234375,4,23.0
server.py,174.2890625,238.2890625,24.91015625,3,13.0
systemd-journal,59.068359375,75.421875,15.05859375,8,36.0
