Name,TimeWeightedAvgVmSizeMiB,MaxVmPeakMiB,MaxVmHwmMiB,DataPoints,PeakDuration
discern-ansible,1205.34375,1205.34375,10.921875,7,29.0
discern-file-so,1424.3749202806123,1526.86328125,280.94921875,11,49.0
discern-jupyter,1205.33203125,1205.33203125,9.37890625,2,12.0
discern-logs-so,1205.4296875,1205.4296875,14.66796875,9,41.0
discern-network,1897.9609375,1897.9609375,104.45703125,12,55.0
discern-proc-so,1205.92578125,1205.92578125,16.44921875,9,37.0
python3,90.59430803571429,232.35546875,16.87109375,7,42.0
server.py,174.2890625,238.2890625,22.77734375,3,18.0
