Name,Duration,AvgCpuPercent,MaxCpuUsage,DataPoints
discern-file-so,40.0,68.04967734280022,85.64681388138925,12
server.py,8.0,38.86861219901094,40.4461773373923,3
discern-proc-so,40.0,2.429753494004963,6.9523937744711155,12
jbd2/vda2-8,48.0,1.5505232473075614,1.7134566867318852,12
systemd,56.0,0.8878578397057988,1.2969798375755575,12
discern-network,35.0,0.7485484909736049,0.8421641421827258,8
python3,5.0,1.0687635977656984,1.0687635977656984,1
