IP_A,IP_B,TotalPackets,TotalBytes,TotalActiveSeconds,AvgRateMbps,PeakRateMbps
192.168.254.2,192.168.254.2,107,29740,5,0.047584,0.078048
172.30.0.12,172.30.0.12,112,29007,5,0.0464112,0.078064
172.30.0.1,172.30.0.1,13,1442,2,0.005768,0.006168
fe80::2c4b:3dff:feea:b48d,fe80::2c4b:3dff:feea:b48d,2,142,1,0.001136,0.001136
