Name,Duration,AvgCpuPercent,MaxCpuUsage,DataPoints
discern-file-so,68.0,71.04109438726377,85.34704943494097,15
discern-proc-so,67.0,1.8782580198989607,2.399226305000141,14
jbd2/vda2-8,72.0,1.4495806819659378,1.6372058874932676,15
systemd,77.0,0.9212136512191503,1.1313220212644295,16
discern-network,52.0,0.5166308142360967,0.5915801741914156,10
kswapd0,20.0,0.427960179476761,0.4449204512513905,4
sshd,0.0,,1.0471402202149076,1
