Name,TimeWeightedAvgVmSizeMiB,MaxVmPeakMiB,MaxVmHwmMiB,DataPoints,PeakDuration
discern-file-so,1449.2635380993152,1526.67578125,257.734375,15,73.0
discern-logs-so,1205.4296875,1205.4296875,16.640625,15,73.0
discern-network,1906.0445538949275,1906.21484375,95.20703125,15,69.0
discern-proc-so,1205.92578125,1205.92578125,17.78515625,15,73.0
systemd-journal,49.903949058219176,57.25,16.71484375,15,73.0
