Name,Duration,AvgCpuPercent,MaxCpuUsage,DataPoints
discern-file-so,60.0,53.132485910042085,73.77025020282478,14
ettercap,21.0,44.33607812417459,55.85189325793849,4
discern-proc-so,64.0,2.453550796462777,2.796816294793197,14
kswapd0,64.0,0.9447052086623959,0.9509038962742613,14
jbd2/vda2-8,59.0,0.5892734823439102,0.5987268783749397,13
discern-network,33.0,0.3549716886012415,0.3552750637207724,8
systemd,10.0,1.0055104298432853,1.2789331915543238,2
sshd,5.0,0.742781004451061,0.742781004451061,1
