Name,Duration,AvgCpuPercent,MaxCpuUsage,DataPoints
discern-file-so,146.0,59.93478528486703,84.75801777252445,31
discern-proc-so,150.0,2.6275589369849053,6.565456079673306,31
jbd2/vda2-8,154.0,0.6563402793846875,0.7668927097548667,31
discern-network,142.0,0.6032464702342866,0.6882282063457307,28
systemd,130.0,0.5858845832084184,0.8343937775965156,24
kswapd0,42.0,0.5558379892464715,0.5797547641934241,9
sshd,6.0,0.5760954133832409,0.5760954133832409,1
