Name,Duration,AvgCpuPercent,MaxCpuUsage,DataPoints
discern-file-so,161.0,36.38848655348964,68.03633233691865,32
discern-proc-so,161.0,2.4029582835479157,2.9797423911987515,32
jbd2/vda2-8,165.0,0.7521462779150945,0.8568631245676012,32
kswapd0,163.0,0.6102604016323221,0.6391753961794941,31
discern-network,119.0,0.6167368538882979,0.6340908187643618,23
systemd,52.0,0.7479042303915099,1.524636193750865,10
