Name,TimeWeightedAvgVmSizeMiB,MaxVmPeakMiB,MaxVmHwmMiB,DataPoints,PeakDuration
discern-file-so,1569.1569840604027,1590.7421875,283.421875,32,149.0
discern-logs-so,1205.4296875,1205.4296875,14.64453125,32,167.0
discern-network,1841.5713271103896,1841.5859375,32.72265625,32,154.0
discern-proc-so,1205.9165787960123,1205.92578125,16.2421875,32,163.0
systemd-journal,49.2734375,49.2734375,12.06640625,32,167.0
