Name,TimeWeightedAvgVmSizeMiB,MaxVmPeakMiB,MaxVmHwmMiB,DataPoints,PeakDuration
discern-file-so,1507.771805436644,1526.98828125,276.8984375,31,146.0
discern-logs-so,1205.4296875,1205.4296875,24.47265625,31,158.0
discern-network,1833.33203125,1833.33203125,33.234375,31,150.0
discern-proc-so,1205.92578125,1205.92578125,16.7421875,31,162.0
systemd-journal,87.82489390432099,109.37890625,20.42578125,31,162.0
