IP_A,IP_B,TotalPackets,TotalBytes,TotalActiveSeconds,AvgRateMbps,PeakRateMbps
172.30.0.14,172.30.0.14,119,29605,6,0.03947333333333333,0.078192
192.168.254.2,192.168.254.2,105,29432,5,0.0470912,0.076512
172.30.0.1,172.30.0.1,22,2495,4,0.00499,0.006416
fe80::1cd9:96ff:fee1:4f92,fe80::1cd9:96ff:fee1:4f92,2,142,1,0.001136,0.001136
fe80::744d:bfff:fec7:cc8f,fe80::744d:bfff:fec7:cc8f,2,142,1,0.001136,0.001136
fe80::ec9a:cdff:fe98:591,fe80::ec9a:cdff:fe98:591,2,142,1,0.001136,0.001136
