Name,TimeWeightedAvgVmSizeMiB,MaxVmPeakMiB,MaxVmHwmMiB,DataPoints,PeakDuration
discern-ansible,1205.34375,1205.34375,10.6953125,9,46.0
discern-file-so,1515.2645526960785,1526.67578125,289.69921875,23,102.0
discern-jupyter,1205.33203125,1205.33203125,10.6953125,7,31.0
discern-logs-so,1205.4296875,1205.4296875,17.7265625,23,106.0
discern-network,1833.8865655637255,1833.89453125,71.94140625,23,102.0
discern-proc-so,1205.92578125,1205.92578125,15.99609375,23,110.0
systemd-journal,60.20241477272727,63.35546875,15.58203125,7,33.0
