Name,Duration,AvgCpuPercent,MaxCpuUsage,DataPoints
discern-file-so,117.0,75.39466806570168,92.37573621666955,24
discern-proc-so,117.0,1.9512788485804564,2.8987117018613735,24
jbd2/vda2-8,121.0,1.242129125640662,1.4808238331021948,24
systemd,137.0,0.8134418053921113,2.1741832850076164,27
kswapd0,101.0,0.42976031056792935,0.47087198177106215,20
discern-network,4.0,0.41573054686349,0.41573054686349,1
