Name,TimeWeightedAvgVmSizeMiB,MaxVmPeakMiB,MaxVmHwmMiB,DataPoints,PeakDuration
discern-ansible,1205.34375,1205.34375,11.32421875,2,10.0
discern-file-so,1554.0965401785713,1591.1796875,293.68359375,24,112.0
discern-logs-so,1205.4296875,1205.4296875,15.19140625,24,116.0
discern-network,1898.2109375,1898.2109375,121.7265625,24,112.0
discern-proc-so,1205.92578125,1205.92578125,16.65625,24,112.0
systemd-journal,53.85479403409091,55.3828125,15.85546875,22,110.0
