Name,Duration,AvgCpuPercent,MaxCpuUsage,DataPoints
discern-file-so,112.0,75.60845703342702,93.7691170120503,23
discern-proc-so,107.0,1.9552225138131665,2.346956564243534,22
jbd2/vda2-8,112.0,1.1658187767958912,1.360625780204533,23
systemd,117.0,0.7843170519221848,1.951933003694206,24
kswapd0,67.0,0.47076267201749583,0.5039537603993762,14
discern-network,45.0,0.5532974913785119,0.6046333097833774,9
