Name,TimeWeightedAvgVmSizeMiB,MaxVmPeakMiB,MaxVmHwmMiB,DataPoints,PeakDuration
dbus-daemon,25.570422535211268,25.85546875,19.58203125,15,71.0
discern-file-so,1447.952237215909,1463.046875,271.45703125,14,66.0
discern-logs-so,1205.4296875,1205.4296875,17.3515625,13,60.0
discern-network,1833.83203125,1833.83203125,71.5078125,15,71.0
discern-proc-so,1205.92578125,1205.92578125,15.86328125,6,33.0
systemd-journal,65.265625,65.265625,18.75390625,12,54.0
