Name,Duration,AvgCpuPercent,MaxCpuUsage,DataPoints
discern-file-so,59.0,78.76615538878318,86.82848378266613,14
discern-proc-so,54.0,1.8520920210516365,2.219553354465221,13
jbd2/vda2-8,59.0,0.8920240274628716,0.9440820931699642,14
systemd,69.0,0.6448098772508455,1.812017983680522,16
kswapd0,58.0,0.4918540955971776,0.5062392034262448,13
