Name,Duration,AvgCpuPercent,MaxCpuUsage,DataPoints
discern-file-so,62.0,74.76880415845291,84.43419400092752,13
discern-proc-so,62.0,2.1849069657656086,3.5717806724647194,13
jbd2/vda2-8,62.0,0.9407758734943595,0.9966130100703932,13
systemd,72.0,0.6614347953085369,1.2088761640470567,15
kswapd0,52.0,0.5107188182793719,0.5238623963188984,11
