Name,Duration,AvgCpuPercent,MaxCpuUsage,DataPoints
discern-file-so,68.0,74.44819328034157,86.40632712942431,15
discern-proc-so,68.0,2.14171258343113,3.7101143470746583,15
jbd2/vda2-8,72.0,1.0914344143494663,1.187807274956448,15
python3,21.0,3.577006601077553,6.903038264547218,4
systemd,83.0,0.7285645262011402,1.4854960422382024,17
kswapd0,40.0,0.5215388439928554,0.539522448209646,9
