Name,TimeWeightedAvgVmSizeMiB,MaxVmPeakMiB,MaxVmHwmMiB,DataPoints,PeakDuration
discern-file-so,1508.9391983695652,1591.4296875,304.55078125,15,69.0
discern-logs-so,1205.4296875,1205.4296875,13.87109375,12,53.0
discern-network,1833.83203125,1863.1875,66.41796875,15,69.0
discern-proc-so,1205.92578125,1205.92578125,16.37109375,15,69.0
python3,659.70068359375,1160.9453125,45.11328125,3,16.0
systemd-journal,49.27734375,49.27734375,13.15234375,15,69.0
