Name,Duration,AvgCpuPercent,MaxCpuUsage,DataPoints
discern-file-so,69.0,73.29386266565366,82.56785726880527,15
discern-proc-so,69.0,2.183257354358294,4.223233183347938,15
python3,21.0,3.420311212895619,6.331035616907925,4
jbd2/vda2-8,69.0,0.761779952883207,0.8124288422401612,15
systemd,79.0,0.6500876508425252,2.5333312332580373,17
kswapd0,38.0,0.4928185687410432,0.5044437345222805,9
