Name,TimeWeightedAvgVmSizeMiB,MaxVmPeakMiB,MaxVmHwmMiB,DataPoints,PeakDuration
discern-file-so,1458.8921440972222,1591.0546875,288.16796875,15,72.0
discern-logs-so,1205.4296875,1205.4296875,15.58984375,15,72.0
discern-network,1905.96484375,1905.96484375,99.80078125,15,72.0
discern-proc-so,1205.908420138889,1205.92578125,16.3828125,15,72.0
python3,656.3515625,976.5078125,44.62109375,3,16.0
systemd-journal,59.108816964285715,63.39453125,14.109375,12,56.0
