Name,Duration,AvgCpuPercent,MaxCpuUsage,DataPoints
discern-file-so,181.0,30.18766931951709,30.775581474689815,41
discern-proc-so,190.0,2.1600608844596194,2.514124514152941,40
kswapd0,207.0,0.6226334068328765,0.6431873620891616,41
systemd,216.0,0.36770334020663425,1.737541519542836,42
jbd2/vda2-8,211.0,0.3384294328578735,0.3743448523427048,41
