Name,Duration,AvgCpuPercent,MaxCpuUsage,DataPoints
discern-file-so,132.0,45.09960684223638,87.89616000535297,32
discern-proc-so,140.0,2.7757371237658424,2.993974066818382,31
kswapd0,159.0,0.7232965638612581,0.7256793732488864,32
discern-network,163.0,0.5988453194429827,0.6026093026591993,32
systemd,104.0,0.436415902441572,2.8909471231056263,19
systemd-journal,69.0,0.18125862324441733,0.18163487722394395,14
