Name,Duration,AvgCpuPercent,MaxCpuUsage,DataPoints
discern-file-so,88.0,47.46665410414296,72.45894849592703,18
discern-proc-so,88.0,2.2542273543482807,3.444583426018103,18
python3,32.0,3.6086056511398845,8.034401865706712,6
kswapd0,88.0,0.8076183702509717,0.8143628526038783,18
discern-network,82.0,0.32490457808537226,0.32819804183038065,16
systemd,21.0,0.7342418120517125,1.762538560223764,5
jbd2/vda2-8,41.0,0.29661444039257046,0.30380648892632156,8
sshd,0.0,,1.1754963327259202,1
