Name,Duration,AvgCpuPercent,MaxCpuUsage,DataPoints
discern-file-so,230.0,30.138024611471582,30.51708390766472,46
discern-proc-so,225.0,2.086979798876474,2.397287417218335,45
kswapd0,234.0,0.6717089470253645,0.6813917717118871,46
systemd,254.0,0.3395541372643539,1.6826822413289428,50
jbd2/vda2-8,227.0,0.2724845678010467,0.29406274638046837,43
