Name,Duration,AvgCpuPercent,MaxCpuUsage,DataPoints
discern-file-so,66.0,80.58660630069409,92.32986669819486,13
discern-proc-so,66.0,3.1754783737624734,7.533092658125537,13
kswapd0,66.0,0.5438833187943055,0.5484230736747088,13
systemd,66.0,0.4429128544724989,2.1506820099231843,13
jbd2/vda2-8,66.0,0.23908454194043335,0.2410284587095259,13
